book,picks,wins,losses,pushes,decisions,units_risked,units_profit,win_rate,roi
BetMGM,18,11,7,0,18,18.0,2.2799496501109404,0.6111111111111112,0.1266638694506078
DraftKings,13,7,5,1,12,12.0,0.6940378369947922,0.5833333333333334,0.05783648641623268
FanDuel,6,2,4,0,6,6.0,-2.190649350649351,0.3333333333333333,-0.36510822510822516
