{
  "books": 3,
  "picks": 46,
  "wins": 26,
  "losses": 19,
  "pushes": 1,
  "decisions": 45,
  "units_risked": 45.0,
  "units_profit": 1.7612646776268883,
  "win_rate": 0.5777777777777777,
  "roi": 0.039139215058375296,
  "skipped_rows": 3
}