pick_key,game_date,player_name,prop_type,participant_join_key,participant_id,participant_source_id,participant_source_id_type,participant_name_norm,sport,market_key,market_family,team,opponent,book,bookmaker_key,event_id,odds,price,pick_side,line,market_selection_key,market_offer_key,predicted_value,predicted_strikeouts,edge,confidence_tier,pick_type,result,actual_value,actual_strikeouts,record_source,model_version,policy_version,tracking_regime
legacy-0001,,Tyler Bibee,,,,,,,,,,,,DraftKings,,,108,108,under,5.5,,,,,,,official,W,,,manual_seed,manual_unversioned,manual_unversioned,manual_backfill
legacy-0002,,Kyle Leahy,,,,,,,,,,,,DraftKings,,,120,120,under,3.5,,,,,,,official,L,,,manual_seed,manual_unversioned,manual_unversioned,manual_backfill
legacy-0003,,Grant Holmes,,,,,,,,,,,,DraftKings,,,-163,-163,over,4.5,,,,,,,official,L,,,manual_seed,manual_unversioned,manual_unversioned,manual_backfill
legacy-0004,,Reid Detmers,,,,,,,,,,,,BetMGM,,,100,100,under,5.5,,,,,,,official,W,,,manual_seed,manual_unversioned,manual_unversioned,manual_backfill
legacy-0005,,Emerson Hancock,,,,,,,,,,,,DraftKings,,,-135,-135,under,5.5,,,,,,,official,W,,,manual_seed,manual_unversioned,manual_unversioned,manual_backfill
legacy-0006,,Justin Wrobleski,,,,,,,,,,,,DraftKings,,,-137,-137,under,4.5,,,,,,,official,W,,,manual_seed,manual_unversioned,manual_unversioned,manual_backfill
legacy-0007,,Steven Matz,,,,,,,,,,,,BetMGM,,,-155,-155,under,5.5,,,,,,,official,W,,,manual_seed,manual_unversioned,manual_unversioned,manual_backfill
legacy-0008,,Yoshinobu Yamamoto,,,,,,,,,,,,DraftKings,,,-104,-104,over,5.5,,,,,,,official,W,,,manual_seed,manual_unversioned,manual_unversioned,manual_backfill
legacy-0009,,Chris Paddack,,,,,,,,,,,,BetMGM,,,-135,-135,under,4.5,,,,,,,official,L,,,manual_seed,manual_unversioned,manual_unversioned,manual_backfill
legacy-0010,,Eric Lauer,,,,,,,,,,,,DraftKings,,,100,100,under,4.5,,,,,,,official,W,,,manual_seed,manual_unversioned,manual_unversioned,manual_backfill
legacy-0011,,Anthony Kay,,,,,,,,,,,,DraftKings,,,-142,-142,under,3.5,,,,,,,official,W,,,manual_seed,manual_unversioned,manual_unversioned,manual_backfill
legacy-0012,,Nick Martinez,,,,,,,,,,,,BetMGM,,,-140,-140,under,4.5,,,,,,,official,L,,,manual_seed,manual_unversioned,manual_unversioned,manual_backfill
legacy-0013,,Michael Soroka,,,,,,,,,,,,DraftKings,,,103,103,under,5.5,,,,,,,official,L,,,manual_seed,manual_unversioned,manual_unversioned,manual_backfill
legacy-0014,,Payton Tolle,,,,,,,,,,,,FanDuel,,,-110,-110,under,4.5,,,,,,,official,L,,,manual_seed,manual_unversioned,manual_unversioned,manual_backfill
legacy-0015,,Lance McCullers Jr,,,,,,,,,,,,BetMGM,,,-120,-120,under,5.5,,,,,,,official,W,,,manual_seed,manual_unversioned,manual_unversioned,manual_backfill
legacy-0016,,Freddy Peralta,,,,,,,,,,,,BetMGM,,,-150,-150,under,7.5,,,,,,,official,L,,,manual_seed,manual_unversioned,manual_unversioned,manual_backfill
legacy-0017,,Sandy Alcantara,,,,,,,,,,,,FanDuel,,,136,136,over,4.5,,,,,,,official,L,,,manual_seed,manual_unversioned,manual_unversioned,manual_backfill
legacy-0018,,Bryan Woo,,,,,,,,,,,,BetMGM,,,-185,-185,over,4.5,,,,,,,official,L,,,manual_seed,manual_unversioned,manual_unversioned,manual_backfill
legacy-0019,,Jacob Misiorowski,,,,,,,,,,,,BetMGM,,,-115,-115,under,7.5,,,,,,,official,L,,,manual_seed,manual_unversioned,manual_unversioned,manual_backfill
legacy-0020,,Zac Gallen,,,,,,,,,,,,DraftKings,,,119,119,over,3.5,,,,,,,official,Push,,,manual_seed,manual_unversioned,manual_unversioned,manual_backfill
legacy-0021,,Reid Detmers,,,,,,,,,,,,BetMGM,,,-120,-120,under,5.5,,,,,,,official,W,,,manual_seed,manual_unversioned,manual_unversioned,manual_backfill
legacy-0022,,Carmen Mlodzinski,,,,,,,,,,,,BetMGM,,,100,100,under,4.5,,,,,,,official,W,,,manual_seed,manual_unversioned,manual_unversioned,manual_backfill
legacy-0023,,Emerson Hancock,,,,,,,,,,,,FanDuel,,,-154,-154,under,4.5,,,,,,,official,W,,,manual_seed,manual_unversioned,manual_unversioned,manual_backfill
legacy-0024,,Luis Castillo,,,,,,,,,,,,BetMGM,,,-150,-150,over,4.5,,,,,,,official,L,,,manual_seed,manual_unversioned,manual_unversioned,manual_backfill
legacy-0025,,Max Fried,,,,,,,,,,,,FanDuel,,,-125,-125,over,5.5,,,,,,,official,L,,,manual_seed,manual_unversioned,manual_unversioned,manual_backfill
legacy-0026,,Matthew Boyd,,,,,,,,,,,,DraftKings,,,-152,-152,under,5.5,,,,,,,official,W,,,manual_seed,manual_unversioned,manual_unversioned,manual_backfill
legacy-0027,,Shohei Ohtani,,,,,,,,,,,,BetMGM,,,-105,-105,under,6.5,,,,,,,official,L,,,manual_seed,manual_unversioned,manual_unversioned,manual_backfill
legacy-0028,,Chad Patrick,,,,,,,,,,,,BetMGM,,,-150,-150,over,3.5,,,,,,,official,W,,,manual_seed,manual_unversioned,manual_unversioned,manual_backfill
legacy-0029,,Martín Pérez,,,,,,,,,,,,BetMGM,,,-120,-120,over,3.5,,,,,,,official,W,,,manual_seed,manual_unversioned,manual_unversioned,manual_backfill
legacy-0030,,George Kirby,,,,,,,,,,,,FanDuel,,,126,126,over,5.5,,,,,,,official,L,,,manual_seed,manual_unversioned,manual_unversioned,manual_backfill
legacy-0031,,Yusei Kikuchi,,,,,,,,,,,,BetMGM,,,115,115,under,5.5,,,,,,,official,W,,,manual_seed,manual_unversioned,manual_unversioned,manual_backfill
2026-04-30|peter lambert,2026-04-30,Peter Lambert,,,,,,,,,,HOU,BAL,BetMGM,,,-160,-160,under,5.5,,,3.1216189861297607,3.1216189861297607,2.3783810138702393,high,official,W,,,run_daily_card,workflow_unversioned,workflow_unversioned,legacy_workflow
2026-04-30|kevin gausman,2026-04-30,Kevin Gausman,,,,,,,,,,TOR,MIN,BetMGM,,,-110,-110,over,5.5,,,6.670597553253174,6.670597553253174,1.1705975532531738,high,official,L,,,run_daily_card,workflow_unversioned,workflow_unversioned,legacy_workflow
2026-04-30|bryce elder,2026-04-30,Bryce Elder,,,,,,,,,,ATL,DET,DraftKings,,,-128,-128,over,4.5,,,5.65626859664917,5.65626859664917,1.15626859664917,high,official,W,,,run_daily_card,workflow_unversioned,workflow_unversioned,legacy_workflow
2026-05-01|jt ginn,2026-05-01,JT Ginn,,,,,,,,,,ATH,CLE,BetMGM,,,-105,-105,over,3.5,,,5.311550617218018,5.311550617218018,1.8115506172180176,high,official,W,,,run_daily_card,workflow_unversioned,workflow_unversioned,legacy_workflow
2026-05-01|zac gallen,2026-05-01,Zac Gallen,,,,,,,,,,AZ,CHC,FanDuel,,,116,116,over,4.5,,,5.818013668060303,5.818013668060303,1.3180136680603027,high,official,L,,,run_daily_card,workflow_unversioned,workflow_unversioned,legacy_workflow
2026-05-01|simeon woods richardson,2026-05-01,Simeon Woods Richardson,,,,,,,,,,MIN,TOR,DraftKings,,,-103,-103,over,3.5,,,4.812343120574951,4.812343120574951,1.3123431205749512,high,official,L,,,run_daily_card,workflow_unversioned,workflow_unversioned,legacy_workflow
2026-05-02|reid detmers,2026-05-02,Reid Detmers,,,,,,,,,,LAA,NYM,BetMGM,,,-125,-125,under,6.5,,,4.437117099761963,4.437117099761963,2.062882900238037,high,official,L,,,run_daily_card,workflow_unversioned,workflow_unversioned,legacy_workflow
2026-05-02|sean burke,2026-05-02,Sean Burke,,,,,,,,,,CWS,SD,FanDuel,,,-130,-130,over,3.5,,,5.375972270965576,5.375972270965576,1.8759722709655762,high,official,W,,,run_daily_card,workflow_unversioned,workflow_unversioned,legacy_workflow
2026-05-02|chris sale,2026-05-02,Chris Sale,,,,,,,,,,ATL,COL,FanDuel,,,-144,-144,under,7.5,,,5.521391868591309,5.521391868591309,1.9786081314086914,high,official,L,,,run_daily_card,workflow_unversioned,workflow_unversioned,legacy_workflow
2026-05-03|jack leiter,2026-05-03,Jack Leiter,,,,,,,,,,TEX,DET,FanDuel,,,-172,-172,over,4.5,,,5.989242076873779,5.989242076873779,1.4892420768737793,high,official,W,,,run_daily_card,workflow_unversioned,workflow_unversioned,legacy_workflow
2026-05-03|kyle freeland,2026-05-03,Kyle Freeland,,,,,,,,,,COL,ATL,FanDuel,,,-125,-125,over,3.5,,,4.571568489074707,4.571568489074707,1.071568489074707,medium,official,W,,,run_daily_card,workflow_unversioned,workflow_unversioned,legacy_workflow
2026-05-03|merrill kelly,2026-05-03,Merrill Kelly,,,,,,,,,,AZ,CHC,FanDuel,,,-144,-144,over,3.5,,,4.505809783935547,4.505809783935547,1.0058097839355469,medium,official,W,,,run_daily_card,workflow_unversioned,workflow_unversioned,legacy_workflow
2026-05-04|chad patrick,2026-05-04,Chad Patrick,,,,,,,,,,MIL,STL,DraftKings,,,-137,-137,over,3.5,,,5.568472385406494,5.568472385406494,2.068472385406494,high,official,W,,,run_daily_card,workflow_unversioned,workflow_unversioned,legacy_workflow
2026-05-04|logan gilbert,2026-05-04,Logan Gilbert,,,,,,,,,,SEA,ATL,DraftKings,,,-141,-141,under,6.5,,,5.317350387573242,5.317350387573242,1.1826496124267578,medium,official,W,,,run_daily_card,workflow_unversioned,workflow_unversioned,legacy_workflow
2026-05-04|yoshinobu yamamoto,2026-05-04,Yoshinobu Yamamoto,,,,,,,,,,LAD,HOU,FanDuel,,,-158,-158,over,5.5,,,6.6789350509643555,6.6789350509643555,1.1789350509643555,medium,official,W,,,run_daily_card,workflow_unversioned,workflow_unversioned,legacy_workflow
2026-05-05|peter lambert,2026-05-05,Peter Lambert,,,,,,,,,,HOU,LAD,BetMGM,,,115,115,under,4.5,,,2.7774240970611572,2.7774240970611572,1.7225759029388428,high,official,W,,,run_daily_card,workflow_unversioned,workflow_unversioned,legacy_workflow
2026-05-05|stephen kolek,2026-05-05,Stephen Kolek,,,,,,,,,,KC,CLE,DraftKings,,,-157,-157,over,2.5,,,4.562065601348877,4.562065601348877,2.062065601348877,high,official,W,,,run_daily_card,workflow_unversioned,workflow_unversioned,legacy_workflow
2026-05-05|shohei ohtani,2026-05-05,Shohei Ohtani,,,,,,,,,,LAD,HOU,DraftKings,,,-152,-152,under,7.5,,,5.5092058181762695,5.5092058181762695,1.9907941818237305,high,official,L,,,run_daily_card,workflow_unversioned,workflow_unversioned,legacy_workflow
2026-05-06|sonny gray,2026-05-06,Sonny Gray,,,,,,,,,,BOS,DET,DraftKings,,,108,108,over,4.5,,,6.3377814292907715,6.3377814292907715,1.8377814292907715,high,official,L,,,run_daily_card,workflow_unversioned,workflow_unversioned,legacy_workflow
2026-05-06|bryan woo,2026-05-06,Bryan Woo,,,,,,,,,,SEA,ATL,BetMGM,,,-160,-160,over,4.5,,,6.964148044586182,6.964148044586182,2.4641480445861816,high,official,W,,,run_daily_card,workflow_unversioned,workflow_unversioned,legacy_workflow
2026-05-06|adrian houser,2026-05-06,Adrian Houser,,,,,,,,,,SF,SD,FanDuel,,,120,120,over,3.5,,,4.868718147277832,4.868718147277832,1.368718147277832,high,official,L,,,run_daily_card,workflow_unversioned,workflow_unversioned,legacy_workflow
2026-05-07|simeon woods richardson,2026-05-07,Simeon Woods Richardson,,,,,,,,,,MIN,WSH,FanDuel,,,-118,-118,over,3.5,,,5.686676502227783,5.686676502227783,2.186676502227783,high,official,L,,,run_daily_card,workflow_unversioned,workflow_unversioned,current_workflow
2026-05-07|zac gallen,2026-05-07,Zac Gallen,,,,,,,,,,AZ,PIT,DraftKings,,,-119,-119,over,4.5,,,6.00658655166626,6.00658655166626,1.5065865516662598,high,official,W,,,run_daily_card,workflow_unversioned,workflow_unversioned,current_workflow
2026-05-07|jt ginn,2026-05-07,JT Ginn,,,,,,,,,,ATH,PHI,FanDuel,,,110,110,over,4.5,,,5.752137184143066,5.752137184143066,1.2521371841430664,high,official,W,,,run_daily_card,workflow_unversioned,workflow_unversioned,current_workflow
2026-05-08|MLB|pitcher_strikeouts|name:chris sale|under|7.5|draftkings,2026-05-08,chris sale,,mlbam_player:519242,mlbam_player:519242,519242,mlbam_player,chris sale,MLB,pitcher_strikeouts,player_prop,ATL,LAD,DraftKings,draftkings,9faf187505c47b0f5009cb7d7da5200c,-148,-148,under,7.5,MLB|pitcher_strikeouts|name:chris sale|under|7.5,MLB|pitcher_strikeouts|name:chris sale|under|7.5|draftkings,5.426553726196289,5.426553726196289,2.073446273803711,high,official,W,7,7,run_daily_card,workflow_unversioned,workflow_unversioned,current_workflow
2026-05-08|MLB|pitcher_strikeouts|name:jacob misiorowski|under|7.5|fanduel,2026-05-08,jacob misiorowski,,mlbam_player:694819,mlbam_player:694819,694819,mlbam_player,jacob misiorowski,MLB,pitcher_strikeouts,player_prop,MIL,NYY,FanDuel,fanduel,3d859a4947ba1d62e82366cdebc59d78,104,104,under,7.5,MLB|pitcher_strikeouts|name:jacob misiorowski|under|7.5,MLB|pitcher_strikeouts|name:jacob misiorowski|under|7.5|fanduel,5.974920749664307,5.974920749664307,1.5250792503356934,high,official,L,11,11,run_daily_card,workflow_unversioned,workflow_unversioned,current_workflow
2026-05-08|MLB|pitcher_strikeouts|name:reid detmers|under|5.5|betmgm,2026-05-08,reid detmers,,mlbam_player:672282,mlbam_player:672282,672282,mlbam_player,reid detmers,MLB,pitcher_strikeouts,player_prop,LAA,TOR,BetMGM,betmgm,92c3e303601373eee3d37fbb858409af,-105,-105,under,5.5,MLB|pitcher_strikeouts|name:reid detmers|under|5.5,MLB|pitcher_strikeouts|name:reid detmers|under|5.5|betmgm,4.099864959716797,4.099864959716797,1.4001350402832031,high,official,W,3,3,run_daily_card,workflow_unversioned,workflow_unversioned,current_workflow
2026-05-09|MLB|pitcher_strikeouts|name:blake snell|over|4.5|fanduel,2026-05-09,blake snell,,mlbam_player:605483,mlbam_player:605483,605483,mlbam_player,blake snell,MLB,pitcher_strikeouts,player_prop,LAD,ATL,FanDuel,fanduel,4e0f5d6412cdfd2b0ade4fee11642753,-148,-148,over,4.5,MLB|pitcher_strikeouts|name:blake snell|over|4.5,MLB|pitcher_strikeouts|name:blake snell|over|4.5|fanduel,6.851329803466797,6.851329803466797,2.351329803466797,high,official,W,5,5,run_daily_card,workflow_unversioned,workflow_unversioned,current_workflow
2026-05-09|MLB|pitcher_strikeouts|name:landen roupp|under|5.5|betmgm,2026-05-09,landen roupp,,mlbam_player:694738,mlbam_player:694738,694738,mlbam_player,landen roupp,MLB,pitcher_strikeouts,player_prop,SF,PIT,BetMGM,betmgm,54ac0c67d3a1921cfede4e125572526e,115,115,under,5.5,MLB|pitcher_strikeouts|name:landen roupp|under|5.5,MLB|pitcher_strikeouts|name:landen roupp|under|5.5|betmgm,4.253480434417725,4.253480434417725,1.2465195655822754,high,official,L,8,8,run_daily_card,workflow_unversioned,workflow_unversioned,current_workflow
2026-05-09|MLB|pitcher_strikeouts|name:tanner bibee|over|4.5|draftkings,2026-05-09,tanner bibee,,mlbam_player:676440,mlbam_player:676440,676440,mlbam_player,tanner bibee,MLB,pitcher_strikeouts,player_prop,CLE,MIN,DraftKings,draftkings,9fd60ef171dd7d6b753c07fe32aa37f6,-156,-156,over,4.5,MLB|pitcher_strikeouts|name:tanner bibee|over|4.5,MLB|pitcher_strikeouts|name:tanner bibee|over|4.5|draftkings,5.9974751472473145,5.9974751472473145,1.4974751472473145,high,official,W,9,9,run_daily_card,workflow_unversioned,workflow_unversioned,current_workflow
2026-05-10|MLB|pitcher_strikeouts|name:sandy alcantara|over|4.5|fanduel,2026-05-10,sandy alcantara,pitcher_k,mlbam_player:645261,mlbam_player:645261,645261,mlbam_player,sandy alcantara,MLB,pitcher_strikeouts,player_prop,MIA,WSH,FanDuel,fanduel,2f41717fcce350329e8ac46662be3d88,-136,-136,over,4.5,MLB|pitcher_strikeouts|name:sandy alcantara|over|4.5,MLB|pitcher_strikeouts|name:sandy alcantara|over|4.5|fanduel,6.885934829711914,6.885934829711914,2.385934829711914,high,official,L,3,3,run_daily_card,workflow_unversioned,workflow_unversioned,current_workflow
2026-05-10|MLB|pitcher_strikeouts|name:luis severino|over|4.5|draftkings,2026-05-10,luis severino,pitcher_k,mlbam_player:622663,mlbam_player:622663,622663,mlbam_player,luis severino,MLB,pitcher_strikeouts,player_prop,ATH,BAL,DraftKings,draftkings,42a6a833eaecf112c826202eb1d596f9,-148,-148,over,4.5,MLB|pitcher_strikeouts|name:luis severino|over|4.5,MLB|pitcher_strikeouts|name:luis severino|over|4.5|draftkings,5.7812018394470215,5.7812018394470215,1.2812018394470215,high,official,L,4,4,run_daily_card,workflow_unversioned,workflow_unversioned,current_workflow
2026-05-10|MLB|pitcher_strikeouts|name:cristopher sanchez|under|7.5|draftkings,2026-05-10,cristopher sanchez,pitcher_k,mlbam_player:650911,mlbam_player:650911,650911,mlbam_player,cristopher sanchez,MLB,pitcher_strikeouts,player_prop,PHI,COL,DraftKings,draftkings,6dd9cd4491079d3cedf1f7d3ff85b358,-129,-129,under,7.5,MLB|pitcher_strikeouts|name:cristopher sanchez|under|7.5,MLB|pitcher_strikeouts|name:cristopher sanchez|under|7.5|draftkings,6.327741622924805,6.327741622924805,1.1722583770751953,high,official,W,7,7,run_daily_card,workflow_unversioned,workflow_unversioned,current_workflow
2026-05-11|MLB|pitcher_strikeouts|name:peter lambert|under|4.5|draftkings,2026-05-11,peter lambert,pitcher_k,mlbam_player:663567,mlbam_player:663567,663567,mlbam_player,peter lambert,MLB,pitcher_strikeouts,player_prop,HOU,SEA,DraftKings,draftkings,80622319ceec1faf47baaee869656e13,115,115,under,4.5,MLB|pitcher_strikeouts|name:peter lambert|under|4.5,MLB|pitcher_strikeouts|name:peter lambert|under|4.5|draftkings,2.902604103088379,2.902604103088379,1.597395896911621,high,official,L,6,6,run_daily_card,workflow_unversioned,workflow_unversioned,current_workflow
2026-05-11|MLB|pitcher_strikeouts|name:kevin gausman|over|4.5|fanduel,2026-05-11,kevin gausman,pitcher_k,mlbam_player:592332,mlbam_player:592332,592332,mlbam_player,kevin gausman,MLB,pitcher_strikeouts,player_prop,TOR,TB,FanDuel,fanduel,8ca76871aa74f5f88b3dba57c6e6e48c,-146,-146,over,4.5,MLB|pitcher_strikeouts|name:kevin gausman|over|4.5,MLB|pitcher_strikeouts|name:kevin gausman|over|4.5|fanduel,5.978343963623047,5.978343963623047,1.4783439636230469,high,official,W,5,5,run_daily_card,workflow_unversioned,workflow_unversioned,current_workflow
2026-05-11|MLB|pitcher_strikeouts|name:george kirby|over|5.5|draftkings,2026-05-11,george kirby,pitcher_k,mlbam_player:669923,mlbam_player:669923,669923,mlbam_player,george kirby,MLB,pitcher_strikeouts,player_prop,SEA,HOU,DraftKings,draftkings,80622319ceec1faf47baaee869656e13,109,109,over,5.5,MLB|pitcher_strikeouts|name:george kirby|over|5.5,MLB|pitcher_strikeouts|name:george kirby|over|5.5|draftkings,6.511331081390381,6.511331081390381,1.0113310813903809,high,official,W,7,7,run_daily_card,workflow_unversioned,workflow_unversioned,current_workflow
2026-05-12|MLB|pitcher_strikeouts|name:adrian houser|over|3.5|betmgm,2026-05-12,adrian houser,pitcher_k,mlbam_player:605288,mlbam_player:605288,605288,mlbam_player,adrian houser,MLB,pitcher_strikeouts,player_prop,SF,LAD,BetMGM,betmgm,a0929cf66d445eec19f118010165e95c,125,125,over,3.5,MLB|pitcher_strikeouts|name:adrian houser|over|3.5,MLB|pitcher_strikeouts|name:adrian houser|over|3.5|betmgm,4.982339859008789,4.982339859008789,1.482339859008789,high,official,W,4,4,run_daily_card,workflow_unversioned,workflow_unversioned,current_workflow
2026-05-12|MLB|pitcher_strikeouts|name:zac gallen|over|4.5|betmgm,2026-05-12,zac gallen,pitcher_k,mlbam_player:668678,mlbam_player:668678,668678,mlbam_player,zac gallen,MLB,pitcher_strikeouts,player_prop,AZ,TEX,BetMGM,betmgm,34393ecc2b2d109779095b1d4935225b,-110,-110,over,4.5,MLB|pitcher_strikeouts|name:zac gallen|over|4.5,MLB|pitcher_strikeouts|name:zac gallen|over|4.5|betmgm,5.942076206207275,5.942076206207275,1.4420762062072754,high,official,L,4,4,run_daily_card,workflow_unversioned,workflow_unversioned,current_workflow
2026-05-12|MLB|pitcher_strikeouts|name:michael lorenzen|over|3.5|fanduel,2026-05-12,michael lorenzen,pitcher_k,mlbam_player:547179,mlbam_player:547179,547179,mlbam_player,michael lorenzen,MLB,pitcher_strikeouts,player_prop,COL,PIT,FanDuel,fanduel,79fa6c856d2a95ff10cb955ab2d424e2,-138,-138,over,3.5,MLB|pitcher_strikeouts|name:michael lorenzen|over|3.5,MLB|pitcher_strikeouts|name:michael lorenzen|over|3.5|fanduel,5.096228122711182,5.096228122711182,1.5962281227111816,high,official,W,5,5,run_daily_card,workflow_unversioned,workflow_unversioned,current_workflow
2026-05-13|MLB|pitcher_strikeouts|name:jacob misiorowski|under|7.5|draftkings,2026-05-13,jacob misiorowski,pitcher_k,mlbam_player:694819,mlbam_player:694819,694819,mlbam_player,jacob misiorowski,MLB,pitcher_strikeouts,player_prop,MIL,SD,DraftKings,draftkings,15bc05498c54cf822aedf7434d3a8bc6,119,119,under,7.5,MLB|pitcher_strikeouts|name:jacob misiorowski|under|7.5,MLB|pitcher_strikeouts|name:jacob misiorowski|under|7.5|draftkings,5.508970737457275,5.508970737457275,1.9910292625427246,high,official,L,10,10,run_daily_card,workflow_unversioned,workflow_unversioned,current_workflow
2026-05-13|MLB|pitcher_strikeouts|name:sonny gray|over|4.5|draftkings,2026-05-13,sonny gray,pitcher_k,mlbam_player:543243,mlbam_player:543243,543243,mlbam_player,sonny gray,MLB,pitcher_strikeouts,player_prop,BOS,PHI,DraftKings,draftkings,002b9c5446f97ad6146eb0b6da64db25,-110,-110,over,4.5,MLB|pitcher_strikeouts|name:sonny gray|over|4.5,MLB|pitcher_strikeouts|name:sonny gray|over|4.5|draftkings,6.326337814331055,6.326337814331055,1.8263378143310547,high,official,W,6,6,run_daily_card,workflow_unversioned,workflow_unversioned,current_workflow
2026-05-13|MLB|pitcher_strikeouts|name:simeon woods richardson|over|3.5|draftkings,2026-05-13,simeon woods richardson,pitcher_k,mlbam_player:680573,mlbam_player:680573,680573,mlbam_player,simeon woods richardson,MLB,pitcher_strikeouts,player_prop,MIN,MIA,DraftKings,draftkings,18791fe8f5ff31b64bb2cff4f5af59a0,-109,-109,over,3.5,MLB|pitcher_strikeouts|name:simeon woods richardson|over|3.5,MLB|pitcher_strikeouts|name:simeon woods richardson|over|3.5|draftkings,4.963962078094482,4.963962078094482,1.4639620780944824,high,official,L,1,1,run_daily_card,workflow_unversioned,workflow_unversioned,current_workflow
2026-05-14|MLB|pitcher_strikeouts|name:chris sale|under|7.5|betmgm,2026-05-14,chris sale,pitcher_k,mlbam_player:519242,mlbam_player:519242,519242,mlbam_player,chris sale,MLB,pitcher_strikeouts,player_prop,ATL,CHC,BetMGM,betmgm,797493921ce7c293a19900840d42e2e1,-155,-155,under,7.5,MLB|pitcher_strikeouts|name:chris sale|under|7.5,MLB|pitcher_strikeouts|name:chris sale|under|7.5|betmgm,5.468156814575195,5.468156814575195,2.0318431854248047,high,official,L,8,8,run_daily_card,workflow_unversioned,workflow_unversioned,current_workflow
2026-05-14|MLB|pitcher_strikeouts|name:emmet sheehan|over|5.5|betmgm,2026-05-14,emmet sheehan,pitcher_k,mlbam_player:686218,mlbam_player:686218,686218,mlbam_player,emmet sheehan,MLB,pitcher_strikeouts,player_prop,LAD,SF,BetMGM,betmgm,bc2f7272b3d5ef426608824387a95824,-115,-115,over,5.5,MLB|pitcher_strikeouts|name:emmet sheehan|over|5.5,MLB|pitcher_strikeouts|name:emmet sheehan|over|5.5|betmgm,6.799931049346924,6.799931049346924,1.2999310493469238,high,official,W,6,6,run_daily_card,workflow_unversioned,workflow_unversioned,current_workflow
2026-05-14|MLB|pitcher_strikeouts|name:kyle harrison|under|5.5|fanduel,2026-05-14,kyle harrison,pitcher_k,mlbam_player:690986,mlbam_player:690986,690986,mlbam_player,kyle harrison,MLB,pitcher_strikeouts,player_prop,MIL,SD,FanDuel,fanduel,679760ad793188b79273efa2408440ac,114,114,under,5.5,MLB|pitcher_strikeouts|name:kyle harrison|under|5.5,MLB|pitcher_strikeouts|name:kyle harrison|under|5.5|fanduel,4.377598762512207,4.377598762512207,1.122401237487793,high,official,L,7,7,run_daily_card,workflow_unversioned,workflow_unversioned,current_workflow
2026-05-15|MLB|pitcher_strikeouts|name:zack littell|over|3.5|draftkings,2026-05-15,zack littell,pitcher_k,mlbam_player:641793,mlbam_player:641793,641793,mlbam_player,zack littell,MLB,pitcher_strikeouts,player_prop,WSH,BAL,DraftKings,draftkings,44a4350d4a8392d58e49e092bee941e9,117,117,over,3.5,MLB|pitcher_strikeouts|name:zack littell|over|3.5,MLB|pitcher_strikeouts|name:zack littell|over|3.5|draftkings,4.907066822052002,4.907066822052002,1.407066822052002,high,official,L,3,3,run_daily_card,workflow_unversioned,workflow_unversioned,current_workflow
2026-05-15|MLB|pitcher_strikeouts|name:spencer strider|under|6.5|fanduel,2026-05-15,spencer strider,pitcher_k,mlbam_player:675911,mlbam_player:675911,675911,mlbam_player,spencer strider,MLB,pitcher_strikeouts,player_prop,ATL,BOS,FanDuel,fanduel,0a103297db91d5bd1abf13d04b710c2a,-134,-134,under,6.5,MLB|pitcher_strikeouts|name:spencer strider|under|6.5,MLB|pitcher_strikeouts|name:spencer strider|under|6.5|fanduel,4.804433822631836,4.804433822631836,1.695566177368164,high,official,W,4,4,run_daily_card,workflow_unversioned,workflow_unversioned,current_workflow
2026-05-15|MLB|pitcher_strikeouts|name:emerson hancock|under|5.5|fanduel,2026-05-15,emerson hancock,pitcher_k,mlbam_player:676106,mlbam_player:676106,676106,mlbam_player,emerson hancock,MLB,pitcher_strikeouts,player_prop,SEA,SD,FanDuel,fanduel,919b933a4af691070848a940a7d07a84,-134,-134,under,5.5,MLB|pitcher_strikeouts|name:emerson hancock|under|5.5,MLB|pitcher_strikeouts|name:emerson hancock|under|5.5|fanduel,3.8684988021850586,3.8684988021850586,1.6315011978149414,high,official,L,6,6,run_daily_card,workflow_unversioned,workflow_unversioned,current_workflow
2026-05-16|MLB|pitcher_strikeouts|name:sandy alcantara|over|4.5|draftkings,2026-05-16,sandy alcantara,pitcher_k,mlbam_player:645261,mlbam_player:645261,645261,mlbam_player,sandy alcantara,MLB,pitcher_strikeouts,player_prop,MIA,TB,DraftKings,draftkings,c0881b4a195ada00f7db5d84c6cef8b7,124,124,over,4.5,MLB|pitcher_strikeouts|name:sandy alcantara|over|4.5,MLB|pitcher_strikeouts|name:sandy alcantara|over|4.5|draftkings,6.32820987701416,6.32820987701416,1.8282098770141602,high,official,W,6,6,run_daily_card,pitcher_k_model_v1,mlb_pitcher_props_policy_v1,current_workflow
2026-05-16|MLB|pitcher_strikeouts|name:casey mize|over|3.5|fanduel,2026-05-16,casey mize,pitcher_k,mlbam_player:663554,mlbam_player:663554,663554,mlbam_player,casey mize,MLB,pitcher_strikeouts,player_prop,DET,TOR,FanDuel,fanduel,6b2d5ebb90ade419f4d5c59b95c1b301,-148,-148,over,3.5,MLB|pitcher_strikeouts|name:casey mize|over|3.5,MLB|pitcher_strikeouts|name:casey mize|over|3.5|fanduel,5.085171699523926,5.085171699523926,1.5851716995239258,high,official,W,4,4,run_daily_card,pitcher_k_model_v1,mlb_pitcher_props_policy_v1,current_workflow
2026-05-16|MLB|pitcher_strikeouts|name:bubba chandler|over|4.5|draftkings,2026-05-16,bubba chandler,pitcher_k,mlbam_player:696149,mlbam_player:696149,696149,mlbam_player,bubba chandler,MLB,pitcher_strikeouts,player_prop,PIT,PHI,DraftKings,draftkings,2638aded4f2e2359a902072c9d2fba22,106,106,over,4.5,MLB|pitcher_strikeouts|name:bubba chandler|over|4.5,MLB|pitcher_strikeouts|name:bubba chandler|over|4.5|draftkings,5.578503608703613,5.578503608703613,1.0785036087036133,high,official,L,2,2,run_daily_card,pitcher_k_model_v1,mlb_pitcher_props_policy_v1,current_workflow
2026-05-17|MLB|pitcher_strikeouts|name:peter lambert|under|4.5|draftkings,2026-05-17,peter lambert,pitcher_k,mlbam_player:663567,mlbam_player:663567,663567,mlbam_player,peter lambert,MLB,pitcher_strikeouts,player_prop,HOU,TEX,DraftKings,draftkings,c4ad12dbd84b0112939a27411ee0bf4d,117,117,under,4.5,MLB|pitcher_strikeouts|name:peter lambert|under|4.5,MLB|pitcher_strikeouts|name:peter lambert|under|4.5|draftkings,2.9096262454986572,2.9096262454986572,1.5903737545013428,high,official,L,6,6,run_daily_card,pitcher_k_model_v1,mlb_pitcher_props_policy_v1,current_workflow
2026-05-17|MLB|pitcher_strikeouts|name:drew rasmussen|under|5.5|draftkings,2026-05-17,drew rasmussen,pitcher_k,mlbam_player:656876,mlbam_player:656876,656876,mlbam_player,drew rasmussen,MLB,pitcher_strikeouts,player_prop,TB,MIA,DraftKings,draftkings,996ae6b240fb1d4c4f902121937d3569,-132,-132,under,5.5,MLB|pitcher_strikeouts|name:drew rasmussen|under|5.5,MLB|pitcher_strikeouts|name:drew rasmussen|under|5.5|draftkings,3.797027826309204,3.797027826309204,1.702972173690796,high,official,W,2,2,run_daily_card,pitcher_k_model_v1,mlb_pitcher_props_policy_v1,current_workflow
2026-05-17|MLB|pitcher_strikeouts|name:adrian houser|over|3.5|betmgm,2026-05-17,adrian houser,pitcher_k,mlbam_player:605288,mlbam_player:605288,605288,mlbam_player,adrian houser,MLB,pitcher_strikeouts,player_prop,SF,ATH,BetMGM,betmgm,b51f77ee601ba774b0fc72ab78459a22,-110,-110,over,3.5,MLB|pitcher_strikeouts|name:adrian houser|over|3.5,MLB|pitcher_strikeouts|name:adrian houser|over|3.5|betmgm,5.054861545562744,5.054861545562744,1.5548615455627441,high,official,L,3,3,run_daily_card,pitcher_k_model_v1,mlb_pitcher_props_policy_v1,current_workflow
2026-05-17|MLB|pitcher_walks|name:jack flaherty|under|2.5|draftkings,2026-05-17,jack flaherty,pitcher_bb,mlbam_player:656427,mlbam_player:656427,656427,mlbam_player,jack flaherty,MLB,pitcher_walks,player_prop,DET,TOR,DraftKings,draftkings,0d9a62c64d2a238adaad12a20dcdbf30,-170,-170,under,2.5,MLB|pitcher_walks|name:jack flaherty|under|2.5,MLB|pitcher_walks|name:jack flaherty|under|2.5|draftkings,1.544712781906128,1.544712781906128,0.9552872180938721,medium,official,W,0,0,run_daily_card,pitcher_bb_model_v1,mlb_pitcher_props_policy_v1,current_workflow
2026-05-17|MLB|pitcher_walks|name:eury perez|under|2.5|draftkings,2026-05-17,eury perez,pitcher_bb,mlbam_player:691587,mlbam_player:691587,691587,mlbam_player,eury perez,MLB,pitcher_walks,player_prop,MIA,TB,DraftKings,draftkings,996ae6b240fb1d4c4f902121937d3569,-193,-193,under,2.5,MLB|pitcher_walks|name:eury perez|under|2.5,MLB|pitcher_walks|name:eury perez|under|2.5|draftkings,1.601279616355896,1.601279616355896,0.898720383644104,medium,official,L,4,4,run_daily_card,pitcher_bb_model_v1,mlb_pitcher_props_policy_v1,current_workflow
2026-05-18|MLB|pitcher_strikeouts|name:zac gallen|over|3.5|fanduel,2026-05-18,zac gallen,pitcher_k,mlbam_player:668678,mlbam_player:668678,668678,mlbam_player,zac gallen,MLB,pitcher_strikeouts,player_prop,AZ,SF,FanDuel,fanduel,daf39ff0f5f85b7da76274b743b1ab1f,-154,-154,over,3.5,MLB|pitcher_strikeouts|name:zac gallen|over|3.5,MLB|pitcher_strikeouts|name:zac gallen|over|3.5|fanduel,6.328047275543213,6.328047275543213,2.828047275543213,high,official,W,5,5,run_daily_card,pitcher_k_model_v1,mlb_pitcher_props_policy_v1,current_workflow
2026-05-18|MLB|pitcher_strikeouts|name:mackenzie gore|under|6.5|betmgm,2026-05-18,mackenzie gore,pitcher_k,mlbam_player:669022,mlbam_player:669022,669022,mlbam_player,mackenzie gore,MLB,pitcher_strikeouts,player_prop,TEX,COL,BetMGM,betmgm,13c307bac70250bed56ce2a649cc492e,-140,-140,under,6.5,MLB|pitcher_strikeouts|name:mackenzie gore|under|6.5,MLB|pitcher_strikeouts|name:mackenzie gore|under|6.5|betmgm,4.727886199951172,4.727886199951172,1.7721138000488281,high,official,W,2,2,run_daily_card,pitcher_k_model_v1,mlb_pitcher_props_policy_v1,current_workflow
2026-05-18|MLB|pitcher_strikeouts|name:sonny gray|over|3.5|fanduel,2026-05-18,sonny gray,pitcher_k,mlbam_player:543243,mlbam_player:543243,543243,mlbam_player,sonny gray,MLB,pitcher_strikeouts,player_prop,BOS,KC,FanDuel,fanduel,82ca2e0ae47260f1183ee3abf8a69169,-178,-178,over,3.5,MLB|pitcher_strikeouts|name:sonny gray|over|3.5,MLB|pitcher_strikeouts|name:sonny gray|over|3.5|fanduel,5.604740142822266,5.604740142822266,2.1047401428222656,high,official,W,9,9,run_daily_card,pitcher_k_model_v1,mlb_pitcher_props_policy_v1,current_workflow
2026-05-19|MLB|pitcher_strikeouts|name:reid detmers|under|6.5|draftkings,2026-05-19,reid detmers,pitcher_k,mlbam_player:672282,mlbam_player:672282,672282,mlbam_player,reid detmers,MLB,pitcher_strikeouts,player_prop,LAA,ATH,DraftKings,draftkings,36672faae36a4b8104686a4a2068f311,-108,-108,under,6.5,MLB|pitcher_strikeouts|name:reid detmers|under|6.5,MLB|pitcher_strikeouts|name:reid detmers|under|6.5|draftkings,4.615644931793213,4.615644931793213,1.884355068206787,high,official,L,8,8,run_daily_card,pitcher_k_model_v1,mlb_pitcher_props_policy_v1,current_workflow
2026-05-19|MLB|pitcher_strikeouts|name:jacob misiorowski|under|7.5|draftkings,2026-05-19,jacob misiorowski,pitcher_k,mlbam_player:694819,mlbam_player:694819,694819,mlbam_player,jacob misiorowski,MLB,pitcher_strikeouts,player_prop,MIL,CHC,DraftKings,draftkings,a1ca821baa20137a228b1dff8e70c21d,-130,-130,under,7.5,MLB|pitcher_strikeouts|name:jacob misiorowski|under|7.5,MLB|pitcher_strikeouts|name:jacob misiorowski|under|7.5|draftkings,5.508970737457275,5.508970737457275,1.9910292625427246,high,official,L,8,8,run_daily_card,pitcher_k_model_v1,mlb_pitcher_props_policy_v1,current_workflow
2026-05-19|MLB|pitcher_strikeouts|name:kyle bradish|over|4.5|betmgm,2026-05-19,kyle bradish,pitcher_k,mlbam_player:680694,mlbam_player:680694,680694,mlbam_player,kyle bradish,MLB,pitcher_strikeouts,player_prop,BAL,TB,BetMGM,betmgm,c974a8cecb0d3237e2c78f1920c5eaf3,-165,-165,over,4.5,MLB|pitcher_strikeouts|name:kyle bradish|over|4.5,MLB|pitcher_strikeouts|name:kyle bradish|over|4.5|betmgm,6.2391886711120605,6.2391886711120605,1.7391886711120605,high,official,W,6,6,run_daily_card,pitcher_k_model_v1,mlb_pitcher_props_policy_v1,current_workflow
2026-05-20|MLB|pitcher_strikeouts|name:chris sale|under|7.5|betmgm,2026-05-20,chris sale,pitcher_k,mlbam_player:519242,mlbam_player:519242,519242,mlbam_player,chris sale,MLB,pitcher_strikeouts,player_prop,ATL,MIA,BetMGM,betmgm,ce352adc7aae36822a5575bb25b54ff8,-115,-115,under,7.5,MLB|pitcher_strikeouts|name:chris sale|under|7.5,MLB|pitcher_strikeouts|name:chris sale|under|7.5|betmgm,5.561708927154541,5.561708927154541,1.938291072845459,high,official,,,,run_daily_card,pitcher_k_model_v1,mlb_pitcher_props_policy_v1,current_workflow
2026-05-20|MLB|pitcher_strikeouts|name:emerson hancock|under|5.5|fanduel,2026-05-20,emerson hancock,pitcher_k,mlbam_player:676106,mlbam_player:676106,676106,mlbam_player,emerson hancock,MLB,pitcher_strikeouts,player_prop,SEA,CWS,FanDuel,fanduel,b0078538407a959dc03f5469df863662,112,112,under,5.5,MLB|pitcher_strikeouts|name:emerson hancock|under|5.5,MLB|pitcher_strikeouts|name:emerson hancock|under|5.5|fanduel,3.886838436126709,3.886838436126709,1.613161563873291,high,official,,,,run_daily_card,pitcher_k_model_v1,mlb_pitcher_props_policy_v1,current_workflow
2026-05-20|MLB|pitcher_walks|name:mike burrows|under|2.5|draftkings,2026-05-20,mike burrows,pitcher_bb,mlbam_player:681347,mlbam_player:681347,681347,mlbam_player,mike burrows,MLB,pitcher_walks,player_prop,HOU,MIN,DraftKings,draftkings,831c912e2cd0016f96881ac551738e6e,-186,-186,under,2.5,MLB|pitcher_walks|name:mike burrows|under|2.5,MLB|pitcher_walks|name:mike burrows|under|2.5|draftkings,1.4197933673858643,1.4197933673858643,1.0802066326141357,medium,official,,,,run_daily_card,pitcher_bb_model_v1,mlb_pitcher_props_policy_v1,current_workflow
2026-05-21|MLB|pitcher_strikeouts|name:sandy alcantara|over|4.5|betmgm,2026-05-21,sandy alcantara,pitcher_k,mlbam_player:645261,mlbam_player:645261,645261,mlbam_player,sandy alcantara,MLB,pitcher_strikeouts,player_prop,MIA,ATL,BetMGM,betmgm,fa85c6e14d2b480b97a6f0004286ec0b,-130,-130,over,4.5,MLB|pitcher_strikeouts|name:sandy alcantara|over|4.5,MLB|pitcher_strikeouts|name:sandy alcantara|over|4.5|betmgm,6.211688995361328,6.211688995361328,1.7116889953613281,high,official,L,3,3,run_daily_card,pitcher_k_model_v1,mlb_pitcher_props_policy_v1,current_workflow
2026-05-21|MLB|pitcher_strikeouts|name:spencer strider|under|5.5|betmgm,2026-05-21,spencer strider,pitcher_k,mlbam_player:675911,mlbam_player:675911,675911,mlbam_player,spencer strider,MLB,pitcher_strikeouts,player_prop,ATL,MIA,BetMGM,betmgm,fa85c6e14d2b480b97a6f0004286ec0b,110,110,under,5.5,MLB|pitcher_strikeouts|name:spencer strider|under|5.5,MLB|pitcher_strikeouts|name:spencer strider|under|5.5|betmgm,4.361545562744141,4.361545562744141,1.1384544372558594,high,official,L,9,9,run_daily_card,pitcher_k_model_v1,mlb_pitcher_props_policy_v1,current_workflow
2026-05-21|MLB|pitcher_strikeouts|name:casey mize|over|4.5|fanduel,2026-05-21,casey mize,pitcher_k,mlbam_player:663554,mlbam_player:663554,663554,mlbam_player,casey mize,MLB,pitcher_strikeouts,player_prop,DET,CLE,FanDuel,fanduel,427339d860a9d7bf7b2075fa02850c56,-105,-105,over,4.5,MLB|pitcher_strikeouts|name:casey mize|over|4.5,MLB|pitcher_strikeouts|name:casey mize|over|4.5|fanduel,5.67790412902832,5.67790412902832,1.1779041290283203,high,official,L,4,4,run_daily_card,pitcher_k_model_v1,mlb_pitcher_props_policy_v1,current_workflow
2026-05-21|MLB|pitcher_walks|name:dustin may|under|2.5|draftkings,2026-05-21,dustin may,pitcher_bb,mlbam_player:669160,mlbam_player:669160,669160,mlbam_player,dustin may,MLB,pitcher_walks,player_prop,STL,PIT,DraftKings,draftkings,6297516eb97ef4842f3fc5b36d64adb2,-199,-199,under,2.5,MLB|pitcher_walks|name:dustin may|under|2.5,MLB|pitcher_walks|name:dustin may|under|2.5|draftkings,1.6194000244140625,1.6194000244140625,0.8805999755859375,low,official,W,2,2,run_daily_card,pitcher_bb_model_v1,mlb_pitcher_props_policy_v1,current_workflow
2026-05-22|MLB|pitcher_strikeouts|name:grayson rodriguez|over|4.5|fanduel,2026-05-22,grayson rodriguez,pitcher_k,mlbam_player:680570,mlbam_player:680570,680570,mlbam_player,grayson rodriguez,MLB,pitcher_strikeouts,player_prop,LAA,TEX,FanDuel,fanduel,35a7408a1687fdea6b7052d86f74cdb5,-176,-176,over,4.5,MLB|pitcher_strikeouts|name:grayson rodriguez|over|4.5,MLB|pitcher_strikeouts|name:grayson rodriguez|over|4.5|fanduel,6.610408782958984,6.610408782958984,2.1104087829589844,high,official,W,5,5,run_daily_card,pitcher_k_model_v1,mlb_pitcher_props_policy_v1,current_workflow
2026-05-22|MLB|pitcher_strikeouts|name:tomoyuki sugano|over|2.5|draftkings,2026-05-22,tomoyuki sugano,pitcher_k,mlbam_player:608372,mlbam_player:608372,608372,mlbam_player,tomoyuki sugano,MLB,pitcher_strikeouts,player_prop,COL,AZ,DraftKings,draftkings,9a684c8b4ec22835fc3fd145e7796370,108,108,over,2.5,MLB|pitcher_strikeouts|name:tomoyuki sugano|over|2.5,MLB|pitcher_strikeouts|name:tomoyuki sugano|over|2.5|draftkings,3.6300268173217773,3.6300268173217773,1.1300268173217773,high,official,W,3,3,run_daily_card,pitcher_k_model_v1,mlb_pitcher_props_policy_v1,current_workflow
2026-05-22|MLB|pitcher_strikeouts|name:michael soroka|under|6.5|betmgm,2026-05-22,michael soroka,pitcher_k,mlbam_player:647336,mlbam_player:647336,647336,mlbam_player,michael soroka,MLB,pitcher_strikeouts,player_prop,AZ,COL,BetMGM,betmgm,9a684c8b4ec22835fc3fd145e7796370,-155,-155,under,6.5,MLB|pitcher_strikeouts|name:michael soroka|under|6.5,MLB|pitcher_strikeouts|name:michael soroka|under|6.5|betmgm,5.246253490447998,5.246253490447998,1.253746509552002,medium,official,W,2,2,run_daily_card,pitcher_k_model_v1,mlb_pitcher_props_policy_v1,current_workflow
2026-05-23|MLB|pitcher_strikeouts|name:zack wheeler|over|5.5|fanduel,2026-05-23,zack wheeler,pitcher_k,mlbam_player:554430,mlbam_player:554430,554430,mlbam_player,zack wheeler,MLB,pitcher_strikeouts,player_prop,PHI,CLE,FanDuel,fanduel,bb14f988c4cc921c1b5286bf757183f6,-124,-124,over,5.5,MLB|pitcher_strikeouts|name:zack wheeler|over|5.5,MLB|pitcher_strikeouts|name:zack wheeler|over|5.5|fanduel,7.159056663513184,7.159056663513184,1.6590566635131836,high,official,W,6,6,run_daily_card,pitcher_k_model_v1,mlb_pitcher_props_policy_v1,current_workflow
2026-05-23|MLB|pitcher_strikeouts|name:roki sasaki|under|5.5|draftkings,2026-05-23,roki sasaki,pitcher_k,mlbam_player:808963,mlbam_player:808963,808963,mlbam_player,roki sasaki,MLB,pitcher_strikeouts,player_prop,LAD,MIL,DraftKings,draftkings,e8edd4604077b2fc638f1b2e3db08545,-149,-149,under,5.5,MLB|pitcher_strikeouts|name:roki sasaki|under|5.5,MLB|pitcher_strikeouts|name:roki sasaki|under|5.5|draftkings,3.584820032119751,3.584820032119751,1.915179967880249,high,official,W,4,4,run_daily_card,pitcher_k_model_v1,mlb_pitcher_props_policy_v1,current_workflow
2026-05-23|MLB|pitcher_strikeouts|name:george kirby|over|4.5|betmgm,2026-05-23,george kirby,pitcher_k,mlbam_player:669923,mlbam_player:669923,669923,mlbam_player,george kirby,MLB,pitcher_strikeouts,player_prop,SEA,KC,BetMGM,betmgm,203ad61a573433f885122e8811cd8350,-150,-150,over,4.5,MLB|pitcher_strikeouts|name:george kirby|over|4.5,MLB|pitcher_strikeouts|name:george kirby|over|4.5|betmgm,6.326678276062012,6.326678276062012,1.8266782760620117,high,official,L,3,3,run_daily_card,pitcher_k_model_v1,mlb_pitcher_props_policy_v1,current_workflow
2026-05-24|MLB|pitcher_strikeouts|name:reid detmers|under|6.5|draftkings,2026-05-24,reid detmers,pitcher_k,mlbam_player:672282,mlbam_player:672282,672282,mlbam_player,reid detmers,MLB,pitcher_strikeouts,player_prop,LAA,TEX,DraftKings,draftkings,65d8670f338a88af5bde23a17924de49,102,102,under,6.5,MLB|pitcher_strikeouts|name:reid detmers|under|6.5,MLB|pitcher_strikeouts|name:reid detmers|under|6.5|draftkings,4.869488716125488,4.869488716125488,1.6305112838745117,high,official,L,14,14,run_daily_card,pitcher_k_model_v1,mlb_pitcher_props_policy_v1,current_workflow
2026-05-24|MLB|pitcher_strikeouts|name:michael king|under|6.5|betmgm,2026-05-24,michael king,pitcher_k,mlbam_player:650633,mlbam_player:650633,650633,mlbam_player,michael king,MLB,pitcher_strikeouts,player_prop,SD,ATH,BetMGM,betmgm,36c39001c1807b1162a5ddb493c32855,-160,-160,under,6.5,MLB|pitcher_strikeouts|name:michael king|under|6.5,MLB|pitcher_strikeouts|name:michael king|under|6.5|betmgm,4.471837043762207,4.471837043762207,2.028162956237793,high,official,W,4,4,run_daily_card,pitcher_k_model_v1,mlb_pitcher_props_policy_v1,current_workflow
2026-05-24|MLB|pitcher_strikeouts|name:bryan woo|over|4.5|betmgm,2026-05-24,bryan woo,pitcher_k,mlbam_player:693433,mlbam_player:693433,693433,mlbam_player,bryan woo,MLB,pitcher_strikeouts,player_prop,SEA,KC,BetMGM,betmgm,0c7eacfb6fcc01d117cceb47c958a392,-165,-165,over,4.5,MLB|pitcher_strikeouts|name:bryan woo|over|4.5,MLB|pitcher_strikeouts|name:bryan woo|over|4.5|betmgm,6.627054214477539,6.627054214477539,2.127054214477539,high,official,L,4,4,run_daily_card,pitcher_k_model_v1,mlb_pitcher_props_policy_v1,current_workflow
2026-05-24|MLB|pitcher_walks|name:peter lambert|under|2.5|draftkings,2026-05-24,peter lambert,pitcher_bb,mlbam_player:663567,mlbam_player:663567,663567,mlbam_player,peter lambert,MLB,pitcher_walks,player_prop,HOU,CHC,DraftKings,draftkings,fb835eef241cc0456eb7fed048643f00,-188,-188,under,2.5,MLB|pitcher_walks|name:peter lambert|under|2.5,MLB|pitcher_walks|name:peter lambert|under|2.5|draftkings,1.580960988998413,1.580960988998413,0.9190390110015869,medium,official,L,4,4,run_daily_card,pitcher_bb_model_v1,mlb_pitcher_props_policy_v1,current_workflow
2026-05-25|MLB|pitcher_strikeouts|name:jacob misiorowski|under|8.5|fanduel,2026-05-25,jacob misiorowski,pitcher_k,mlbam_player:694819,mlbam_player:694819,694819,mlbam_player,jacob misiorowski,MLB,pitcher_strikeouts,player_prop,MIL,STL,FanDuel,fanduel,011a0f191f610c90c293fdadb7e987f6,-134,-134,under,8.5,MLB|pitcher_strikeouts|name:jacob misiorowski|under|8.5,MLB|pitcher_strikeouts|name:jacob misiorowski|under|8.5|fanduel,5.707444190979004,5.707444190979004,2.792555809020996,high,official,L,12,12,run_daily_card,pitcher_k_model_v1,mlb_pitcher_props_policy_v1,current_workflow
2026-05-25|MLB|pitcher_strikeouts|name:luis castillo|over|3.5|betmgm,2026-05-25,luis castillo,pitcher_k,mlbam_player:622491,mlbam_player:622491,622491,mlbam_player,luis castillo,MLB,pitcher_strikeouts,player_prop,SEA,ATH,BetMGM,betmgm,e03d047a725cd7870eb6b6eaf8b23942,-165,-165,over,3.5,MLB|pitcher_strikeouts|name:luis castillo|over|3.5,MLB|pitcher_strikeouts|name:luis castillo|over|3.5|betmgm,5.780554294586182,5.780554294586182,2.2805542945861816,high,official,W,6,6,run_daily_card,pitcher_k_model_v1,mlb_pitcher_props_policy_v1,current_workflow
2026-05-25|MLB|pitcher_strikeouts|name:ben brown|under|5.5|draftkings,2026-05-25,ben brown,pitcher_k,mlbam_player:676962,mlbam_player:676962,676962,mlbam_player,ben brown,MLB,pitcher_strikeouts,player_prop,CHC,PIT,DraftKings,draftkings,8c78facf9134823f8b8caaecab733fe5,-137,-137,under,5.5,MLB|pitcher_strikeouts|name:ben brown|under|5.5,MLB|pitcher_strikeouts|name:ben brown|under|5.5|draftkings,3.8827733993530273,3.8827733993530273,1.6172266006469727,high,official,L,7,7,run_daily_card,pitcher_k_model_v1,mlb_pitcher_props_policy_v1,current_workflow
2026-05-25|MLB|pitcher_walks|name:carmen mlodzinski|under|2.5|draftkings,2026-05-25,carmen mlodzinski,pitcher_bb,mlbam_player:669387,mlbam_player:669387,669387,mlbam_player,carmen mlodzinski,MLB,pitcher_walks,player_prop,PIT,CHC,DraftKings,draftkings,8c78facf9134823f8b8caaecab733fe5,-188,-188,under,2.5,MLB|pitcher_walks|name:carmen mlodzinski|under|2.5,MLB|pitcher_walks|name:carmen mlodzinski|under|2.5|draftkings,1.1626372337341309,1.1626372337341309,1.3373627662658691,medium,official,L,3,3,run_daily_card,pitcher_bb_model_v1,mlb_pitcher_props_policy_v1,current_workflow
2026-05-26|MLB|pitcher_strikeouts|name:kyle harrison|under|6.5|betmgm,2026-05-26,kyle harrison,pitcher_k,mlbam_player:690986,mlbam_player:690986,690986,mlbam_player,kyle harrison,MLB,pitcher_strikeouts,player_prop,MIL,STL,BetMGM,betmgm,99d8354792f828bd962e089d4ab8c5bf,-125,-125,under,6.5,MLB|pitcher_strikeouts|name:kyle harrison|under|6.5,MLB|pitcher_strikeouts|name:kyle harrison|under|6.5|betmgm,4.484465599060059,4.484465599060059,2.0155344009399414,high,official,W,2,2,run_daily_card,pitcher_k_model_v1,mlb_pitcher_props_policy_v1,current_workflow
2026-05-26|MLB|pitcher_strikeouts|name:spencer strider|under|6.5|betmgm,2026-05-26,spencer strider,pitcher_k,mlbam_player:675911,mlbam_player:675911,675911,mlbam_player,spencer strider,MLB,pitcher_strikeouts,player_prop,ATL,BOS,BetMGM,betmgm,990789f1b2f666667f7dad0fe7d8b8b8,-150,-150,under,6.5,MLB|pitcher_strikeouts|name:spencer strider|under|6.5,MLB|pitcher_strikeouts|name:spencer strider|under|6.5|betmgm,4.860576152801514,4.860576152801514,1.6394238471984863,high,official,W,5,5,run_daily_card,pitcher_k_model_v1,mlb_pitcher_props_policy_v1,current_workflow
2026-05-26|MLB|pitcher_strikeouts|name:sandy alcantara|over|4.5|fanduel,2026-05-26,sandy alcantara,pitcher_k,mlbam_player:645261,mlbam_player:645261,645261,mlbam_player,sandy alcantara,MLB,pitcher_strikeouts,player_prop,MIA,TOR,FanDuel,fanduel,b50993453829a9cf93015ffb4cce5262,128,128,over,4.5,MLB|pitcher_strikeouts|name:sandy alcantara|over|4.5,MLB|pitcher_strikeouts|name:sandy alcantara|over|4.5|fanduel,5.634634494781494,5.634634494781494,1.1346344947814941,high,official,L,4,4,run_daily_card,pitcher_k_model_v1,mlb_pitcher_props_policy_v1,current_workflow
2026-05-27|MLB|pitcher_strikeouts|name:tomoyuki sugano|over|2.5|draftkings,2026-05-27,tomoyuki sugano,pitcher_k,mlbam_player:608372,mlbam_player:608372,608372,mlbam_player,tomoyuki sugano,MLB,pitcher_strikeouts,player_prop,COL,LAD,DraftKings,draftkings,77b3529d80cffeb203543f5f2201f8ff,-171,-171,over,2.5,MLB|pitcher_strikeouts|name:tomoyuki sugano|over|2.5,MLB|pitcher_strikeouts|name:tomoyuki sugano|over|2.5|draftkings,3.954864978790283,3.954864978790283,1.4548649787902832,high,official,W,3,3,run_daily_card,pitcher_k_model_v1,mlb_pitcher_props_policy_v1,current_workflow
2026-05-27|MLB|pitcher_strikeouts|name:casey mize|over|5.5|draftkings,2026-05-27,casey mize,pitcher_k,mlbam_player:663554,mlbam_player:663554,663554,mlbam_player,casey mize,MLB,pitcher_strikeouts,player_prop,DET,LAA,DraftKings,draftkings,22b2c62258204f36738be815101ba92b,-103,-103,over,5.5,MLB|pitcher_strikeouts|name:casey mize|over|5.5,MLB|pitcher_strikeouts|name:casey mize|over|5.5|draftkings,6.25935173034668,6.25935173034668,0.7593517303466797,medium,official,W,6,6,run_daily_card,pitcher_k_model_v1,mlb_pitcher_props_policy_v1,current_workflow
2026-05-28|MLB|pitcher_strikeouts|name:grayson rodriguez|over|5.5|fanduel,2026-05-28,grayson rodriguez,pitcher_k,mlbam_player:680570,mlbam_player:680570,680570,mlbam_player,grayson rodriguez,MLB,pitcher_strikeouts,player_prop,LAA,DET,FanDuel,fanduel,28a4545a50aea1be3bff69f0dea3afcc,126,126,over,5.5,MLB|pitcher_strikeouts|name:grayson rodriguez|over|5.5,MLB|pitcher_strikeouts|name:grayson rodriguez|over|5.5|fanduel,6.773734092712402,6.773734092712402,1.2737340927124023,high,official,L,5,5,run_daily_card,pitcher_k_model_v1,mlb_pitcher_props_policy_v1,current_workflow
2026-05-28|MLB|pitcher_strikeouts|name:nathan eovaldi|under|6.5|betmgm,2026-05-28,nathan eovaldi,pitcher_k,mlbam_player:543135,mlbam_player:543135,543135,mlbam_player,nathan eovaldi,MLB,pitcher_strikeouts,player_prop,TEX,HOU,BetMGM,betmgm,5bacfc86e437d15ee2ffef91a1562308,-155,-155,under,6.5,MLB|pitcher_strikeouts|name:nathan eovaldi|under|6.5,MLB|pitcher_strikeouts|name:nathan eovaldi|under|6.5|betmgm,5.054497241973877,5.054497241973877,1.445502758026123,high,official,W,6,6,run_daily_card,pitcher_k_model_v1,mlb_pitcher_props_policy_v1,current_workflow
2026-05-28|MLB|pitcher_strikeouts|name:chris sale|under|7.5|fanduel,2026-05-28,chris sale,pitcher_k,mlbam_player:519242,mlbam_player:519242,519242,mlbam_player,chris sale,MLB,pitcher_strikeouts,player_prop,ATL,BOS,FanDuel,fanduel,6072e0886fb927d9ece5f578024d31e2,-102,-102,under,7.5,MLB|pitcher_strikeouts|name:chris sale|under|7.5,MLB|pitcher_strikeouts|name:chris sale|under|7.5|fanduel,6.341753959655762,6.341753959655762,1.1582460403442383,high,official,L,8,8,run_daily_card,pitcher_k_model_v1,mlb_pitcher_props_policy_v1,current_workflow
2026-05-30|MLB|pitcher_strikeouts|name:peter lambert|under|5.5|draftkings,2026-05-30,peter lambert,pitcher_k,mlbam_player:663567,mlbam_player:663567,663567,mlbam_player,peter lambert,MLB,pitcher_strikeouts,player_prop,HOU,MIL,DraftKings,draftkings,312c8ae0a68b17cfe087b0cb699c91d6,-138,-138,under,5.5,MLB|pitcher_strikeouts|name:peter lambert|under|5.5,MLB|pitcher_strikeouts|name:peter lambert|under|5.5|draftkings,2.97012996673584,2.97012996673584,2.52987003326416,high,official,W,3,3,run_daily_card,pitcher_k_model_v1,mlb_pitcher_props_policy_v1,current_workflow
2026-05-30|MLB|pitcher_strikeouts|name:jesus luzardo|over|5.5|draftkings,2026-05-30,jesus luzardo,pitcher_k,mlbam_player:666200,mlbam_player:666200,666200,mlbam_player,jesus luzardo,MLB,pitcher_strikeouts,player_prop,PHI,LAD,DraftKings,draftkings,af2ba278de4989977f4bea35a317ab65,-107,-107,over,5.5,MLB|pitcher_strikeouts|name:jesus luzardo|over|5.5,MLB|pitcher_strikeouts|name:jesus luzardo|over|5.5|draftkings,7.235321998596191,7.235321998596191,1.7353219985961914,high,official,W,6,6,run_daily_card,pitcher_k_model_v1,mlb_pitcher_props_policy_v1,current_workflow
2026-05-30|MLB|pitcher_strikeouts|name:bryan woo|over|5.5|draftkings,2026-05-30,bryan woo,pitcher_k,mlbam_player:693433,mlbam_player:693433,693433,mlbam_player,bryan woo,MLB,pitcher_strikeouts,player_prop,SEA,AZ,DraftKings,draftkings,92ca4d6ea5ebab8f636d967c1efb0fbc,-110,-110,over,5.5,MLB|pitcher_strikeouts|name:bryan woo|over|5.5,MLB|pitcher_strikeouts|name:bryan woo|over|5.5|draftkings,7.010745048522949,7.010745048522949,1.5107450485229492,high,official,W,9,9,run_daily_card,pitcher_k_model_v1,mlb_pitcher_props_policy_v1,current_workflow
2026-05-31|MLB|pitcher_strikeouts|name:jacob misiorowski|under|8.5|fanduel,2026-05-31,jacob misiorowski,pitcher_k,mlbam_player:694819,mlbam_player:694819,694819,mlbam_player,jacob misiorowski,MLB,pitcher_strikeouts,player_prop,MIL,HOU,FanDuel,fanduel,5c3f6ef1c09e80c734a171c46737c476,100,100,under,8.5,MLB|pitcher_strikeouts|name:jacob misiorowski|under|8.5,MLB|pitcher_strikeouts|name:jacob misiorowski|under|8.5|fanduel,5.498741149902344,5.498741149902344,3.0012588500976562,high,official,W,8,8,run_daily_card,pitcher_k_model_v1,mlb_pitcher_props_policy_v1,current_workflow
2026-05-31|MLB|pitcher_strikeouts|name:spencer strider|under|6.5|betmgm,2026-05-31,spencer strider,pitcher_k,mlbam_player:675911,mlbam_player:675911,675911,mlbam_player,spencer strider,MLB,pitcher_strikeouts,player_prop,ATL,CIN,BetMGM,betmgm,f37f3b31cc1e8798404f149f5cca8494,115,115,under,6.5,MLB|pitcher_strikeouts|name:spencer strider|under|6.5,MLB|pitcher_strikeouts|name:spencer strider|under|6.5|betmgm,5.033744812011719,5.033744812011719,1.4662551879882812,high,official,L,8,8,run_daily_card,pitcher_k_model_v1,mlb_pitcher_props_policy_v1,current_workflow
2026-05-31|MLB|pitcher_strikeouts|name:tanner gordon|over|3.5|fanduel,2026-05-31,tanner gordon,pitcher_k,mlbam_player:685299,mlbam_player:685299,685299,mlbam_player,tanner gordon,MLB,pitcher_strikeouts,player_prop,COL,SF,FanDuel,fanduel,ef470d863beab92055c4bbad98ea07f8,-105,-105,over,3.5,MLB|pitcher_strikeouts|name:tanner gordon|over|3.5,MLB|pitcher_strikeouts|name:tanner gordon|over|3.5|fanduel,5.183047771453857,5.183047771453857,1.6830477714538574,high,official,L,2,2,run_daily_card,pitcher_k_model_v1,mlb_pitcher_props_policy_v1,current_workflow
2026-06-01|MLB|pitcher_strikeouts|name:sandy alcantara|over|3.5|betmgm,2026-06-01,sandy alcantara,pitcher_k,mlbam_player:645261,mlbam_player:645261,645261,mlbam_player,sandy alcantara,MLB,pitcher_strikeouts,player_prop,MIA,WSH,BetMGM,betmgm,ff01c7f99eb2c7a83211f3386020fbe8,-155,-155,over,3.5,MLB|pitcher_strikeouts|name:sandy alcantara|over|3.5,MLB|pitcher_strikeouts|name:sandy alcantara|over|3.5|betmgm,6.7003865242004395,6.7003865242004395,3.2003865242004395,high,official,W,5,5,run_daily_card,pitcher_k_model_v1,mlb_pitcher_props_policy_v1,current_workflow
2026-06-01|MLB|pitcher_strikeouts|name:landen roupp|under|5.5|fanduel,2026-06-01,landen roupp,pitcher_k,mlbam_player:694738,mlbam_player:694738,694738,mlbam_player,landen roupp,MLB,pitcher_strikeouts,player_prop,SF,MIL,FanDuel,fanduel,05d72d7bf55653292200aa8a6848aec3,-102,-102,under,5.5,MLB|pitcher_strikeouts|name:landen roupp|under|5.5,MLB|pitcher_strikeouts|name:landen roupp|under|5.5|fanduel,4.069583892822266,4.069583892822266,1.4304161071777344,high,official,W,4,4,run_daily_card,pitcher_k_model_v1,mlb_pitcher_props_policy_v1,current_workflow
2026-06-01|MLB|pitcher_strikeouts|name:cade cavalli|under|5.5|draftkings,2026-06-01,cade cavalli,pitcher_k,mlbam_player:676917,mlbam_player:676917,676917,mlbam_player,cade cavalli,MLB,pitcher_strikeouts,player_prop,WSH,MIA,DraftKings,draftkings,ff01c7f99eb2c7a83211f3386020fbe8,-131,-131,under,5.5,MLB|pitcher_strikeouts|name:cade cavalli|under|5.5,MLB|pitcher_strikeouts|name:cade cavalli|under|5.5|draftkings,4.061702251434326,4.061702251434326,1.4382977485656738,high,official,L,6,6,run_daily_card,pitcher_k_model_v1,mlb_pitcher_props_policy_v1,current_workflow
2026-06-02|MLB|pitcher_strikeouts|name:kyle harrison|under|6.5|draftkings,2026-06-02,kyle harrison,pitcher_k,mlbam_player:690986,mlbam_player:690986,690986,mlbam_player,kyle harrison,MLB,pitcher_strikeouts,player_prop,MIL,SF,DraftKings,draftkings,28a4a80f7b04c4d03f249c8cb82ad092,-105,-105,under,6.5,MLB|pitcher_strikeouts|name:kyle harrison|under|6.5,MLB|pitcher_strikeouts|name:kyle harrison|under|6.5|draftkings,4.612427711486816,4.612427711486816,1.8875722885131836,high,official,L,12,12,run_daily_card,pitcher_k_model_v1,mlb_pitcher_props_policy_v1,current_workflow
2026-06-02|MLB|pitcher_strikeouts|name:logan gilbert|under|6.5|betmgm,2026-06-02,logan gilbert,pitcher_k,mlbam_player:669302,mlbam_player:669302,669302,mlbam_player,logan gilbert,MLB,pitcher_strikeouts,player_prop,SEA,NYM,BetMGM,betmgm,2fa44becfc394386d661eff0256111d3,-120,-120,under,6.5,MLB|pitcher_strikeouts|name:logan gilbert|under|6.5,MLB|pitcher_strikeouts|name:logan gilbert|under|6.5|betmgm,5.201103210449219,5.201103210449219,1.2988967895507812,high,official,L,8,8,run_daily_card,pitcher_k_model_v1,mlb_pitcher_props_policy_v1,current_workflow
2026-06-02|MLB|pitcher_strikeouts|name:grayson rodriguez|over|5.5|draftkings,2026-06-02,grayson rodriguez,pitcher_k,mlbam_player:680570,mlbam_player:680570,680570,mlbam_player,grayson rodriguez,MLB,pitcher_strikeouts,player_prop,LAA,COL,DraftKings,draftkings,8e66855f2231ccc68e5ba0ad7f2091a5,-146,-146,over,5.5,MLB|pitcher_strikeouts|name:grayson rodriguez|over|5.5,MLB|pitcher_strikeouts|name:grayson rodriguez|over|5.5|draftkings,6.610408782958984,6.610408782958984,1.1104087829589844,medium,official,L,3,3,run_daily_card,pitcher_k_model_v1,mlb_pitcher_props_policy_v1,current_workflow
2026-06-03|MLB|pitcher_strikeouts|name:zac gallen|over|3.5|draftkings,2026-06-03,zac gallen,pitcher_k,mlbam_player:668678,mlbam_player:668678,668678,mlbam_player,zac gallen,MLB,pitcher_strikeouts,player_prop,AZ,LAD,DraftKings,draftkings,f8b638ebe3a01e645658b4699fd18198,-166,-166,over,3.5,MLB|pitcher_strikeouts|name:zac gallen|over|3.5,MLB|pitcher_strikeouts|name:zac gallen|over|3.5|draftkings,5.4181718826293945,5.4181718826293945,1.9181718826293945,high,official,L,1,1,run_daily_card,pitcher_k_model_v1,mlb_pitcher_props_policy_v1,current_workflow
2026-06-03|MLB|pitcher_strikeouts|name:george kirby|over|5.5|fanduel,2026-06-03,george kirby,pitcher_k,mlbam_player:669923,mlbam_player:669923,669923,mlbam_player,george kirby,MLB,pitcher_strikeouts,player_prop,SEA,NYM,FanDuel,fanduel,9e7ec8d783bb18b8a2775b32d91e9824,-110,-110,over,5.5,MLB|pitcher_strikeouts|name:george kirby|over|5.5,MLB|pitcher_strikeouts|name:george kirby|over|5.5|fanduel,6.553605556488037,6.553605556488037,1.053605556488037,high,official,L,5,5,run_daily_card,pitcher_k_model_v1,mlb_pitcher_props_policy_v1,current_workflow
2026-06-03|MLB|pitcher_strikeouts|name:paul skenes|under|7.5|betmgm,2026-06-03,paul skenes,pitcher_k,mlbam_player:694973,mlbam_player:694973,694973,mlbam_player,paul skenes,MLB,pitcher_strikeouts,player_prop,PIT,HOU,BetMGM,betmgm,0823b4e80b16060db3aba85b41348d18,-140,-140,under,7.5,MLB|pitcher_strikeouts|name:paul skenes|under|7.5,MLB|pitcher_strikeouts|name:paul skenes|under|7.5|betmgm,6.256909370422363,6.256909370422363,1.2430906295776367,high,official,W,7,7,run_daily_card,pitcher_k_model_v1,mlb_pitcher_props_policy_v1,current_workflow
2026-06-06|MLB|pitcher_strikeouts|name:jacob misiorowski|under|8.5|draftkings,2026-06-06,jacob misiorowski,pitcher_k,mlbam_player:694819,mlbam_player:694819,694819,mlbam_player,jacob misiorowski,MLB,pitcher_strikeouts,player_prop,MIL,COL,DraftKings,draftkings,86ccb607d9a44f660c9cf85eada0f55e,-143,-143,under,8.5,MLB|pitcher_strikeouts|name:jacob misiorowski|under|8.5,MLB|pitcher_strikeouts|name:jacob misiorowski|under|8.5|draftkings,5.707444190979004,5.707444190979004,2.792555809020996,high,official,W,8,8,run_daily_card,pitcher_k_model_v1,mlb_pitcher_props_policy_v1,current_workflow
2026-06-06|MLB|pitcher_strikeouts|name:nick lodolo|over|4.5|draftkings,2026-06-06,nick lodolo,pitcher_k,mlbam_player:666157,mlbam_player:666157,666157,mlbam_player,nick lodolo,MLB,pitcher_strikeouts,player_prop,CIN,STL,DraftKings,draftkings,c516931bbaf1d49406d58e749625e96a,-143,-143,over,4.5,MLB|pitcher_strikeouts|name:nick lodolo|over|4.5,MLB|pitcher_strikeouts|name:nick lodolo|over|4.5|draftkings,6.351691246032715,6.351691246032715,1.8516912460327148,high,official,L,3,3,run_daily_card,pitcher_k_model_v1,mlb_pitcher_props_policy_v1,current_workflow
2026-06-06|MLB|pitcher_strikeouts|name:spencer strider|under|6.5|draftkings,2026-06-06,spencer strider,pitcher_k,mlbam_player:675911,mlbam_player:675911,675911,mlbam_player,spencer strider,MLB,pitcher_strikeouts,player_prop,ATL,PIT,DraftKings,draftkings,aaa4e34cd89fc75466e96cf44f14850e,-131,-131,under,6.5,MLB|pitcher_strikeouts|name:spencer strider|under|6.5,MLB|pitcher_strikeouts|name:spencer strider|under|6.5|draftkings,4.959753036499023,4.959753036499023,1.5402469635009766,high,official,W,3,3,run_daily_card,pitcher_k_model_v1,mlb_pitcher_props_policy_v1,current_workflow
2026-06-07|MLB|pitcher_strikeouts|name:sandy alcantara|over|4.5|draftkings,2026-06-07,sandy alcantara,pitcher_k,mlbam_player:645261,mlbam_player:645261,645261,mlbam_player,sandy alcantara,MLB,pitcher_strikeouts,player_prop,MIA,TB,DraftKings,draftkings,e451f91d5136c67ae9baf916ea5c9039,109,109,over,4.5,MLB|pitcher_strikeouts|name:sandy alcantara|over|4.5,MLB|pitcher_strikeouts|name:sandy alcantara|over|4.5|draftkings,6.144949436187744,6.144949436187744,1.6449494361877441,high,official,W,7,7,run_daily_card,pitcher_k_model_v1,mlb_pitcher_props_policy_v1,current_workflow
2026-06-07|MLB|pitcher_strikeouts|name:luis castillo|over|4.5|betmgm,2026-06-07,luis castillo,pitcher_k,mlbam_player:622491,mlbam_player:622491,622491,mlbam_player,luis castillo,MLB,pitcher_strikeouts,player_prop,SEA,DET,BetMGM,betmgm,738208242f58cba159d52d334814af73,-105,-105,over,4.5,MLB|pitcher_strikeouts|name:luis castillo|over|4.5,MLB|pitcher_strikeouts|name:luis castillo|over|4.5|betmgm,6.116025447845459,6.116025447845459,1.616025447845459,high,official,W,5,5,run_daily_card,pitcher_k_model_v1,mlb_pitcher_props_policy_v1,current_workflow
2026-06-07|MLB|pitcher_strikeouts|name:kyle freeland|over|3.5|draftkings,2026-06-07,kyle freeland,pitcher_k,mlbam_player:607536,mlbam_player:607536,607536,mlbam_player,kyle freeland,MLB,pitcher_strikeouts,player_prop,COL,MIL,DraftKings,draftkings,83ffce787c60a2fcb9c044c111a88c98,-112,-112,over,3.5,MLB|pitcher_strikeouts|name:kyle freeland|over|3.5,MLB|pitcher_strikeouts|name:kyle freeland|over|3.5|draftkings,4.500504016876221,4.500504016876221,1.0005040168762207,medium,official,L,2,2,run_daily_card,pitcher_k_model_v1,mlb_pitcher_props_policy_v1,current_workflow
2026-06-08|MLB|pitcher_strikeouts|name:kyle harrison|under|6.5|draftkings,2026-06-08,kyle harrison,pitcher_k,mlbam_player:690986,mlbam_player:690986,690986,mlbam_player,kyle harrison,MLB,pitcher_strikeouts,player_prop,MIL,ATH,DraftKings,draftkings,1c106a5918ccf59c350e476c157af1fe,110,110,under,6.5,MLB|pitcher_strikeouts|name:kyle harrison|under|6.5,MLB|pitcher_strikeouts|name:kyle harrison|under|6.5|draftkings,4.484465599060059,4.484465599060059,2.0155344009399414,high,official,W,4,4,run_daily_card,pitcher_k_model_v1,mlb_pitcher_props_policy_v1,current_workflow
2026-06-08|MLB|pitcher_strikeouts|name:grayson rodriguez|over|5.5|draftkings,2026-06-08,grayson rodriguez,pitcher_k,mlbam_player:680570,mlbam_player:680570,680570,mlbam_player,grayson rodriguez,MLB,pitcher_strikeouts,player_prop,LAA,HOU,DraftKings,draftkings,2db8cf8a50192fbf63e1f9018a3c1ec9,116,116,over,5.5,MLB|pitcher_strikeouts|name:grayson rodriguez|over|5.5,MLB|pitcher_strikeouts|name:grayson rodriguez|over|5.5|draftkings,6.360003471374512,6.360003471374512,0.8600034713745117,medium,official,W,6,6,run_daily_card,pitcher_k_model_v1,mlb_pitcher_props_policy_v1,current_workflow
2026-06-08|MLB|pitcher_strikeouts|name:logan webb|over|4.5|betmgm,2026-06-08,logan webb,pitcher_k,mlbam_player:657277,mlbam_player:657277,657277,mlbam_player,logan webb,MLB,pitcher_strikeouts,player_prop,SF,WSH,BetMGM,betmgm,572962f6837758b62d98ab379bcbe3c5,-160,-160,over,4.5,MLB|pitcher_strikeouts|name:logan webb|over|4.5,MLB|pitcher_strikeouts|name:logan webb|over|4.5|betmgm,5.618350028991699,5.618350028991699,1.1183500289916992,medium,official,W,7,7,run_daily_card,pitcher_k_model_v1,mlb_pitcher_props_policy_v1,current_workflow
2026-06-10|MLB|pitcher_strikeouts|name:george kirby|over|5.5|draftkings,2026-06-10,george kirby,pitcher_k,mlbam_player:669923,mlbam_player:669923,669923,mlbam_player,george kirby,MLB,pitcher_strikeouts,player_prop,SEA,BAL,DraftKings,draftkings,c679aca8a08df633e4d70c359217ffe5,115,115,over,5.5,MLB|pitcher_strikeouts|name:george kirby|over|5.5,MLB|pitcher_strikeouts|name:george kirby|over|5.5|draftkings,7.050991535186768,7.050991535186768,1.5509915351867676,high,official,W,10,10,run_daily_card,pitcher_k_model_v1,mlb_pitcher_props_policy_v1,current_workflow
2026-06-10|MLB|pitcher_strikeouts|name:reid detmers|under|6.5|fanduel,2026-06-10,reid detmers,pitcher_k,mlbam_player:672282,mlbam_player:672282,672282,mlbam_player,reid detmers,MLB,pitcher_strikeouts,player_prop,LAA,HOU,FanDuel,fanduel,325a216ed291897f85ab8c9b49ebd33d,-128,-128,under,6.5,MLB|pitcher_strikeouts|name:reid detmers|under|6.5,MLB|pitcher_strikeouts|name:reid detmers|under|6.5|fanduel,4.6832380294799805,4.6832380294799805,1.8167619705200195,high,official,L,9,9,run_daily_card,pitcher_k_model_v1,mlb_pitcher_props_policy_v1,current_workflow
2026-06-10|MLB|pitcher_strikeouts|name:michael king|under|6.5|betmgm,2026-06-10,michael king,pitcher_k,mlbam_player:650633,mlbam_player:650633,650633,mlbam_player,michael king,MLB,pitcher_strikeouts,player_prop,SD,CIN,BetMGM,betmgm,05b5c7cee311b071b85433bf42dc4612,-160,-160,under,6.5,MLB|pitcher_strikeouts|name:michael king|under|6.5,MLB|pitcher_strikeouts|name:michael king|under|6.5|betmgm,4.537293910980225,4.537293910980225,1.9627060890197754,high,official,W,3,3,run_daily_card,pitcher_k_model_v1,mlb_pitcher_props_policy_v1,current_workflow
2026-06-11|MLB|pitcher_strikeouts|name:edward cabrera|over|4.5|draftkings,2026-06-11,edward cabrera,pitcher_k,mlbam_player:665795,mlbam_player:665795,665795,mlbam_player,edward cabrera,MLB,pitcher_strikeouts,player_prop,CHC,COL,DraftKings,draftkings,14f78bdcb2257396aa9a320978303578,-112,-112,over,4.5,MLB|pitcher_strikeouts|name:edward cabrera|over|4.5,MLB|pitcher_strikeouts|name:edward cabrera|over|4.5|draftkings,6.117829322814941,6.117829322814941,1.6178293228149414,high,official,W,5,5,run_daily_card,pitcher_k_model_v1,mlb_pitcher_props_policy_v1,current_workflow
2026-06-11|MLB|pitcher_strikeouts|name:kyle bradish|over|5.5|fanduel,2026-06-11,kyle bradish,pitcher_k,mlbam_player:680694,mlbam_player:680694,680694,mlbam_player,kyle bradish,MLB,pitcher_strikeouts,player_prop,BAL,SEA,FanDuel,fanduel,03b661c71806115f4d198f6078d2c785,-108,-108,over,5.5,MLB|pitcher_strikeouts|name:kyle bradish|over|5.5,MLB|pitcher_strikeouts|name:kyle bradish|over|5.5|fanduel,6.847537517547607,6.847537517547607,1.3475375175476074,high,official,L,5,5,run_daily_card,pitcher_k_model_v1,mlb_pitcher_props_policy_v1,current_workflow
2026-06-11|MLB|pitcher_strikeouts|name:zebby matthews|over|4.5|betmgm,2026-06-11,zebby matthews,pitcher_k,mlbam_player:805673,mlbam_player:805673,805673,mlbam_player,zebby matthews,MLB,pitcher_strikeouts,player_prop,MIN,DET,BetMGM,betmgm,103e4247d0f4067efa75745bdf3a2a55,-130,-130,over,4.5,MLB|pitcher_strikeouts|name:zebby matthews|over|4.5,MLB|pitcher_strikeouts|name:zebby matthews|over|4.5|betmgm,5.832756042480469,5.832756042480469,1.3327560424804688,high,official,L,4,4,run_daily_card,pitcher_k_model_v1,mlb_pitcher_props_policy_v1,current_workflow
2026-06-16|MLB|pitcher_strikeouts|name:kumar rocker|over|3.5|fanduel,2026-06-16,kumar rocker,pitcher_k,mlbam_player:677958,mlbam_player:677958,677958,mlbam_player,kumar rocker,MLB,pitcher_strikeouts,player_prop,TEX,MIN,FanDuel,fanduel,d8a43d2497f4e529a3af914e3256955b,-160,-160,over,3.5,MLB|pitcher_strikeouts|name:kumar rocker|over|3.5,MLB|pitcher_strikeouts|name:kumar rocker|over|3.5|fanduel,5.406432628631592,5.406432628631592,1.9064326286315918,high,official,W,4,4,run_daily_card,pitcher_k_model_v1,mlb_pitcher_props_policy_v1,current_workflow
2026-06-16|MLB|pitcher_strikeouts|name:drew rasmussen|over|5.5|fanduel,2026-06-16,drew rasmussen,pitcher_k,mlbam_player:656876,mlbam_player:656876,656876,mlbam_player,drew rasmussen,MLB,pitcher_strikeouts,player_prop,TB,LAD,FanDuel,fanduel,2cbf10f5567633534b11bbd7b8a051cc,108,108,over,5.5,MLB|pitcher_strikeouts|name:drew rasmussen|over|5.5,MLB|pitcher_strikeouts|name:drew rasmussen|over|5.5|fanduel,4.436697006225586,4.436697006225586,-1.063302993774414,high,official,W,7,7,run_daily_card,pitcher_k_model_v1,mlb_pitcher_props_policy_v1,current_workflow
2026-06-16|MLB|pitcher_strikeouts|name:mitch keller|over|3.5|betmgm,2026-06-16,mitch keller,pitcher_k,mlbam_player:656605,mlbam_player:656605,656605,mlbam_player,mitch keller,MLB,pitcher_strikeouts,player_prop,PIT,ATH,BetMGM,betmgm,c20c72e3d1d902b5d151e9b6e7f76995,-165,-165,over,3.5,MLB|pitcher_strikeouts|name:mitch keller|over|3.5,MLB|pitcher_strikeouts|name:mitch keller|over|3.5|betmgm,5.190308094024658,5.190308094024658,1.6903080940246582,high,official,W,7,7,run_daily_card,pitcher_k_model_v1,mlb_pitcher_props_policy_v1,current_workflow
2026-06-18|MLB|pitcher_strikeouts|name:sonny gray|over|3.5|betmgm,2026-06-18,sonny gray,pitcher_k,mlbam_player:543243,mlbam_player:543243,543243,mlbam_player,sonny gray,MLB,pitcher_strikeouts,player_prop,BOS,TOR,BetMGM,betmgm,10b797abe19952451af8a428ab530deb,-210,-210,over,3.5,MLB|pitcher_strikeouts|name:sonny gray|over|3.5,MLB|pitcher_strikeouts|name:sonny gray|over|3.5|betmgm,5.592108249664307,5.592108249664307,2.0921082496643066,high,official,W,4,4,run_daily_card,pitcher_k_model_v1,mlb_pitcher_props_policy_v1,current_workflow
2026-06-18|MLB|pitcher_walks|name:joe ryan|over|0.5|draftkings,2026-06-18,joe ryan,pitcher_bb,mlbam_player:657746,mlbam_player:657746,657746,mlbam_player,joe ryan,MLB,pitcher_walks,player_prop,MIN,TEX,DraftKings,draftkings,bb47b41c0a375d2df45331898a1e7ec1,-251,-251,over,0.5,MLB|pitcher_walks|name:joe ryan|over|0.5,MLB|pitcher_walks|name:joe ryan|over|0.5|draftkings,1.5557459592819214,1.5557459592819214,1.0557459592819214,thin,official,W,2,2,run_daily_card,pitcher_bb_model_v1,mlb_pitcher_walks_ev_policy_v1,current_workflow
2026-06-20|MLB|pitcher_strikeouts|name:zac gallen|over|3.5|fanduel,2026-06-20,zac gallen,pitcher_k,mlbam_player:668678,mlbam_player:668678,668678,mlbam_player,zac gallen,MLB,pitcher_strikeouts,player_prop,AZ,MIN,FanDuel,fanduel,bc0eb3e2abd5d0ddb3e22dc71abf652a,-160,-160,over,3.5,MLB|pitcher_strikeouts|name:zac gallen|over|3.5,MLB|pitcher_strikeouts|name:zac gallen|over|3.5|fanduel,5.865579605102539,5.865579605102539,2.365579605102539,high,official,L,2,2,run_daily_card,pitcher_k_model_v1,mlb_pitcher_props_policy_v1,current_workflow
2026-06-20|MLB|pitcher_strikeouts|name:trevor rogers|over|3.5|draftkings,2026-06-20,trevor rogers,pitcher_k,mlbam_player:669432,mlbam_player:669432,669432,mlbam_player,trevor rogers,MLB,pitcher_strikeouts,player_prop,BAL,LAD,DraftKings,draftkings,8e059160b850333f99e5414be7fede74,-150,-150,over,3.5,MLB|pitcher_strikeouts|name:trevor rogers|over|3.5,MLB|pitcher_strikeouts|name:trevor rogers|over|3.5|draftkings,5.694499969482422,5.694499969482422,2.194499969482422,high,official,W,6,6,run_daily_card,pitcher_k_model_v1,mlb_pitcher_props_policy_v1,current_workflow
2026-06-20|MLB|pitcher_walks|name:troy melton|over|1.5|draftkings,2026-06-20,troy melton,pitcher_bb,mlbam_player:675512,mlbam_player:675512,675512,mlbam_player,troy melton,MLB,pitcher_walks,player_prop,DET,CWS,DraftKings,draftkings,f70f37528d3c150e17d2fb8ccfe42892,114,114,over,1.5,MLB|pitcher_walks|name:troy melton|over|1.5,MLB|pitcher_walks|name:troy melton|over|1.5|draftkings,1.5446172952651978,1.5446172952651978,0.044617295265197754,thin,official,W,3,3,run_daily_card,pitcher_bb_model_v1,mlb_pitcher_walks_ev_policy_v1,current_workflow
2026-07-01|MLB|pitcher_strikeouts|name:zac gallen|over|3.5|draftkings,2026-07-01,zac gallen,pitcher_k,mlbam_player:668678,mlbam_player:668678,668678,mlbam_player,zac gallen,MLB,pitcher_strikeouts,player_prop,AZ,SF,DraftKings,draftkings,4613f606f40dfab948c795bcde2caaa2,-126,-126,over,3.5,MLB|pitcher_strikeouts|name:zac gallen|over|3.5,MLB|pitcher_strikeouts|name:zac gallen|over|3.5|draftkings,5.744784832000732,5.744784832000732,2.2447848320007324,high,official,W,4,4,run_daily_card,pitcher_k_model_v1,mlb_pitcher_props_policy_v1,current_workflow
2026-07-01|MLB|pitcher_strikeouts|name:reynaldo lopez|over|3.5|fanduel,2026-07-01,reynaldo lopez,pitcher_k,mlbam_player:625643,mlbam_player:625643,625643,mlbam_player,reynaldo lopez,MLB,pitcher_strikeouts,player_prop,ATL,STL,FanDuel,fanduel,9bc02db3da6a621d686c70c4384d1a9f,118,118,over,3.5,MLB|pitcher_strikeouts|name:reynaldo lopez|over|3.5,MLB|pitcher_strikeouts|name:reynaldo lopez|over|3.5|fanduel,5.118961811065674,5.118961811065674,1.6189618110656738,high,official,W,6,6,run_daily_card,pitcher_k_model_v1,mlb_pitcher_props_policy_v1,current_workflow
2026-07-01|MLB|pitcher_strikeouts|name:colin rea|over|3.5|betmgm,2026-07-01,colin rea,pitcher_k,mlbam_player:607067,mlbam_player:607067,607067,mlbam_player,colin rea,MLB,pitcher_strikeouts,player_prop,CHC,SD,BetMGM,betmgm,51cf948cf7f0602d670ed6a922636887,-125,-125,over,3.5,MLB|pitcher_strikeouts|name:colin rea|over|3.5,MLB|pitcher_strikeouts|name:colin rea|over|3.5|betmgm,5.157695293426514,5.157695293426514,1.6576952934265137,high,official,W,5,5,run_daily_card,pitcher_k_model_v1,mlb_pitcher_props_policy_v1,current_workflow
2026-07-02|MLB|pitcher_strikeouts|name:hurston waldrep|over|3.5|fanduel,2026-07-02,hurston waldrep,pitcher_k,mlbam_player:694462,mlbam_player:694462,694462,mlbam_player,hurston waldrep,MLB,pitcher_strikeouts,player_prop,ATL,STL,FanDuel,fanduel,a0e93fcad5a057f362a048be909d86c8,108,108,over,3.5,MLB|pitcher_strikeouts|name:hurston waldrep|over|3.5,MLB|pitcher_strikeouts|name:hurston waldrep|over|3.5|fanduel,5.41765832901001,5.41765832901001,1.9176583290100098,high,official,W,4,4,run_daily_card,pitcher_k_model_v1,mlb_pitcher_props_policy_v1,current_workflow
2026-07-02|MLB|pitcher_strikeouts|name:jared jones|over|4.5|draftkings,2026-07-02,jared jones,pitcher_k,mlbam_player:683003,mlbam_player:683003,683003,mlbam_player,jared jones,MLB,pitcher_strikeouts,player_prop,PIT,PHI,DraftKings,draftkings,0d018935d27849176c88ca1dae8a8da8,-151,-151,over,4.5,MLB|pitcher_strikeouts|name:jared jones|over|4.5,MLB|pitcher_strikeouts|name:jared jones|over|4.5|draftkings,6.070989608764648,6.070989608764648,1.5709896087646484,high,official,W,6,6,run_daily_card,pitcher_k_model_v1,mlb_pitcher_props_policy_v1,current_workflow
2026-07-02|MLB|pitcher_strikeouts|name:ryan gusto|over|3.5|fanduel,2026-07-02,ryan gusto,pitcher_k,mlbam_player:687473,mlbam_player:687473,687473,mlbam_player,ryan gusto,MLB,pitcher_strikeouts,player_prop,MIA,COL,FanDuel,fanduel,bf902b3b8ba731d8cf4b422470319439,-142,-142,over,3.5,MLB|pitcher_strikeouts|name:ryan gusto|over|3.5,MLB|pitcher_strikeouts|name:ryan gusto|over|3.5|fanduel,4.823330879211426,4.823330879211426,1.3233308792114258,high,official,L,2,2,run_daily_card,pitcher_k_model_v1,mlb_pitcher_props_policy_v1,current_workflow
2026-07-03|MLB|pitcher_strikeouts|name:mitch keller|over|3.5|betmgm,2026-07-03,mitch keller,pitcher_k,mlbam_player:656605,mlbam_player:656605,656605,mlbam_player,mitch keller,MLB,pitcher_strikeouts,player_prop,PIT,WSH,BetMGM,betmgm,14423828314cc83167d6c7ce88323746,-150,-150,over,3.5,MLB|pitcher_strikeouts|name:mitch keller|over|3.5,MLB|pitcher_strikeouts|name:mitch keller|over|3.5|betmgm,5.633193492889404,5.633193492889404,2.1331934928894043,high,official,L,1,1,run_daily_card,pitcher_k_model_v1,mlb_pitcher_props_policy_v1,current_workflow
2026-07-03|MLB|pitcher_strikeouts|name:ryan feltner|over|3.5|draftkings,2026-07-03,ryan feltner,pitcher_k,mlbam_player:663372,mlbam_player:663372,663372,mlbam_player,ryan feltner,MLB,pitcher_strikeouts,player_prop,COL,SF,DraftKings,draftkings,3bf177f10d546535921fa6be841880f7,123,123,over,3.5,MLB|pitcher_strikeouts|name:ryan feltner|over|3.5,MLB|pitcher_strikeouts|name:ryan feltner|over|3.5|draftkings,4.559244632720947,4.559244632720947,1.0592446327209473,high,official,W,9,9,run_daily_card,pitcher_k_model_v1,mlb_pitcher_props_policy_v1,current_workflow
2026-07-03|MLB|pitcher_strikeouts|name:brady singer|over|4.5|betmgm,2026-07-03,brady singer,pitcher_k,mlbam_player:663903,mlbam_player:663903,663903,mlbam_player,brady singer,MLB,pitcher_strikeouts,player_prop,CIN,BAL,BetMGM,betmgm,6a7d6767bd4da0f044ab6d250c233769,-155,-155,over,4.5,MLB|pitcher_strikeouts|name:brady singer|over|4.5,MLB|pitcher_strikeouts|name:brady singer|over|4.5|betmgm,5.457722187042236,5.457722187042236,0.9577221870422363,medium,official,W,6,6,run_daily_card,pitcher_k_model_v1,mlb_pitcher_props_policy_v1,current_workflow
2026-07-04|MLB|pitcher_strikeouts|name:sandy alcantara|over|4.5|betmgm,2026-07-04,sandy alcantara,pitcher_k,mlbam_player:645261,mlbam_player:645261,645261,mlbam_player,sandy alcantara,MLB,pitcher_strikeouts,player_prop,MIA,ATH,BetMGM,betmgm,33b4c5f526bcc56b10bb39d97a8b942d,-120,-120,over,4.5,MLB|pitcher_strikeouts|name:sandy alcantara|over|4.5,MLB|pitcher_strikeouts|name:sandy alcantara|over|4.5|betmgm,6.44705867767334,6.44705867767334,1.9470586776733398,high,official,W,8,8,run_daily_card,pitcher_k_model_v1,mlb_pitcher_props_policy_v1,current_workflow
2026-07-04|MLB|pitcher_strikeouts|name:shane bieber|over|4.5|betmgm,2026-07-04,shane bieber,pitcher_k,mlbam_player:669456,mlbam_player:669456,669456,mlbam_player,shane bieber,MLB,pitcher_strikeouts,player_prop,TOR,SEA,BetMGM,betmgm,984229c1b91fa0876a5f4e5c584d4387,-140,-140,over,4.5,MLB|pitcher_strikeouts|name:shane bieber|over|4.5,MLB|pitcher_strikeouts|name:shane bieber|over|4.5|betmgm,6.191126823425293,6.191126823425293,1.691126823425293,high,official,L,3,3,run_daily_card,pitcher_k_model_v1,mlb_pitcher_props_policy_v1,current_workflow
2026-07-04|MLB|pitcher_strikeouts|name:tomoyuki sugano|over|2.5|fanduel,2026-07-04,tomoyuki sugano,pitcher_k,mlbam_player:608372,mlbam_player:608372,608372,mlbam_player,tomoyuki sugano,MLB,pitcher_strikeouts,player_prop,COL,SF,FanDuel,fanduel,01abcc9d9a9408b8be4a4acc7dc53ec5,-154,-154,over,2.5,MLB|pitcher_strikeouts|name:tomoyuki sugano|over|2.5,MLB|pitcher_strikeouts|name:tomoyuki sugano|over|2.5|fanduel,4.20265531539917,4.20265531539917,1.70265531539917,high,official,,,,run_daily_card,pitcher_k_model_v1,mlb_pitcher_props_policy_v1,current_workflow
2026-07-04|MLB|pitcher_walks|name:logan gilbert|over|0.5|draftkings,2026-07-04,logan gilbert,pitcher_bb,mlbam_player:669302,mlbam_player:669302,669302,mlbam_player,logan gilbert,MLB,pitcher_walks,player_prop,SEA,TOR,DraftKings,draftkings,984229c1b91fa0876a5f4e5c584d4387,-137,-137,over,0.5,MLB|pitcher_walks|name:logan gilbert|over|0.5,MLB|pitcher_walks|name:logan gilbert|over|0.5|draftkings,1.4197614192962646,1.4197614192962646,0.9197614192962646,high,official,L,0,0,run_daily_card,pitcher_bb_model_v1,mlb_pitcher_walks_ev_policy_v1,current_workflow
2026-07-05|MLB|pitcher_strikeouts|name:tanner gordon|over|3.5|fanduel,2026-07-05,tanner gordon,pitcher_k,mlbam_player:685299,mlbam_player:685299,685299,mlbam_player,tanner gordon,MLB,pitcher_strikeouts,player_prop,COL,SF,FanDuel,fanduel,a2dde9d9ca56dc238d564ace87b244f0,102,102,over,3.5,MLB|pitcher_strikeouts|name:tanner gordon|over|3.5,MLB|pitcher_strikeouts|name:tanner gordon|over|3.5|fanduel,5.183047771453857,5.183047771453857,1.6830477714538574,high,official,W,7,7,run_daily_card,pitcher_k_model_v1,mlb_pitcher_props_policy_v1,current_workflow
2026-07-05|MLB|pitcher_strikeouts|name:emmet sheehan|over|5.5|draftkings,2026-07-05,emmet sheehan,pitcher_k,mlbam_player:686218,mlbam_player:686218,686218,mlbam_player,emmet sheehan,MLB,pitcher_strikeouts,player_prop,LAD,SD,DraftKings,draftkings,2991d31eedcff470d7105f7237e66e03,111,111,over,5.5,MLB|pitcher_strikeouts|name:emmet sheehan|over|5.5,MLB|pitcher_strikeouts|name:emmet sheehan|over|5.5|draftkings,6.4943695068359375,6.4943695068359375,0.9943695068359375,high,official,L,5,5,run_daily_card,pitcher_k_model_v1,mlb_pitcher_props_policy_v1,current_workflow
2026-07-05|MLB|pitcher_strikeouts|name:nick lodolo|over|5.5|fanduel,2026-07-05,nick lodolo,pitcher_k,mlbam_player:666157,mlbam_player:666157,666157,mlbam_player,nick lodolo,MLB,pitcher_strikeouts,player_prop,CIN,BAL,FanDuel,fanduel,ff0f58dec0d0f4a36d53233a99151d06,-120,-120,over,5.5,MLB|pitcher_strikeouts|name:nick lodolo|over|5.5,MLB|pitcher_strikeouts|name:nick lodolo|over|5.5|fanduel,6.580632209777832,6.580632209777832,1.080632209777832,medium,official,L,4,4,run_daily_card,pitcher_k_model_v1,mlb_pitcher_props_policy_v1,current_workflow
2026-07-06|MLB|pitcher_strikeouts|name:freddy peralta|over|4.5|fanduel,2026-07-06,freddy peralta,pitcher_k,mlbam_player:642547,mlbam_player:642547,642547,mlbam_player,freddy peralta,MLB,pitcher_strikeouts,player_prop,NYM,ATL,FanDuel,fanduel,ceda0420b6aec99d07f85f99472f8c68,-142,-142,over,4.5,MLB|pitcher_strikeouts|name:freddy peralta|over|4.5,MLB|pitcher_strikeouts|name:freddy peralta|over|4.5|fanduel,5.9940972328186035,5.9940972328186035,1.4940972328186035,high,official,W,6,6,run_daily_card,pitcher_k_model_v1,mlb_pitcher_props_policy_v1,current_workflow
2026-07-06|MLB|pitcher_strikeouts|name:mike burrows|over|3.5|fanduel,2026-07-06,mike burrows,pitcher_k,mlbam_player:681347,mlbam_player:681347,681347,mlbam_player,mike burrows,MLB,pitcher_strikeouts,player_prop,HOU,WSH,FanDuel,fanduel,14986526f62254742f296b0eda680507,-162,-162,over,3.5,MLB|pitcher_strikeouts|name:mike burrows|over|3.5,MLB|pitcher_strikeouts|name:mike burrows|over|3.5|fanduel,5.0117669105529785,5.0117669105529785,1.5117669105529785,high,official,L,3,3,run_daily_card,pitcher_k_model_v1,mlb_pitcher_props_policy_v1,current_workflow
2026-07-06|MLB|pitcher_strikeouts|name:brandon pfaadt|over|3.5|draftkings,2026-07-06,brandon pfaadt,pitcher_k,mlbam_player:694297,mlbam_player:694297,694297,mlbam_player,brandon pfaadt,MLB,pitcher_strikeouts,player_prop,AZ,SD,DraftKings,draftkings,d1ba74caa5492c9e300650c9ba7bebab,-120,-120,over,3.5,MLB|pitcher_strikeouts|name:brandon pfaadt|over|3.5,MLB|pitcher_strikeouts|name:brandon pfaadt|over|3.5|draftkings,4.722975254058838,4.722975254058838,1.222975254058838,high,official,W,6,6,run_daily_card,pitcher_k_model_v1,mlb_pitcher_props_policy_v1,current_workflow
2026-07-07|MLB|pitcher_strikeouts|name:zac gallen|over|3.5|betmgm,2026-07-07,zac gallen,pitcher_k,mlbam_player:668678,mlbam_player:668678,668678,mlbam_player,zac gallen,MLB,pitcher_strikeouts,player_prop,AZ,SD,BetMGM,betmgm,622a46f12d0dc3b057125b0b59f00507,-135,-135,over,3.5,MLB|pitcher_strikeouts|name:zac gallen|over|3.5,MLB|pitcher_strikeouts|name:zac gallen|over|3.5|betmgm,5.4181718826293945,5.4181718826293945,1.9181718826293945,high,official,W,5,5,run_daily_card,pitcher_k_model_v1,mlb_pitcher_props_policy_v1,current_workflow
2026-07-07|MLB|pitcher_strikeouts|name:hurston waldrep|over|3.5|betmgm,2026-07-07,hurston waldrep,pitcher_k,mlbam_player:694462,mlbam_player:694462,694462,mlbam_player,hurston waldrep,MLB,pitcher_strikeouts,player_prop,ATL,PIT,BetMGM,betmgm,e38e52ed47e9148a67603013c94f7295,-200,-200,over,3.5,MLB|pitcher_strikeouts|name:hurston waldrep|over|3.5,MLB|pitcher_strikeouts|name:hurston waldrep|over|3.5|betmgm,5.436426639556885,5.436426639556885,1.9364266395568848,high,official,L,2,2,run_daily_card,pitcher_k_model_v1,mlb_pitcher_props_policy_v1,current_workflow
2026-07-07|MLB|pitcher_strikeouts|name:michael lorenzen|over|3.5|betmgm,2026-07-07,michael lorenzen,pitcher_k,mlbam_player:547179,mlbam_player:547179,547179,mlbam_player,michael lorenzen,MLB,pitcher_strikeouts,player_prop,COL,LAD,BetMGM,betmgm,8df69c8e501590af54db5363e5fdc3af,-135,-135,over,3.5,MLB|pitcher_strikeouts|name:michael lorenzen|over|3.5,MLB|pitcher_strikeouts|name:michael lorenzen|over|3.5|betmgm,4.917570114135742,4.917570114135742,1.4175701141357422,high,official,W,5,5,run_daily_card,pitcher_k_model_v1,mlb_pitcher_props_policy_v1,current_workflow
2026-07-08|MLB|pitcher_strikeouts|name:colin rea|over|3.5|betmgm,2026-07-08,colin rea,pitcher_k,mlbam_player:607067,mlbam_player:607067,607067,mlbam_player,colin rea,MLB,pitcher_strikeouts,player_prop,CHC,BAL,BetMGM,betmgm,fbdf2c9598b2ee82ae2cd6b9934f9b67,-165,-165,over,3.5,MLB|pitcher_strikeouts|name:colin rea|over|3.5,MLB|pitcher_strikeouts|name:colin rea|over|3.5|betmgm,5.7545857429504395,5.7545857429504395,2.2545857429504395,high,official,L,2,2,run_daily_card,pitcher_k_model_v1,mlb_pitcher_props_policy_v1,current_workflow
2026-07-08|MLB|pitcher_strikeouts|name:slade cecconi|over|3.5|betmgm,2026-07-08,slade cecconi,pitcher_k,mlbam_player:677944,mlbam_player:677944,677944,mlbam_player,slade cecconi,MLB,pitcher_strikeouts,player_prop,CLE,MIN,BetMGM,betmgm,f69a7dce841f22ee977afebfd8dfc142,-155,-155,over,3.5,MLB|pitcher_strikeouts|name:slade cecconi|over|3.5,MLB|pitcher_strikeouts|name:slade cecconi|over|3.5|betmgm,5.121346950531006,5.121346950531006,1.6213469505310059,high,official,W,4,4,run_daily_card,pitcher_k_model_v1,mlb_pitcher_props_policy_v1,current_workflow
2026-07-08|MLB|pitcher_strikeouts|name:george kirby|over|5.5|fanduel,2026-07-08,george kirby,pitcher_k,mlbam_player:669923,mlbam_player:669923,669923,mlbam_player,george kirby,MLB,pitcher_strikeouts,player_prop,SEA,MIA,FanDuel,fanduel,ee87ced2d6a2acedec0ca6c9d37dde8c,120,120,over,5.5,MLB|pitcher_strikeouts|name:george kirby|over|5.5,MLB|pitcher_strikeouts|name:george kirby|over|5.5|fanduel,6.351977348327637,6.351977348327637,0.8519773483276367,medium,official,W,7,7,run_daily_card,pitcher_k_model_v1,mlb_pitcher_props_policy_v1,current_workflow
2026-07-08|MLB|pitcher_walks|name:shane mcclanahan|over|1.5|draftkings,2026-07-08,shane mcclanahan,pitcher_bb,mlbam_player:663556,mlbam_player:663556,663556,mlbam_player,shane mcclanahan,MLB,pitcher_walks,player_prop,TB,NYY,DraftKings,draftkings,79b379f1dea98a6b1596852f00534a6c,185,185,over,1.5,MLB|pitcher_walks|name:shane mcclanahan|over|1.5,MLB|pitcher_walks|name:shane mcclanahan|over|1.5|draftkings,2.0154645442962646,2.0154645442962646,0.5154645442962646,high,official,L,0,0,run_daily_card,pitcher_bb_model_v1,mlb_pitcher_walks_ev_policy_v1,current_workflow
2026-07-08|MLB|pitcher_walks|name:gerrit cole|over|1.5|draftkings,2026-07-08,gerrit cole,pitcher_bb,mlbam_player:543037,mlbam_player:543037,543037,mlbam_player,gerrit cole,MLB,pitcher_walks,player_prop,NYY,TB,DraftKings,draftkings,79b379f1dea98a6b1596852f00534a6c,159,159,over,1.5,MLB|pitcher_walks|name:gerrit cole|over|1.5,MLB|pitcher_walks|name:gerrit cole|over|1.5|draftkings,1.7486594915390015,1.7486594915390015,0.24865949153900146,high,official,L,1,1,run_daily_card,pitcher_bb_model_v1,mlb_pitcher_walks_ev_policy_v1,current_workflow
2026-07-09|MLB|pitcher_strikeouts|name:trevor rogers|over|4.5|betmgm,2026-07-09,trevor rogers,pitcher_k,mlbam_player:669432,mlbam_player:669432,669432,mlbam_player,trevor rogers,MLB,pitcher_strikeouts,player_prop,BAL,CHC,BetMGM,betmgm,9f1eb41cd2972a08e88069d6c5b4bb6c,-105,-105,over,4.5,MLB|pitcher_strikeouts|name:trevor rogers|over|4.5,MLB|pitcher_strikeouts|name:trevor rogers|over|4.5|betmgm,5.694499969482422,5.694499969482422,1.1944999694824219,high,official,L,4,4,run_daily_card,pitcher_k_model_v1,mlb_pitcher_props_policy_v1,current_workflow
2026-07-09|MLB|pitcher_strikeouts|name:mitch keller|over|3.5|betmgm,2026-07-09,mitch keller,pitcher_k,mlbam_player:656605,mlbam_player:656605,656605,mlbam_player,mitch keller,MLB,pitcher_strikeouts,player_prop,PIT,ATL,BetMGM,betmgm,2b3ca3496277938aa74f87f24a2c064c,-135,-135,over,3.5,MLB|pitcher_strikeouts|name:mitch keller|over|3.5,MLB|pitcher_strikeouts|name:mitch keller|over|3.5|betmgm,4.809164524078369,4.809164524078369,1.3091645240783691,high,official,L,3,3,run_daily_card,pitcher_k_model_v1,mlb_pitcher_props_policy_v1,current_workflow
2026-07-09|MLB|pitcher_strikeouts|name:bryce elder|over|4.5|betmgm,2026-07-09,bryce elder,pitcher_k,mlbam_player:693821,mlbam_player:693821,693821,mlbam_player,bryce elder,MLB,pitcher_strikeouts,player_prop,ATL,PIT,BetMGM,betmgm,2b3ca3496277938aa74f87f24a2c064c,105,105,over,4.5,MLB|pitcher_strikeouts|name:bryce elder|over|4.5,MLB|pitcher_strikeouts|name:bryce elder|over|4.5|betmgm,5.518754482269287,5.518754482269287,1.018754482269287,high,official,L,3,3,run_daily_card,pitcher_k_model_v1,mlb_pitcher_props_policy_v1,current_workflow
2026-07-10|MLB|pitcher_strikeouts|name:grayson rodriguez|over|4.5|draftkings,2026-07-10,grayson rodriguez,pitcher_k,mlbam_player:680570,mlbam_player:680570,680570,mlbam_player,grayson rodriguez,MLB,pitcher_strikeouts,player_prop,LAA,MIN,DraftKings,draftkings,2461d70fb5485aced0029aaea219afeb,-104,-104,over,4.5,MLB|pitcher_strikeouts|name:grayson rodriguez|over|4.5,MLB|pitcher_strikeouts|name:grayson rodriguez|over|4.5|draftkings,6.814798355102539,6.814798355102539,2.314798355102539,high,official,L,0,0,run_daily_card,pitcher_k_model_v1,mlb_pitcher_props_policy_v1,current_workflow
2026-07-10|MLB|pitcher_strikeouts|name:shane bieber|over|4.5|betmgm,2026-07-10,shane bieber,pitcher_k,mlbam_player:669456,mlbam_player:669456,669456,mlbam_player,shane bieber,MLB,pitcher_strikeouts,player_prop,TOR,SD,BetMGM,betmgm,cc0b13e921789925a1c0502553d4ec9b,115,115,over,4.5,MLB|pitcher_strikeouts|name:shane bieber|over|4.5,MLB|pitcher_strikeouts|name:shane bieber|over|4.5|betmgm,5.893050193786621,5.893050193786621,1.393050193786621,high,official,L,4,4,run_daily_card,pitcher_k_model_v1,mlb_pitcher_props_policy_v1,current_workflow
2026-07-10|MLB|pitcher_strikeouts|name:tanner gordon|over|3.5|fanduel,2026-07-10,tanner gordon,pitcher_k,mlbam_player:685299,mlbam_player:685299,685299,mlbam_player,tanner gordon,MLB,pitcher_strikeouts,player_prop,COL,SF,FanDuel,fanduel,976819aa47554213e70bc968d9356fc4,-156,-156,over,3.5,MLB|pitcher_strikeouts|name:tanner gordon|over|3.5,MLB|pitcher_strikeouts|name:tanner gordon|over|3.5|fanduel,5.183047771453857,5.183047771453857,1.6830477714538574,high,official,L,1,1,run_daily_card,pitcher_k_model_v1,mlb_pitcher_props_policy_v1,current_workflow
2026-07-11|MLB|pitcher_strikeouts|name:reynaldo lopez|over|3.5|fanduel,2026-07-11,reynaldo lopez,pitcher_k,mlbam_player:625643,mlbam_player:625643,625643,mlbam_player,reynaldo lopez,MLB,pitcher_strikeouts,player_prop,ATL,STL,FanDuel,fanduel,a2501dff8c71ab28b0051fafeed81903,-102,-102,over,3.5,MLB|pitcher_strikeouts|name:reynaldo lopez|over|3.5,MLB|pitcher_strikeouts|name:reynaldo lopez|over|3.5|fanduel,5.118961811065674,5.118961811065674,1.6189618110656738,high,official,L,3,3,run_daily_card,pitcher_k_model_v1,mlb_pitcher_props_policy_v1,current_workflow
2026-07-11|MLB|pitcher_strikeouts|name:nick lodolo|over|4.5|fanduel,2026-07-11,nick lodolo,pitcher_k,mlbam_player:666157,mlbam_player:666157,666157,mlbam_player,nick lodolo,MLB,pitcher_strikeouts,player_prop,CIN,CHC,FanDuel,fanduel,27168ae4cc8b352a2cb7e3f6dab8b610,-148,-148,over,4.5,MLB|pitcher_strikeouts|name:nick lodolo|over|4.5,MLB|pitcher_strikeouts|name:nick lodolo|over|4.5|fanduel,6.219606876373291,6.219606876373291,1.719606876373291,high,official,L,4,4,run_daily_card,pitcher_k_model_v1,mlb_pitcher_props_policy_v1,current_workflow
2026-07-11|MLB|pitcher_strikeouts|name:brandon pfaadt|over|3.5|fanduel,2026-07-11,brandon pfaadt,pitcher_k,mlbam_player:694297,mlbam_player:694297,694297,mlbam_player,brandon pfaadt,MLB,pitcher_strikeouts,player_prop,AZ,LAD,FanDuel,fanduel,6b6370ec220748ce5deae40b503bb29c,-106,-106,over,3.5,MLB|pitcher_strikeouts|name:brandon pfaadt|over|3.5,MLB|pitcher_strikeouts|name:brandon pfaadt|over|3.5|fanduel,4.722975254058838,4.722975254058838,1.222975254058838,high,official,L,2,2,run_daily_card,pitcher_k_model_v1,mlb_pitcher_props_policy_v1,current_workflow
2026-07-12|MLB|pitcher_strikeouts|name:michael lorenzen|over|3.5|fanduel,2026-07-12,michael lorenzen,pitcher_k,mlbam_player:547179,mlbam_player:547179,547179,mlbam_player,michael lorenzen,MLB,pitcher_strikeouts,player_prop,COL,SF,FanDuel,fanduel,9d71a179d7d4dd618d4fae5516f00d95,-140,-140,over,3.5,MLB|pitcher_strikeouts|name:michael lorenzen|over|3.5,MLB|pitcher_strikeouts|name:michael lorenzen|over|3.5|fanduel,5.226202964782715,5.226202964782715,1.7262029647827148,high,official,,,,run_daily_card,pitcher_k_model_v1,mlb_pitcher_props_policy_v1,current_workflow
2026-07-12|MLB|pitcher_strikeouts|name:cristian javier|over|3.5|draftkings,2026-07-12,cristian javier,pitcher_k,mlbam_player:664299,mlbam_player:664299,664299,mlbam_player,cristian javier,MLB,pitcher_strikeouts,player_prop,HOU,TEX,DraftKings,draftkings,180ee18000bc994ba8c23c2ebc9ef746,112,112,over,3.5,MLB|pitcher_strikeouts|name:cristian javier|over|3.5,MLB|pitcher_strikeouts|name:cristian javier|over|3.5|draftkings,4.790118217468262,4.790118217468262,1.2901182174682617,high,official,,,,run_daily_card,pitcher_k_model_v1,mlb_pitcher_props_policy_v1,current_workflow
2026-07-12|MLB|pitcher_strikeouts|name:emmet sheehan|over|5.5|betmgm,2026-07-12,emmet sheehan,pitcher_k,mlbam_player:686218,mlbam_player:686218,686218,mlbam_player,emmet sheehan,MLB,pitcher_strikeouts,player_prop,LAD,AZ,BetMGM,betmgm,40ac03ae2d2b1dc11d41ced3f411f478,110,110,over,5.5,MLB|pitcher_strikeouts|name:emmet sheehan|over|5.5,MLB|pitcher_strikeouts|name:emmet sheehan|over|5.5|betmgm,6.403300762176514,6.403300762176514,0.9033007621765137,medium,official,,,,run_daily_card,pitcher_k_model_v1,mlb_pitcher_props_policy_v1,current_workflow
2026-07-12|MLB|pitcher_walks|name:tarik skubal|over|1.5|draftkings,2026-07-12,tarik skubal,pitcher_bb,mlbam_player:669373,mlbam_player:669373,669373,mlbam_player,tarik skubal,MLB,pitcher_walks,player_prop,DET,PHI,DraftKings,draftkings,44263373c8152cfeef60f3501f9f0cbc,170,170,over,1.5,MLB|pitcher_walks|name:tarik skubal|over|1.5,MLB|pitcher_walks|name:tarik skubal|over|1.5|draftkings,1.7640200853347778,1.7640200853347778,0.26402008533477783,high,official,,,,run_daily_card,pitcher_bb_model_v1,mlb_pitcher_walks_ev_policy_v1,current_workflow
2026-07-12|MLB|pitcher_walks|name:dustin may|over|1.5|draftkings,2026-07-12,dustin may,pitcher_bb,mlbam_player:669160,mlbam_player:669160,669160,mlbam_player,dustin may,MLB,pitcher_walks,player_prop,STL,ATL,DraftKings,draftkings,16afd7bc765cb79fe5e887e2e28e0b20,129,129,over,1.5,MLB|pitcher_walks|name:dustin may|over|1.5,MLB|pitcher_walks|name:dustin may|over|1.5|draftkings,2.0352394580841064,2.0352394580841064,0.5352394580841064,high,official,,,,run_daily_card,pitcher_bb_model_v1,mlb_pitcher_walks_ev_policy_v1,current_workflow
2026-07-17|MLB|pitcher_strikeouts|name:colin rea|over|3.5|fanduel,2026-07-17,colin rea,pitcher_k,mlbam_player:607067,mlbam_player:607067,607067,mlbam_player,colin rea,MLB,pitcher_strikeouts,player_prop,CHC,MIN,FanDuel,fanduel,7d92a7dff1e2a4e0569b73cf9069f2e3,-120,-120,over,3.5,MLB|pitcher_strikeouts|name:colin rea|over|3.5,MLB|pitcher_strikeouts|name:colin rea|over|3.5|fanduel,5.575728416442871,5.575728416442871,2.075728416442871,high,official,W,6,6,run_daily_card,pitcher_k_model_v1,mlb_pitcher_props_policy_v1,current_workflow
2026-07-17|MLB|pitcher_strikeouts|name:sandy alcantara|over|4.5|fanduel,2026-07-17,sandy alcantara,pitcher_k,mlbam_player:645261,mlbam_player:645261,645261,mlbam_player,sandy alcantara,MLB,pitcher_strikeouts,player_prop,MIA,MIL,FanDuel,fanduel,11dadeb57de8089d2a80fb4a82fbff1d,-140,-140,over,4.5,MLB|pitcher_strikeouts|name:sandy alcantara|over|4.5,MLB|pitcher_strikeouts|name:sandy alcantara|over|4.5|fanduel,5.981966495513916,5.981966495513916,1.481966495513916,high,official,W,7,7,run_daily_card,pitcher_k_model_v1,mlb_pitcher_props_policy_v1,current_workflow
2026-07-17|MLB|pitcher_strikeouts|name:merrill kelly|over|3.5|fanduel,2026-07-17,merrill kelly,pitcher_k,mlbam_player:518876,mlbam_player:518876,518876,mlbam_player,merrill kelly,MLB,pitcher_strikeouts,player_prop,AZ,STL,FanDuel,fanduel,2e309c8e4682895ea0516d055b78f53a,-115,-115,over,3.5,MLB|pitcher_strikeouts|name:merrill kelly|over|3.5,MLB|pitcher_strikeouts|name:merrill kelly|over|3.5|fanduel,4.598077774047852,4.598077774047852,1.0980777740478516,high,official,L,3,3,run_daily_card,pitcher_k_model_v1,mlb_pitcher_props_policy_v1,current_workflow
2026-07-18|MLB|pitcher_strikeouts|name:patrick sandoval|over|3.5|betmgm,2026-07-18,patrick sandoval,pitcher_k,mlbam_player:663776,mlbam_player:663776,663776,mlbam_player,patrick sandoval,MLB,pitcher_strikeouts,player_prop,BOS,TB,BetMGM,betmgm,698618fc0740b4cfa7a19834f721993e,-120,-120,over,3.5,MLB|pitcher_strikeouts|name:patrick sandoval|over|3.5,MLB|pitcher_strikeouts|name:patrick sandoval|over|3.5|betmgm,5.605818271636963,5.605818271636963,2.105818271636963,high,official,W,5,5,run_daily_card,pitcher_k_model_v1,mlb_pitcher_props_policy_v1,current_workflow
2026-07-18|MLB|pitcher_strikeouts|name:bryan woo|over|5.5|betmgm,2026-07-18,bryan woo,pitcher_k,mlbam_player:693433,mlbam_player:693433,693433,mlbam_player,bryan woo,MLB,pitcher_strikeouts,player_prop,SEA,SF,BetMGM,betmgm,fc2051a727661b285a4718bc4738966e,-115,-115,over,5.5,MLB|pitcher_strikeouts|name:bryan woo|over|5.5,MLB|pitcher_strikeouts|name:bryan woo|over|5.5|betmgm,7.148214340209961,7.148214340209961,1.648214340209961,high,official,W,7,7,run_daily_card,pitcher_k_model_v1,mlb_pitcher_props_policy_v1,current_workflow
2026-07-18|MLB|pitcher_strikeouts|name:grayson rodriguez|over|4.5|draftkings,2026-07-18,grayson rodriguez,pitcher_k,mlbam_player:680570,mlbam_player:680570,680570,mlbam_player,grayson rodriguez,MLB,pitcher_strikeouts,player_prop,LAA,DET,DraftKings,draftkings,9933e32d7b9c200975b046306d80856d,-152,-152,over,4.5,MLB|pitcher_strikeouts|name:grayson rodriguez|over|4.5,MLB|pitcher_strikeouts|name:grayson rodriguez|over|4.5|draftkings,6.773734092712402,6.773734092712402,2.2737340927124023,high,official,L,3,3,run_daily_card,pitcher_k_model_v1,mlb_pitcher_props_policy_v1,current_workflow
2026-07-19|MLB|pitcher_strikeouts|name:jacob lopez|over|3.5|draftkings,2026-07-19,jacob lopez,pitcher_k,mlbam_player:682052,mlbam_player:682052,682052,mlbam_player,jacob lopez,MLB,pitcher_strikeouts,player_prop,ATH,WSH,DraftKings,draftkings,ab8576134a3706666341fe754bad1d8f,-134,-134,over,3.5,MLB|pitcher_strikeouts|name:jacob lopez|over|3.5,MLB|pitcher_strikeouts|name:jacob lopez|over|3.5|draftkings,5.450155735015869,5.450155735015869,1.9501557350158691,high,official,W,6,6,run_daily_card,pitcher_k_model_v1,mlb_pitcher_props_policy_v1,current_workflow
2026-07-19|MLB|pitcher_strikeouts|name:sonny gray|over|4.5|fanduel,2026-07-19,sonny gray,pitcher_k,mlbam_player:543243,mlbam_player:543243,543243,mlbam_player,sonny gray,MLB,pitcher_strikeouts,player_prop,BOS,TB,FanDuel,fanduel,60af7c95541bfe00c28e4a14897c6ae4,-132,-132,over,4.5,MLB|pitcher_strikeouts|name:sonny gray|over|4.5,MLB|pitcher_strikeouts|name:sonny gray|over|4.5|fanduel,6.09699010848999,6.09699010848999,1.5969901084899902,high,official,W,5,5,run_daily_card,pitcher_k_model_v1,mlb_pitcher_props_policy_v1,current_workflow
2026-07-19|MLB|pitcher_strikeouts|name:grant holmes|over|4.5|fanduel,2026-07-19,grant holmes,pitcher_k,mlbam_player:656550,mlbam_player:656550,656550,mlbam_player,grant holmes,MLB,pitcher_strikeouts,player_prop,ATL,TEX,FanDuel,fanduel,e9245e202e09448d0020e3f46508dc9d,100,100,over,4.5,MLB|pitcher_strikeouts|name:grant holmes|over|4.5,MLB|pitcher_strikeouts|name:grant holmes|over|4.5|fanduel,5.399945259094238,5.399945259094238,0.8999452590942383,medium,official,L,2,2,run_daily_card,pitcher_k_model_v1,mlb_pitcher_props_policy_v1,current_workflow
2026-07-20|MLB|pitcher_strikeouts|name:bryce elder|over|3.5|draftkings,2026-07-20,bryce elder,pitcher_k,mlbam_player:693821,mlbam_player:693821,693821,mlbam_player,bryce elder,MLB,pitcher_strikeouts,player_prop,ATL,SD,DraftKings,draftkings,b829b2871533d73401916f919c2b485a,-128,-128,over,3.5,MLB|pitcher_strikeouts|name:bryce elder|over|3.5,MLB|pitcher_strikeouts|name:bryce elder|over|3.5|draftkings,5.282995223999023,5.282995223999023,1.7829952239990234,high,official,W,4,4,run_daily_card,pitcher_k_model_v1,mlb_pitcher_props_policy_v1,current_workflow
2026-07-20|MLB|pitcher_strikeouts|name:emmet sheehan|over|5.5|draftkings,2026-07-20,emmet sheehan,pitcher_k,mlbam_player:686218,mlbam_player:686218,686218,mlbam_player,emmet sheehan,MLB,pitcher_strikeouts,player_prop,LAD,PHI,DraftKings,draftkings,128e4328bfe1ffa187a85b1e5e2b5ec6,-119,-119,over,5.5,MLB|pitcher_strikeouts|name:emmet sheehan|over|5.5,MLB|pitcher_strikeouts|name:emmet sheehan|over|5.5|draftkings,6.79650354385376,6.79650354385376,1.2965035438537598,high,official,W,6,6,run_daily_card,pitcher_k_model_v1,mlb_pitcher_props_policy_v1,current_workflow
2026-07-20|MLB|pitcher_strikeouts|name:ronel blanco|over|3.5|draftkings,2026-07-20,ronel blanco,pitcher_k,mlbam_player:669854,mlbam_player:669854,669854,mlbam_player,ronel blanco,MLB,pitcher_strikeouts,player_prop,HOU,MIA,DraftKings,draftkings,417e9c61c9e75d104917a558c350fd33,-126,-126,over,3.5,MLB|pitcher_strikeouts|name:ronel blanco|over|3.5,MLB|pitcher_strikeouts|name:ronel blanco|over|3.5|draftkings,5.054046630859375,5.054046630859375,1.554046630859375,high,official,W,8,8,run_daily_card,pitcher_k_model_v1,mlb_pitcher_props_policy_v1,current_workflow
2026-07-21|MLB|pitcher_strikeouts|name:michael lorenzen|over|3.5|fanduel,2026-07-21,michael lorenzen,pitcher_k,mlbam_player:547179,mlbam_player:547179,547179,mlbam_player,michael lorenzen,MLB,pitcher_strikeouts,player_prop,COL,WSH,FanDuel,fanduel,0d8a10122998e00420770fa704603388,102,102,over,3.5,MLB|pitcher_strikeouts|name:michael lorenzen|over|3.5,MLB|pitcher_strikeouts|name:michael lorenzen|over|3.5|fanduel,5.451929092407227,5.451929092407227,1.9519290924072266,high,official,W,5,5,run_daily_card,pitcher_k_model_v1,mlb_pitcher_props_policy_v1,current_workflow
2026-07-21|MLB|pitcher_strikeouts|name:kyle bradish|over|5.5|fanduel,2026-07-21,kyle bradish,pitcher_k,mlbam_player:680694,mlbam_player:680694,680694,mlbam_player,kyle bradish,MLB,pitcher_strikeouts,player_prop,BAL,BOS,FanDuel,fanduel,ded163387935cca0e01c3281ff323291,110,110,over,5.5,MLB|pitcher_strikeouts|name:kyle bradish|over|5.5,MLB|pitcher_strikeouts|name:kyle bradish|over|5.5|fanduel,6.7468438148498535,6.7468438148498535,1.2468438148498535,high,official,,,,run_daily_card,pitcher_k_model_v1,mlb_pitcher_props_policy_v1,current_workflow
2026-07-21|MLB|pitcher_strikeouts|name:david peterson|over|3.5|fanduel,2026-07-21,david peterson,pitcher_k,mlbam_player:656849,mlbam_player:656849,656849,mlbam_player,david peterson,MLB,pitcher_strikeouts,player_prop,CHC,DET,FanDuel,fanduel,38b96dae7f6cab01cf931c9faefc2606,-162,-162,over,3.5,MLB|pitcher_strikeouts|name:david peterson|over|3.5,MLB|pitcher_strikeouts|name:david peterson|over|3.5|fanduel,5.224679470062256,5.224679470062256,1.7246794700622559,high,official,W,4,4,run_daily_card,pitcher_k_model_v1,mlb_pitcher_props_policy_v1,current_workflow
2026-07-22|MLB|pitcher_strikeouts|name:kyle bradish|over|5.5|fanduel,2026-07-22,kyle bradish,pitcher_k,mlbam_player:680694,mlbam_player:680694,680694,mlbam_player,kyle bradish,MLB,pitcher_strikeouts,player_prop,BAL,BOS,FanDuel,fanduel,e3d220f8bbf8ac99e58dbf7088695b59,128,128,over,5.5,MLB|pitcher_strikeouts|name:kyle bradish|over|5.5,MLB|pitcher_strikeouts|name:kyle bradish|over|5.5|fanduel,6.7468438148498535,6.7468438148498535,1.2468438148498535,high,official,L,4,4,run_daily_card,pitcher_k_model_v1,mlb_pitcher_props_policy_v1,current_workflow
2026-07-22|MLB|pitcher_strikeouts|name:mitch keller|over|3.5|fanduel,2026-07-22,mitch keller,pitcher_k,mlbam_player:656605,mlbam_player:656605,656605,mlbam_player,mitch keller,MLB,pitcher_strikeouts,player_prop,PIT,NYY,FanDuel,fanduel,8291188eca889695bdbc42aac91ad1e5,-166,-166,over,3.5,MLB|pitcher_strikeouts|name:mitch keller|over|3.5,MLB|pitcher_strikeouts|name:mitch keller|over|3.5|fanduel,5.518720626831055,5.518720626831055,2.0187206268310547,high,official,W,6,6,run_daily_card,pitcher_k_model_v1,mlb_pitcher_props_policy_v1,current_workflow
2026-07-22|MLB|pitcher_strikeouts|name:slade cecconi|over|3.5|draftkings,2026-07-22,slade cecconi,pitcher_k,mlbam_player:677944,mlbam_player:677944,677944,mlbam_player,slade cecconi,MLB,pitcher_strikeouts,player_prop,CLE,MIN,DraftKings,draftkings,be25eb82b82629d959c1e5ccb8dcc1e7,-134,-134,over,3.5,MLB|pitcher_strikeouts|name:slade cecconi|over|3.5,MLB|pitcher_strikeouts|name:slade cecconi|over|3.5|draftkings,5.121346950531006,5.121346950531006,1.6213469505310059,high,official,W,5,5,run_daily_card,pitcher_k_model_v1,mlb_pitcher_props_policy_v1,current_workflow
2026-07-22|MLB|pitcher_walks|name:seth lugo|over|1.5|draftkings,2026-07-22,seth lugo,pitcher_bb,mlbam_player:607625,mlbam_player:607625,607625,mlbam_player,seth lugo,MLB,pitcher_walks,player_prop,KC,SF,DraftKings,draftkings,a319064ad34e8e60220140acb9035af3,112,112,over,1.5,MLB|pitcher_walks|name:seth lugo|over|1.5,MLB|pitcher_walks|name:seth lugo|over|1.5|draftkings,2.1761677265167236,2.1761677265167236,0.6761677265167236,high,official,W,2,2,run_daily_card,pitcher_bb_model_v1,mlb_pitcher_walks_ev_policy_v1,current_workflow
2026-07-23|MLB|pitcher_strikeouts|name:shane bieber|over|4.5|draftkings,2026-07-23,shane bieber,pitcher_k,mlbam_player:669456,mlbam_player:669456,669456,mlbam_player,shane bieber,MLB,pitcher_strikeouts,player_prop,TOR,TB,DraftKings,draftkings,36ba7a8a8c46e8cc308c1dd037995889,121,121,over,4.5,MLB|pitcher_strikeouts|name:shane bieber|over|4.5,MLB|pitcher_strikeouts|name:shane bieber|over|4.5|draftkings,5.890176773071289,5.890176773071289,1.390176773071289,high,official,L,3,3,run_daily_card,pitcher_k_model_v1,mlb_pitcher_props_policy_v1,current_workflow
2026-07-23|MLB|pitcher_strikeouts|name:brandon pfaadt|over|3.5|betmgm,2026-07-23,brandon pfaadt,pitcher_k,mlbam_player:694297,mlbam_player:694297,694297,mlbam_player,brandon pfaadt,MLB,pitcher_strikeouts,player_prop,AZ,STL,BetMGM,betmgm,8e2411581a27c6dccd9eae0b233fe64c,100,100,over,3.5,MLB|pitcher_strikeouts|name:brandon pfaadt|over|3.5,MLB|pitcher_strikeouts|name:brandon pfaadt|over|3.5|betmgm,4.8404927253723145,4.8404927253723145,1.3404927253723145,high,official,L,1,1,run_daily_card,pitcher_k_model_v1,mlb_pitcher_props_policy_v1,current_workflow
2026-07-24|MLB|pitcher_strikeouts|name:grayson rodriguez|over|4.5|fanduel,2026-07-24,grayson rodriguez,pitcher_k,mlbam_player:680570,mlbam_player:680570,680570,mlbam_player,grayson rodriguez,MLB,pitcher_strikeouts,player_prop,LAA,SF,FanDuel,fanduel,2192276baf2c4e8e5358e9905c801e2f,126,126,over,4.5,MLB|pitcher_strikeouts|name:grayson rodriguez|over|4.5,MLB|pitcher_strikeouts|name:grayson rodriguez|over|4.5|fanduel,6.751749515533447,6.751749515533447,2.2517495155334473,high,official,L,3,3,run_daily_card,pitcher_k_model_v1,mlb_pitcher_props_policy_v1,current_workflow
2026-07-24|MLB|pitcher_strikeouts|name:zebby matthews|over|4.5|draftkings,2026-07-24,zebby matthews,pitcher_k,mlbam_player:805673,mlbam_player:805673,805673,mlbam_player,zebby matthews,MLB,pitcher_strikeouts,player_prop,MIN,ATH,DraftKings,draftkings,6f9f1f656034bccc0a22e55a976cdf3b,120,120,over,4.5,MLB|pitcher_strikeouts|name:zebby matthews|over|4.5,MLB|pitcher_strikeouts|name:zebby matthews|over|4.5|draftkings,5.50760555267334,5.50760555267334,1.0076055526733398,high,official,L,1,1,run_daily_card,pitcher_k_model_v1,mlb_pitcher_props_policy_v1,current_workflow
2026-07-24|MLB|pitcher_strikeouts|name:patrick sandoval|over|3.5|betmgm,2026-07-24,patrick sandoval,pitcher_k,mlbam_player:663776,mlbam_player:663776,663776,mlbam_player,patrick sandoval,MLB,pitcher_strikeouts,player_prop,BOS,TOR,BetMGM,betmgm,7cb10d307b371751677d513fb168b3bd,-185,-185,over,3.5,MLB|pitcher_strikeouts|name:patrick sandoval|over|3.5,MLB|pitcher_strikeouts|name:patrick sandoval|over|3.5|betmgm,4.9952073097229,4.9952073097229,1.4952073097229004,high,official,L,3,3,run_daily_card,pitcher_k_model_v1,mlb_pitcher_props_policy_v1,current_workflow
2026-07-25|MLB|pitcher_strikeouts|name:bryan woo|over|5.5|betmgm,2026-07-25,bryan woo,pitcher_k,mlbam_player:693433,mlbam_player:693433,693433,mlbam_player,bryan woo,MLB,pitcher_strikeouts,player_prop,SEA,TEX,BetMGM,betmgm,87b76cce3c853cd42c5b4437b091cdc6,-140,-140,over,5.5,MLB|pitcher_strikeouts|name:bryan woo|over|5.5,MLB|pitcher_strikeouts|name:bryan woo|over|5.5|betmgm,7.166314601898193,7.166314601898193,1.6663146018981934,high,official,L,5,5,run_daily_card,pitcher_k_model_v1,mlb_pitcher_props_policy_v1,current_workflow
2026-07-25|MLB|pitcher_strikeouts|name:tanner bibee|over|3.5|draftkings,2026-07-25,tanner bibee,pitcher_k,mlbam_player:676440,mlbam_player:676440,676440,mlbam_player,tanner bibee,MLB,pitcher_strikeouts,player_prop,CLE,TB,DraftKings,draftkings,6b50126f3d5d20aaeb5339572c025bf3,-168,-168,over,3.5,MLB|pitcher_strikeouts|name:tanner bibee|over|3.5,MLB|pitcher_strikeouts|name:tanner bibee|over|3.5|draftkings,5.336488246917725,5.336488246917725,1.8364882469177246,high,official,W,5,5,run_daily_card,pitcher_k_model_v1,mlb_pitcher_props_policy_v1,current_workflow
2026-07-25|MLB|pitcher_strikeouts|name:bryce elder|over|4.5|fanduel,2026-07-25,bryce elder,pitcher_k,mlbam_player:693821,mlbam_player:693821,693821,mlbam_player,bryce elder,MLB,pitcher_strikeouts,player_prop,ATL,BAL,FanDuel,fanduel,45d79b3c7b013180e77cfe3675a85eb6,-132,-132,over,4.5,MLB|pitcher_strikeouts|name:bryce elder|over|4.5,MLB|pitcher_strikeouts|name:bryce elder|over|4.5|fanduel,5.868765830993652,5.868765830993652,1.3687658309936523,high,official,W,8,8,run_daily_card,pitcher_k_model_v1,mlb_pitcher_props_policy_v1,current_workflow
2026-07-26|MLB|pitcher_strikeouts|name:andrew abbott|over|3.5|fanduel,2026-07-26,andrew abbott,pitcher_k,mlbam_player:671096,mlbam_player:671096,671096,mlbam_player,andrew abbott,MLB,pitcher_strikeouts,player_prop,CIN,STL,FanDuel,fanduel,9064f61fe767dfa3c4a613a4f02250d3,-146,-146,over,3.5,MLB|pitcher_strikeouts|name:andrew abbott|over|3.5,MLB|pitcher_strikeouts|name:andrew abbott|over|3.5|fanduel,5.293766498565674,5.293766498565674,1.7937664985656738,high,official,W,4,4,run_daily_card,pitcher_k_model_v1,mlb_pitcher_props_policy_v1,current_workflow
2026-07-26|MLB|pitcher_strikeouts|name:jose soriano|over|4.5|fanduel,2026-07-26,jose soriano,pitcher_k,mlbam_player:667755,mlbam_player:667755,667755,mlbam_player,jose soriano,MLB,pitcher_strikeouts,player_prop,LAA,SF,FanDuel,fanduel,863fffb8c7bb8eba061b9c449d582054,-150,-150,over,4.5,MLB|pitcher_strikeouts|name:jose soriano|over|4.5,MLB|pitcher_strikeouts|name:jose soriano|over|4.5|fanduel,6.081084251403809,6.081084251403809,1.5810842514038086,high,official,W,5,5,run_daily_card,pitcher_k_model_v1,mlb_pitcher_props_policy_v1,current_workflow
2026-07-26|MLB|pitcher_strikeouts|name:emmet sheehan|over|5.5|betmgm,2026-07-26,emmet sheehan,pitcher_k,mlbam_player:686218,mlbam_player:686218,686218,mlbam_player,emmet sheehan,MLB,pitcher_strikeouts,player_prop,LAD,NYM,BetMGM,betmgm,17b69aed6b1c1715ffbd01b155af848d,-120,-120,over,5.5,MLB|pitcher_strikeouts|name:emmet sheehan|over|5.5,MLB|pitcher_strikeouts|name:emmet sheehan|over|5.5|betmgm,6.437018871307373,6.437018871307373,0.937018871307373,medium,official,L,5,5,run_daily_card,pitcher_k_model_v1,mlb_pitcher_props_policy_v1,current_workflow
2026-08-01|MLB|pitcher_strikeouts|name:jack perkins|over|4.5|fanduel,2026-08-01,jack perkins,pitcher_k,mlbam_player:678022,mlbam_player:678022,678022,mlbam_player,jack perkins,MLB,pitcher_strikeouts,player_prop,ATH,DET,FanDuel,fanduel,54d17e06d14159867e038e2ea043aabd,-125,-125,over,4.5,MLB|pitcher_strikeouts|name:jack perkins|over|4.5,MLB|pitcher_strikeouts|name:jack perkins|over|4.5|fanduel,6.085717678070068,6.085717678070068,1.5857176780700684,high,official,W,9,9,run_daily_card,pitcher_k_model_v1,mlb_pitcher_props_policy_v1,current_workflow
2026-08-01|MLB|pitcher_strikeouts|name:max fried|over|5.5|fanduel,2026-08-01,max fried,pitcher_k,mlbam_player:608331,mlbam_player:608331,608331,mlbam_player,max fried,MLB,pitcher_strikeouts,player_prop,NYY,CHC,FanDuel,fanduel,1a1c1a4c350d1fb71d29920db55c19f5,134,134,over,5.5,MLB|pitcher_strikeouts|name:max fried|over|5.5,MLB|pitcher_strikeouts|name:max fried|over|5.5|fanduel,6.533066749572754,6.533066749572754,1.033066749572754,high,official,W,7,7,run_daily_card,pitcher_k_model_v1,mlb_pitcher_props_policy_v1,current_workflow
2026-08-01|MLB|pitcher_strikeouts|name:miles mikolas|over|2.5|draftkings,2026-08-01,miles mikolas,pitcher_k,mlbam_player:571945,mlbam_player:571945,571945,mlbam_player,miles mikolas,MLB,pitcher_strikeouts,player_prop,WSH,ATL,DraftKings,draftkings,07b62357ba8988490469a685727ecf38,110,110,over,2.5,MLB|pitcher_strikeouts|name:miles mikolas|over|2.5,MLB|pitcher_strikeouts|name:miles mikolas|over|2.5|draftkings,3.4698455333709717,3.4698455333709717,0.9698455333709717,high,official,W,3,3,run_daily_card,pitcher_k_model_v1,mlb_pitcher_props_policy_v1,current_workflow
2026-08-02|MLB|pitcher_strikeouts|name:george kirby|over|5.5|fanduel,2026-08-02,george kirby,pitcher_k,mlbam_player:669923,mlbam_player:669923,669923,mlbam_player,george kirby,MLB,pitcher_strikeouts,player_prop,SEA,MIN,FanDuel,fanduel,90e23149710c7c8f69e968ca8323f375,-111,-111,over,5.5,MLB|pitcher_strikeouts|name:george kirby|over|5.5,MLB|pitcher_strikeouts|name:george kirby|over|5.5|fanduel,6.950536251068115,6.950536251068115,1.4505362510681152,high,official,L,3,3,run_daily_card,pitcher_k_model_v1,mlb_pitcher_props_policy_v1,current_workflow
2026-08-02|MLB|pitcher_strikeouts|name:kyle bradish|over|5.5|fanduel,2026-08-02,kyle bradish,pitcher_k,mlbam_player:680694,mlbam_player:680694,680694,mlbam_player,kyle bradish,MLB,pitcher_strikeouts,player_prop,BAL,PHI,FanDuel,fanduel,0a83565a7c1b5059b188a176bf7ef21f,-106,-106,over,5.5,MLB|pitcher_strikeouts|name:kyle bradish|over|5.5,MLB|pitcher_strikeouts|name:kyle bradish|over|5.5|fanduel,6.831120014190674,6.831120014190674,1.3311200141906738,high,official,L,3,3,run_daily_card,pitcher_k_model_v1,mlb_pitcher_props_policy_v1,current_workflow
2026-08-02|MLB|pitcher_strikeouts|name:sandy alcantara|over|4.5|fanduel,2026-08-02,sandy alcantara,pitcher_k,mlbam_player:645261,mlbam_player:645261,645261,mlbam_player,sandy alcantara,MLB,pitcher_strikeouts,player_prop,MIA,NYM,FanDuel,fanduel,42cc8ab6df88e7bec73eafe4f684cbb1,-136,-136,over,4.5,MLB|pitcher_strikeouts|name:sandy alcantara|over|4.5,MLB|pitcher_strikeouts|name:sandy alcantara|over|4.5|fanduel,6.071935176849365,6.071935176849365,1.5719351768493652,high,official,W,5,5,run_daily_card,pitcher_k_model_v1,mlb_pitcher_props_policy_v1,current_workflow
2026-08-02|MLB|pitcher_walks|name:seth lugo|over|1.5|draftkings,2026-08-02,seth lugo,pitcher_bb,mlbam_player:607625,mlbam_player:607625,607625,mlbam_player,seth lugo,MLB,pitcher_walks,player_prop,KC,COL,DraftKings,draftkings,c77232b741072d22e3c49926ff91c383,153,153,over,1.5,MLB|pitcher_walks|name:seth lugo|over|1.5,MLB|pitcher_walks|name:seth lugo|over|1.5|draftkings,1.9463924169540405,1.9463924169540405,0.4463924169540405,high,official,W,5,5,run_daily_card,pitcher_bb_model_v1,mlb_pitcher_walks_ev_policy_v1,current_workflow
2026-08-03|MLB|pitcher_strikeouts|name:shane bieber|over|3.5|fanduel,2026-08-03,shane bieber,pitcher_k,mlbam_player:669456,mlbam_player:669456,669456,mlbam_player,shane bieber,MLB,pitcher_strikeouts,player_prop,TOR,HOU,FanDuel,fanduel,dce673f29a2a1bdfc8ad0e51de72a21d,-154,-154,over,3.5,MLB|pitcher_strikeouts|name:shane bieber|over|3.5,MLB|pitcher_strikeouts|name:shane bieber|over|3.5|fanduel,5.8963942527771,5.8963942527771,2.3963942527770996,high,official,W,6,6,run_daily_card,pitcher_k_model_v1,mlb_pitcher_props_policy_v1,current_workflow
2026-08-03|MLB|pitcher_strikeouts|name:michael lorenzen|over|3.5|draftkings,2026-08-03,michael lorenzen,pitcher_k,mlbam_player:547179,mlbam_player:547179,547179,mlbam_player,michael lorenzen,MLB,pitcher_strikeouts,player_prop,COL,TB,DraftKings,draftkings,ec933bb866229ec8d1ed9b978c363175,136,136,over,3.5,MLB|pitcher_strikeouts|name:michael lorenzen|over|3.5,MLB|pitcher_strikeouts|name:michael lorenzen|over|3.5|draftkings,4.881021499633789,4.881021499633789,1.381021499633789,high,official,L,0,0,run_daily_card,pitcher_k_model_v1,mlb_pitcher_props_policy_v1,current_workflow
2026-08-03|MLB|pitcher_strikeouts|name:brandon pfaadt|over|3.5|betmgm,2026-08-03,brandon pfaadt,pitcher_k,mlbam_player:694297,mlbam_player:694297,694297,mlbam_player,brandon pfaadt,MLB,pitcher_strikeouts,player_prop,AZ,SD,BetMGM,betmgm,caa5090c496576a1a597ac531d646e9b,-160,-160,over,3.5,MLB|pitcher_strikeouts|name:brandon pfaadt|over|3.5,MLB|pitcher_strikeouts|name:brandon pfaadt|over|3.5|betmgm,4.719088554382324,4.719088554382324,1.2190885543823242,medium,official,L,3,3,run_daily_card,pitcher_k_model_v1,mlb_pitcher_props_policy_v1,current_workflow
2026-08-03|MLB|pitcher_walks|name:bubba chandler|under|2.5|draftkings,2026-08-03,bubba chandler,pitcher_bb,mlbam_player:696149,mlbam_player:696149,696149,mlbam_player,bubba chandler,MLB,pitcher_walks,player_prop,PIT,MIL,DraftKings,draftkings,de37e0dedc65578fdd76ba2fe3519038,-165,-165,under,2.5,MLB|pitcher_walks|name:bubba chandler|under|2.5,MLB|pitcher_walks|name:bubba chandler|under|2.5|draftkings,1.2242183685302734,1.2242183685302734,1.2757816314697266,high,official,L,4,4,run_daily_card,pitcher_bb_model_v1,mlb_pitcher_walks_ev_policy_v1,current_workflow
2026-08-04|MLB|pitcher_strikeouts|name:grayson rodriguez|over|4.5|draftkings,2026-08-04,grayson rodriguez,pitcher_k,mlbam_player:680570,mlbam_player:680570,680570,mlbam_player,grayson rodriguez,MLB,pitcher_strikeouts,player_prop,LAA,BAL,DraftKings,draftkings,fadc6a3080af39afc5de586f3e2945a3,-163,-163,over,4.5,MLB|pitcher_strikeouts|name:grayson rodriguez|over|4.5,MLB|pitcher_strikeouts|name:grayson rodriguez|over|4.5|draftkings,6.7638325691223145,6.7638325691223145,2.2638325691223145,high,official,W,6,6,run_daily_card,pitcher_k_model_v1,mlb_pitcher_props_policy_v1,current_workflow
2026-08-04|MLB|pitcher_strikeouts|name:randy vasquez|over|2.5|betmgm,2026-08-04,randy vasquez,pitcher_k,mlbam_player:681190,mlbam_player:681190,681190,mlbam_player,randy vasquez,MLB,pitcher_strikeouts,player_prop,SD,AZ,BetMGM,betmgm,21df82e501e6c1d230d9c511b814ed68,-110,-110,over,2.5,MLB|pitcher_strikeouts|name:randy vasquez|over|2.5,MLB|pitcher_strikeouts|name:randy vasquez|over|2.5|betmgm,3.6944785118103027,3.6944785118103027,1.1944785118103027,high,official,L,1,1,run_daily_card,pitcher_k_model_v1,mlb_pitcher_props_policy_v1,current_workflow
2026-08-04|MLB|pitcher_strikeouts|name:zack littell|over|3.5|draftkings,2026-08-04,zack littell,pitcher_k,mlbam_player:641793,mlbam_player:641793,641793,mlbam_player,zack littell,MLB,pitcher_strikeouts,player_prop,WSH,PHI,DraftKings,draftkings,9d696e41666e6fc76dc4b83ced2e8996,131,131,over,3.5,MLB|pitcher_strikeouts|name:zack littell|over|3.5,MLB|pitcher_strikeouts|name:zack littell|over|3.5|draftkings,4.439565658569336,4.439565658569336,0.9395656585693359,high,official,L,2,2,run_daily_card,pitcher_k_model_v1,mlb_pitcher_props_policy_v1,current_workflow
2026-08-04|MLB|pitcher_walks|name:joe ryan|over|1.5|draftkings,2026-08-04,joe ryan,pitcher_bb,mlbam_player:657746,mlbam_player:657746,657746,mlbam_player,joe ryan,MLB,pitcher_walks,player_prop,MIN,KC,DraftKings,draftkings,9c77a3a4edfe3bf897bbe0330b1edbb7,165,165,over,1.5,MLB|pitcher_walks|name:joe ryan|over|1.5,MLB|pitcher_walks|name:joe ryan|over|1.5|draftkings,1.6495208740234375,1.6495208740234375,0.1495208740234375,high,official,W,2,2,run_daily_card,pitcher_bb_model_v1,mlb_pitcher_walks_ev_policy_v1,current_workflow
2026-08-05|MLB|pitcher_strikeouts|name:tomoyuki sugano|over|2.5|fanduel,2026-08-05,tomoyuki sugano,pitcher_k,mlbam_player:608372,mlbam_player:608372,608372,mlbam_player,tomoyuki sugano,MLB,pitcher_strikeouts,player_prop,COL,TB,FanDuel,fanduel,afe94dee1642445e86e426474b8e7dee,-115,-115,over,2.5,MLB|pitcher_strikeouts|name:tomoyuki sugano|over|2.5,MLB|pitcher_strikeouts|name:tomoyuki sugano|over|2.5|fanduel,3.942636251449585,3.942636251449585,1.442636251449585,high,official,W,3,3,run_daily_card,pitcher_k_model_v1,mlb_pitcher_props_policy_v1,current_workflow
2026-08-05|MLB|pitcher_strikeouts|name:bryan woo|over|5.5|betmgm,2026-08-05,bryan woo,pitcher_k,mlbam_player:693433,mlbam_player:693433,693433,mlbam_player,bryan woo,MLB,pitcher_strikeouts,player_prop,SEA,DET,BetMGM,betmgm,c11df69093aad0e5197616cffda86d73,-155,-155,over,5.5,MLB|pitcher_strikeouts|name:bryan woo|over|5.5,MLB|pitcher_strikeouts|name:bryan woo|over|5.5|betmgm,7.002822399139404,7.002822399139404,1.5028223991394043,high,official,L,5,5,run_daily_card,pitcher_k_model_v1,mlb_pitcher_props_policy_v1,current_workflow
2026-08-05|MLB|pitcher_strikeouts|name:cody bradford|over|3.5|betmgm,2026-08-05,cody bradford,pitcher_k,mlbam_player:674003,mlbam_player:674003,674003,mlbam_player,cody bradford,MLB,pitcher_strikeouts,player_prop,TEX,SF,BetMGM,betmgm,1af87dcd6b0633f04d74f0dea798bee9,-140,-140,over,3.5,MLB|pitcher_strikeouts|name:cody bradford|over|3.5,MLB|pitcher_strikeouts|name:cody bradford|over|3.5|betmgm,4.765396595001221,4.765396595001221,1.2653965950012207,high,official,W,5,5,run_daily_card,pitcher_k_model_v1,mlb_pitcher_props_policy_v1,current_workflow
2026-08-06|MLB|pitcher_strikeouts|name:luis castillo|over|3.5|betmgm,2026-08-06,luis castillo,pitcher_k,mlbam_player:622491,mlbam_player:622491,622491,mlbam_player,luis castillo,MLB,pitcher_strikeouts,player_prop,CWS,BOS,BetMGM,betmgm,ea84587619219eda157528a5519fdb38,-185,-185,over,3.5,MLB|pitcher_strikeouts|name:luis castillo|over|3.5,MLB|pitcher_strikeouts|name:luis castillo|over|3.5|betmgm,5.64076566696167,5.64076566696167,2.14076566696167,high,official,W,5,5,run_daily_card,pitcher_k_model_v1,mlb_pitcher_props_policy_v1,current_workflow
2026-08-06|MLB|pitcher_strikeouts|name:miles mikolas|over|2.5|betmgm,2026-08-06,miles mikolas,pitcher_k,mlbam_player:571945,mlbam_player:571945,571945,mlbam_player,miles mikolas,MLB,pitcher_strikeouts,player_prop,WSH,PHI,BetMGM,betmgm,e5bd0415f3218955de3af0edaea0e987,-175,-175,over,2.5,MLB|pitcher_strikeouts|name:miles mikolas|over|2.5,MLB|pitcher_strikeouts|name:miles mikolas|over|2.5|betmgm,3.8502278327941895,3.8502278327941895,1.3502278327941895,medium,official,L,1,1,run_daily_card,pitcher_k_model_v1,mlb_pitcher_props_policy_v1,current_workflow
2026-08-06|MLB|pitcher_strikeouts|name:andrew abbott|over|4.5|fanduel,2026-08-06,andrew abbott,pitcher_k,mlbam_player:671096,mlbam_player:671096,671096,mlbam_player,andrew abbott,MLB,pitcher_strikeouts,player_prop,CIN,ATH,FanDuel,fanduel,7c802d98715da7e739509739f8e60f5f,104,104,over,4.5,MLB|pitcher_strikeouts|name:andrew abbott|over|4.5,MLB|pitcher_strikeouts|name:andrew abbott|over|4.5|fanduel,5.302456378936768,5.302456378936768,0.8024563789367676,medium,official,L,4,4,run_daily_card,pitcher_k_model_v1,mlb_pitcher_props_policy_v1,current_workflow
2026-08-07|MLB|pitcher_strikeouts|name:jose soriano|over|4.5|draftkings,2026-08-07,jose soriano,pitcher_k,mlbam_player:667755,mlbam_player:667755,667755,mlbam_player,jose soriano,MLB,pitcher_strikeouts,player_prop,TOR,PHI,DraftKings,draftkings,de2d6836db4bc97363ff6663002a1226,-106,-106,over,4.5,MLB|pitcher_strikeouts|name:jose soriano|over|4.5,MLB|pitcher_strikeouts|name:jose soriano|over|4.5|draftkings,6.039199352264404,6.039199352264404,1.5391993522644043,high,official,L,3,3,run_daily_card,pitcher_k_model_v1,mlb_pitcher_props_policy_v1,current_workflow
2026-08-07|MLB|pitcher_strikeouts|name:max fried|over|5.5|draftkings,2026-08-07,max fried,pitcher_k,mlbam_player:608331,mlbam_player:608331,608331,mlbam_player,max fried,MLB,pitcher_strikeouts,player_prop,NYY,ATL,DraftKings,draftkings,f21b26648f99c091191633eaa4b9d593,105,105,over,5.5,MLB|pitcher_strikeouts|name:max fried|over|5.5,MLB|pitcher_strikeouts|name:max fried|over|5.5|draftkings,6.457724094390869,6.457724094390869,0.9577240943908691,medium,official,W,7,7,run_daily_card,pitcher_k_model_v1,mlb_pitcher_props_policy_v1,current_workflow
2026-08-07|MLB|pitcher_strikeouts|name:ryan feltner|over|3.5|draftkings,2026-08-07,ryan feltner,pitcher_k,mlbam_player:663372,mlbam_player:663372,663372,mlbam_player,ryan feltner,MLB,pitcher_strikeouts,player_prop,COL,STL,DraftKings,draftkings,8c55b85bc3145610b69af3bd9f09586e,127,127,over,3.5,MLB|pitcher_strikeouts|name:ryan feltner|over|3.5,MLB|pitcher_strikeouts|name:ryan feltner|over|3.5|draftkings,4.375316619873047,4.375316619873047,0.8753166198730469,medium,official,L,2,2,run_daily_card,pitcher_k_model_v1,mlb_pitcher_props_policy_v1,current_workflow
2026-08-08|MLB|pitcher_strikeouts|name:chase burns|over|5.5|draftkings,2026-08-08,chase burns,pitcher_k,mlbam_player:695505,mlbam_player:695505,695505,mlbam_player,chase burns,MLB,pitcher_strikeouts,player_prop,CIN,WSH,DraftKings,draftkings,254ca63a4cce98af560e2a7fa7b64551,-128,-128,over,5.5,MLB|pitcher_strikeouts|name:chase burns|over|5.5,MLB|pitcher_strikeouts|name:chase burns|over|5.5|draftkings,7.491682529449463,7.491682529449463,1.991682529449463,high,official,W,6,6,run_daily_card,pitcher_k_model_v1,mlb_pitcher_props_policy_v1,current_workflow
2026-08-08|MLB|pitcher_strikeouts|name:george kirby|over|4.5|betmgm,2026-08-08,george kirby,pitcher_k,mlbam_player:669923,mlbam_player:669923,669923,mlbam_player,george kirby,MLB,pitcher_strikeouts,player_prop,SEA,TB,BetMGM,betmgm,79a0c1e324175df9d0c7f93de8d4dc44,-135,-135,over,4.5,MLB|pitcher_strikeouts|name:george kirby|over|4.5,MLB|pitcher_strikeouts|name:george kirby|over|4.5|betmgm,6.468252658843994,6.468252658843994,1.9682526588439941,high,official,L,2,2,run_daily_card,pitcher_k_model_v1,mlb_pitcher_props_policy_v1,current_workflow
2026-08-08|MLB|pitcher_strikeouts|name:kyle bradish|over|5.5|fanduel,2026-08-08,kyle bradish,pitcher_k,mlbam_player:680694,mlbam_player:680694,680694,mlbam_player,kyle bradish,MLB,pitcher_strikeouts,player_prop,BAL,TEX,FanDuel,fanduel,d9ec780336d9a4003b470398837385da,102,102,over,5.5,MLB|pitcher_strikeouts|name:kyle bradish|over|5.5,MLB|pitcher_strikeouts|name:kyle bradish|over|5.5|fanduel,6.740055084228516,6.740055084228516,1.2400550842285156,high,official,L,4,4,run_daily_card,pitcher_k_model_v1,mlb_pitcher_props_policy_v1,current_workflow
2026-08-08|MLB|pitcher_walks|name:chris sale|over|1.5|draftkings,2026-08-08,chris sale,pitcher_bb,mlbam_player:519242,mlbam_player:519242,519242,mlbam_player,chris sale,MLB,pitcher_walks,player_prop,ATL,NYY,DraftKings,draftkings,5c292777a98d90d363d05f1ad9eb489d,147,147,over,1.5,MLB|pitcher_walks|name:chris sale|over|1.5,MLB|pitcher_walks|name:chris sale|over|1.5|draftkings,2.0507426261901855,2.0507426261901855,0.5507426261901855,high,official,W,2,2,run_daily_card,pitcher_bb_model_v1,mlb_pitcher_walks_ev_policy_v1,current_workflow
2026-08-08|MLB|pitcher_walks|name:gerrit cole|over|1.5|draftkings,2026-08-08,gerrit cole,pitcher_bb,mlbam_player:543037,mlbam_player:543037,543037,mlbam_player,gerrit cole,MLB,pitcher_walks,player_prop,NYY,ATL,DraftKings,draftkings,5c292777a98d90d363d05f1ad9eb489d,120,120,over,1.5,MLB|pitcher_walks|name:gerrit cole|over|1.5,MLB|pitcher_walks|name:gerrit cole|over|1.5|draftkings,2.0349080562591553,2.0349080562591553,0.5349080562591553,high,official,L,0,0,run_daily_card,pitcher_bb_model_v1,mlb_pitcher_walks_ev_policy_v1,current_workflow
2026-08-09|MLB|pitcher_strikeouts|name:shane bieber|over|3.5|fanduel,2026-08-09,shane bieber,pitcher_k,mlbam_player:669456,mlbam_player:669456,669456,mlbam_player,shane bieber,MLB,pitcher_strikeouts,player_prop,TOR,PHI,FanDuel,fanduel,8b5f6c697c629a56e47212f0e767cc15,-138,-138,over,3.5,MLB|pitcher_strikeouts|name:shane bieber|over|3.5,MLB|pitcher_strikeouts|name:shane bieber|over|3.5|fanduel,6.173279285430908,6.173279285430908,2.673279285430908,high,official,W,4,4,run_daily_card,pitcher_k_model_v1,mlb_pitcher_props_policy_v1,current_workflow
2026-08-09|MLB|pitcher_strikeouts|name:michael lorenzen|over|3.5|betmgm,2026-08-09,michael lorenzen,pitcher_k,mlbam_player:547179,mlbam_player:547179,547179,mlbam_player,michael lorenzen,MLB,pitcher_strikeouts,player_prop,COL,STL,BetMGM,betmgm,6b6ba5b15bfaaa7ec8e1e6d5c8666468,135,135,over,3.5,MLB|pitcher_strikeouts|name:michael lorenzen|over|3.5,MLB|pitcher_strikeouts|name:michael lorenzen|over|3.5|betmgm,5.058566570281982,5.058566570281982,1.5585665702819824,high,official,L,1,1,run_daily_card,pitcher_k_model_v1,mlb_pitcher_props_policy_v1,current_workflow
2026-08-09|MLB|pitcher_strikeouts|name:cristian javier|over|3.5|fanduel,2026-08-09,cristian javier,pitcher_k,mlbam_player:664299,mlbam_player:664299,664299,mlbam_player,cristian javier,MLB,pitcher_strikeouts,player_prop,HOU,SD,FanDuel,fanduel,0bdcc169898fa56f98953c275c5f9d4e,120,120,over,3.5,MLB|pitcher_strikeouts|name:cristian javier|over|3.5,MLB|pitcher_strikeouts|name:cristian javier|over|3.5|fanduel,4.631198883056641,4.631198883056641,1.1311988830566406,high,official,L,2,2,run_daily_card,pitcher_k_model_v1,mlb_pitcher_props_policy_v1,current_workflow
2026-08-09|MLB|pitcher_walks|name:cam schlittler|over|1.5|draftkings,2026-08-09,cam schlittler,pitcher_bb,mlbam_player:693645,mlbam_player:693645,693645,mlbam_player,cam schlittler,MLB,pitcher_walks,player_prop,NYY,ATL,DraftKings,draftkings,daa4e04859053509cd5193e35c94fd0f,139,139,over,1.5,MLB|pitcher_walks|name:cam schlittler|over|1.5,MLB|pitcher_walks|name:cam schlittler|over|1.5|draftkings,2.0755112171173096,2.0755112171173096,0.5755112171173096,high,official,L,0,0,run_daily_card,pitcher_bb_model_v1,mlb_pitcher_walks_ev_policy_v1,current_workflow
2026-08-09|MLB|pitcher_walks|name:jared jones|over|1.5|draftkings,2026-08-09,jared jones,pitcher_bb,mlbam_player:683003,mlbam_player:683003,683003,mlbam_player,jared jones,MLB,pitcher_walks,player_prop,PIT,NYM,DraftKings,draftkings,3081c067af129c2354800a0fde3a3568,136,136,over,1.5,MLB|pitcher_walks|name:jared jones|over|1.5,MLB|pitcher_walks|name:jared jones|over|1.5|draftkings,1.9571141004562378,1.9571141004562378,0.4571141004562378,high,official,W,3,3,run_daily_card,pitcher_bb_model_v1,mlb_pitcher_walks_ev_policy_v1,current_workflow
2026-08-09|MLB|pitcher_walks|name:matthew boyd|over|1.5|draftkings,2026-08-09,matthew boyd,pitcher_bb,mlbam_player:571510,mlbam_player:571510,571510,mlbam_player,matthew boyd,MLB,pitcher_walks,player_prop,CHC,KC,DraftKings,draftkings,d9bb4855e4ed5d8ae038db62356ed74f,172,172,over,1.5,MLB|pitcher_walks|name:matthew boyd|over|1.5,MLB|pitcher_walks|name:matthew boyd|over|1.5|draftkings,1.5872474908828735,1.5872474908828735,0.08724749088287354,high,official,W,3,3,run_daily_card,pitcher_bb_model_v1,mlb_pitcher_walks_ev_policy_v1,current_workflow
2026-08-10|MLB|pitcher_strikeouts|name:freddy peralta|over|4.5|fanduel,2026-08-10,freddy peralta,pitcher_k,mlbam_player:642547,mlbam_player:642547,642547,mlbam_player,freddy peralta,MLB,pitcher_strikeouts,player_prop,TB,ATH,FanDuel,fanduel,5587cc1ecdf775d79a5d6efb0d87a1b4,-115,-115,over,4.5,MLB|pitcher_strikeouts|name:freddy peralta|over|4.5,MLB|pitcher_strikeouts|name:freddy peralta|over|4.5|fanduel,6.155460834503174,6.155460834503174,1.6554608345031738,high,official,W,5,5,run_daily_card,pitcher_k_model_v1,mlb_pitcher_props_policy_v1,current_workflow
2026-08-10|MLB|pitcher_strikeouts|name:hayden wesneski|over|3.5|fanduel,2026-08-10,hayden wesneski,pitcher_k,mlbam_player:669713,mlbam_player:669713,669713,mlbam_player,hayden wesneski,MLB,pitcher_strikeouts,player_prop,HOU,SF,FanDuel,fanduel,9ce232af92e1165ab3648c66fd2700e3,-156,-156,over,3.5,MLB|pitcher_strikeouts|name:hayden wesneski|over|3.5,MLB|pitcher_strikeouts|name:hayden wesneski|over|3.5|fanduel,5.053130149841309,5.053130149841309,1.5531301498413086,high,official,W,4,4,run_daily_card,pitcher_k_model_v1,mlb_pitcher_props_policy_v1,current_workflow
2026-08-10|MLB|pitcher_strikeouts|name:trevor rogers|over|4.5|fanduel,2026-08-10,trevor rogers,pitcher_k,mlbam_player:669432,mlbam_player:669432,669432,mlbam_player,trevor rogers,MLB,pitcher_strikeouts,player_prop,BAL,MIN,FanDuel,fanduel,253334441d4a57efddaf3e77f2c41ad4,-148,-148,over,4.5,MLB|pitcher_strikeouts|name:trevor rogers|over|4.5,MLB|pitcher_strikeouts|name:trevor rogers|over|4.5|fanduel,5.996790409088135,5.996790409088135,1.4967904090881348,high,official,L,4,4,run_daily_card,pitcher_k_model_v1,mlb_pitcher_props_policy_v1,current_workflow
2026-08-11|MLB|pitcher_strikeouts|name:nick lodolo|over|4.5|fanduel,2026-08-11,nick lodolo,pitcher_k,mlbam_player:666157,mlbam_player:666157,666157,mlbam_player,nick lodolo,MLB,pitcher_strikeouts,player_prop,CIN,CWS,FanDuel,fanduel,bd7e76db673b0ad81d62b744ba2d18d1,-111,-111,over,4.5,MLB|pitcher_strikeouts|name:nick lodolo|over|4.5,MLB|pitcher_strikeouts|name:nick lodolo|over|4.5|fanduel,6.199700832366943,6.199700832366943,1.6997008323669434,high,official,W,5,5,run_daily_card,pitcher_k_model_v1,mlb_pitcher_props_policy_v1,current_workflow
2026-08-11|MLB|pitcher_strikeouts|name:tanner bibee|over|4.5|draftkings,2026-08-11,tanner bibee,pitcher_k,mlbam_player:676440,mlbam_player:676440,676440,mlbam_player,tanner bibee,MLB,pitcher_strikeouts,player_prop,CLE,DET,DraftKings,draftkings,2acdb349dc48b0b151d3ecf05b134e88,-105,-105,over,4.5,MLB|pitcher_strikeouts|name:tanner bibee|over|4.5,MLB|pitcher_strikeouts|name:tanner bibee|over|4.5|draftkings,6.0925679206848145,6.0925679206848145,1.5925679206848145,high,official,L,4,4,run_daily_card,pitcher_k_model_v1,mlb_pitcher_props_policy_v1,current_workflow
2026-08-11|MLB|pitcher_strikeouts|name:andre pallante|over|3.5|fanduel,2026-08-11,andre pallante,pitcher_k,mlbam_player:669467,mlbam_player:669467,669467,mlbam_player,andre pallante,MLB,pitcher_strikeouts,player_prop,STL,PHI,FanDuel,fanduel,fc1d0b97ed35a31e5f1f60df77f6b377,112,112,over,3.5,MLB|pitcher_strikeouts|name:andre pallante|over|3.5,MLB|pitcher_strikeouts|name:andre pallante|over|3.5|fanduel,4.488702774047852,4.488702774047852,0.9887027740478516,high,official,L,2,2,run_daily_card,pitcher_k_model_v1,mlb_pitcher_props_policy_v1,current_workflow
2026-08-12|MLB|pitcher_strikeouts|name:zack wheeler|over|5.5|fanduel,2026-08-12,zack wheeler,pitcher_k,mlbam_player:554430,mlbam_player:554430,554430,mlbam_player,zack wheeler,MLB,pitcher_strikeouts,player_prop,PHI,STL,FanDuel,fanduel,99d0aa9944cae60f4cd020c7b883b0e9,-148,-148,over,5.5,MLB|pitcher_strikeouts|name:zack wheeler|over|5.5,MLB|pitcher_strikeouts|name:zack wheeler|over|5.5|fanduel,7.26276159286499,7.26276159286499,1.7627615928649902,high,official,L,5,5,run_daily_card,pitcher_k_model_v1,mlb_pitcher_props_policy_v1,current_workflow
2026-08-12|MLB|pitcher_strikeouts|name:daniel lynch iv|over|1.5|betmgm,2026-08-12,daniel lynch iv,pitcher_k,mlbam_player:663738,mlbam_player:663738,663738,mlbam_player,daniel lynch iv,MLB,pitcher_strikeouts,player_prop,KC,LAD,BetMGM,betmgm,b0c3869f276e1d63fbbce0cfdcbf8f1c,-190,-190,over,1.5,MLB|pitcher_strikeouts|name:daniel lynch iv|over|1.5,MLB|pitcher_strikeouts|name:daniel lynch iv|over|1.5|betmgm,3.4761834144592285,3.4761834144592285,1.9761834144592285,high,official,W,3,3,run_daily_card,pitcher_k_model_v1,mlb_pitcher_props_policy_v1,current_workflow
2026-08-12|MLB|pitcher_strikeouts|name:jack perkins|over|3.5|draftkings,2026-08-12,jack perkins,pitcher_k,mlbam_player:678022,mlbam_player:678022,678022,mlbam_player,jack perkins,MLB,pitcher_strikeouts,player_prop,ATH,TB,DraftKings,draftkings,faaf742bd19eafaaa516aa4e78fa3900,-152,-152,over,3.5,MLB|pitcher_strikeouts|name:jack perkins|over|3.5,MLB|pitcher_strikeouts|name:jack perkins|over|3.5|draftkings,5.14514684677124,5.14514684677124,1.6451468467712402,high,official,L,2,2,run_daily_card,pitcher_k_model_v1,mlb_pitcher_props_policy_v1,current_workflow
2026-08-13|MLB|pitcher_strikeouts|name:kevin gausman|over|4.5|betmgm,2026-08-13,kevin gausman,pitcher_k,mlbam_player:592332,mlbam_player:592332,592332,mlbam_player,kevin gausman,MLB,pitcher_strikeouts,player_prop,CHC,WSH,BetMGM,betmgm,41d927261a15c8d84075af83997d53c1,-140,-140,over,4.5,MLB|pitcher_strikeouts|name:kevin gausman|over|4.5,MLB|pitcher_strikeouts|name:kevin gausman|over|4.5|betmgm,6.381735324859619,6.381735324859619,1.8817353248596191,high,official,W,7,7,run_daily_card,pitcher_k_model_v1,mlb_pitcher_props_policy_v1,current_workflow
2026-08-13|MLB|pitcher_strikeouts|name:max fried|over|5.5|draftkings,2026-08-13,max fried,pitcher_k,mlbam_player:608331,mlbam_player:608331,608331,mlbam_player,max fried,MLB,pitcher_strikeouts,player_prop,NYY,SEA,DraftKings,draftkings,3e1c279359817c97e285db96732ef225,-138,-138,over,5.5,MLB|pitcher_strikeouts|name:max fried|over|5.5,MLB|pitcher_strikeouts|name:max fried|over|5.5|draftkings,6.837750434875488,6.837750434875488,1.3377504348754883,high,official,L,4,4,run_daily_card,pitcher_k_model_v1,mlb_pitcher_props_policy_v1,current_workflow
2026-08-13|MLB|pitcher_strikeouts|name:keider montero|over|2.5|fanduel,2026-08-13,keider montero,pitcher_k,mlbam_player:672456,mlbam_player:672456,672456,mlbam_player,keider montero,MLB,pitcher_strikeouts,player_prop,DET,CLE,FanDuel,fanduel,32dd5e1c6b71a610636cc0fb2087b9a4,-172,-172,over,2.5,MLB|pitcher_strikeouts|name:keider montero|over|2.5,MLB|pitcher_strikeouts|name:keider montero|over|2.5|fanduel,4.175654411315918,4.175654411315918,1.675654411315918,high,official,L,0,0,run_daily_card,pitcher_k_model_v1,mlb_pitcher_props_policy_v1,current_workflow
2026-08-14|MLB|pitcher_strikeouts|name:george kirby|over|4.5|betmgm,2026-08-14,george kirby,pitcher_k,mlbam_player:669923,mlbam_player:669923,669923,mlbam_player,george kirby,MLB,pitcher_strikeouts,player_prop,SEA,HOU,BetMGM,betmgm,460030cd885edbe6318ada07a319efb4,-140,-140,over,4.5,MLB|pitcher_strikeouts|name:george kirby|over|4.5,MLB|pitcher_strikeouts|name:george kirby|over|4.5|betmgm,6.585254192352295,6.585254192352295,2.085254192352295,high,official,L,2,2,run_daily_card,pitcher_k_model_v1,mlb_pitcher_props_policy_v1,current_workflow
2026-08-14|MLB|pitcher_strikeouts|name:shane bieber|over|4.5|fanduel,2026-08-14,shane bieber,pitcher_k,mlbam_player:669456,mlbam_player:669456,669456,mlbam_player,shane bieber,MLB,pitcher_strikeouts,player_prop,TOR,NYY,FanDuel,fanduel,9f51cc216a43c5a0e0e91078754fffb5,-158,-158,over,4.5,MLB|pitcher_strikeouts|name:shane bieber|over|4.5,MLB|pitcher_strikeouts|name:shane bieber|over|4.5|fanduel,6.21337366104126,6.21337366104126,1.7133736610412598,high,official,W,5,5,run_daily_card,pitcher_k_model_v1,mlb_pitcher_props_policy_v1,current_workflow
2026-08-14|MLB|pitcher_strikeouts|name:brandon pfaadt|over|3.5|betmgm,2026-08-14,brandon pfaadt,pitcher_k,mlbam_player:694297,mlbam_player:694297,694297,mlbam_player,brandon pfaadt,MLB,pitcher_strikeouts,player_prop,AZ,ATL,BetMGM,betmgm,66a0764c4800d42e293b62bbfed0c01f,105,105,over,3.5,MLB|pitcher_strikeouts|name:brandon pfaadt|over|3.5,MLB|pitcher_strikeouts|name:brandon pfaadt|over|3.5|betmgm,4.533002853393555,4.533002853393555,1.0330028533935547,high,official,W,7,7,run_daily_card,pitcher_k_model_v1,mlb_pitcher_props_policy_v1,current_workflow
2026-08-15|MLB|pitcher_strikeouts|name:kyle bradish|over|4.5|fanduel,2026-08-15,kyle bradish,pitcher_k,mlbam_player:680694,mlbam_player:680694,680694,mlbam_player,kyle bradish,MLB,pitcher_strikeouts,player_prop,BAL,TB,FanDuel,fanduel,93719cc1bad0db5bf175f542387ea869,-113,-113,over,4.5,MLB|pitcher_strikeouts|name:kyle bradish|over|4.5,MLB|pitcher_strikeouts|name:kyle bradish|over|4.5|fanduel,6.63390588760376,6.63390588760376,2.1339058876037598,high,official,L,3,3,run_daily_card,pitcher_k_model_v1,mlb_pitcher_props_policy_v1,current_workflow
2026-08-15|MLB|pitcher_strikeouts|name:michael lorenzen|over|3.5|fanduel,2026-08-15,michael lorenzen,pitcher_k,mlbam_player:547179,mlbam_player:547179,547179,mlbam_player,michael lorenzen,MLB,pitcher_strikeouts,player_prop,COL,SF,FanDuel,fanduel,a9d5955568a03f0891eda9aba40a95f6,118,118,over,3.5,MLB|pitcher_strikeouts|name:michael lorenzen|over|3.5,MLB|pitcher_strikeouts|name:michael lorenzen|over|3.5|fanduel,5.193843841552734,5.193843841552734,1.6938438415527344,high,official,L,1,1,run_daily_card,pitcher_k_model_v1,mlb_pitcher_props_policy_v1,current_workflow
2026-08-15|MLB|pitcher_strikeouts|name:brad lord|over|3.5|draftkings,2026-08-15,brad lord,pitcher_k,mlbam_player:695418,mlbam_player:695418,695418,mlbam_player,brad lord,MLB,pitcher_strikeouts,player_prop,WSH,NYM,DraftKings,draftkings,79741766452af66a44a3ea604d9c3e43,134,134,over,3.5,MLB|pitcher_strikeouts|name:brad lord|over|3.5,MLB|pitcher_strikeouts|name:brad lord|over|3.5|draftkings,4.786518096923828,4.786518096923828,1.2865180969238281,high,official,L,1,1,run_daily_card,pitcher_k_model_v1,mlb_pitcher_props_policy_v1,current_workflow
2026-08-16|MLB|pitcher_strikeouts|name:edward cabrera|over|3.5|fanduel,2026-08-16,edward cabrera,pitcher_k,mlbam_player:665795,mlbam_player:665795,665795,mlbam_player,edward cabrera,MLB,pitcher_strikeouts,player_prop,CHC,STL,FanDuel,fanduel,4ac1d4b9642e9093871c7d439602a459,-156,-156,over,3.5,MLB|pitcher_strikeouts|name:edward cabrera|over|3.5,MLB|pitcher_strikeouts|name:edward cabrera|over|3.5|fanduel,6.1149821281433105,6.1149821281433105,2.6149821281433105,high,official,L,2,2,run_daily_card,pitcher_k_model_v1,mlb_pitcher_props_policy_v1,current_workflow
2026-08-16|MLB|pitcher_strikeouts|name:casey mize|over|3.5|betmgm,2026-08-16,casey mize,pitcher_k,mlbam_player:663554,mlbam_player:663554,663554,mlbam_player,casey mize,MLB,pitcher_strikeouts,player_prop,SD,CLE,BetMGM,betmgm,35501cb39a66beda8aa7bc5e98bf37ca,-155,-155,over,3.5,MLB|pitcher_strikeouts|name:casey mize|over|3.5,MLB|pitcher_strikeouts|name:casey mize|over|3.5|betmgm,5.6346611976623535,5.6346611976623535,2.1346611976623535,high,official,L,3,3,run_daily_card,pitcher_k_model_v1,mlb_pitcher_props_policy_v1,current_workflow
2026-08-16|MLB|pitcher_strikeouts|name:bryan woo|over|5.5|betmgm,2026-08-16,bryan woo,pitcher_k,mlbam_player:693433,mlbam_player:693433,693433,mlbam_player,bryan woo,MLB,pitcher_strikeouts,player_prop,SEA,HOU,BetMGM,betmgm,48a5944d0473c78bfacde374ade3a3bf,-115,-115,over,5.5,MLB|pitcher_strikeouts|name:bryan woo|over|5.5,MLB|pitcher_strikeouts|name:bryan woo|over|5.5|betmgm,7.000670909881592,7.000670909881592,1.5006709098815918,high,official,L,5,5,run_daily_card,pitcher_k_model_v1,mlb_pitcher_props_policy_v1,current_workflow
2026-08-17|MLB|pitcher_strikeouts|name:carmen mlodzinski|over|2.5|draftkings,2026-08-17,carmen mlodzinski,pitcher_k,mlbam_player:669387,mlbam_player:669387,669387,mlbam_player,carmen mlodzinski,MLB,pitcher_strikeouts,player_prop,PIT,DET,DraftKings,draftkings,f7e02d88c3c8adff188802734b303bb7,-138,-138,over,2.5,MLB|pitcher_strikeouts|name:carmen mlodzinski|over|2.5,MLB|pitcher_strikeouts|name:carmen mlodzinski|over|2.5|draftkings,3.9317519664764404,3.9317519664764404,1.4317519664764404,high,official,W,3,3,run_daily_card,pitcher_k_model_v1,mlb_pitcher_props_policy_v1,current_workflow
2026-08-17|MLB|pitcher_strikeouts|name:tomoyuki sugano|over|2.5|betmgm,2026-08-17,tomoyuki sugano,pitcher_k,mlbam_player:608372,mlbam_player:608372,608372,mlbam_player,tomoyuki sugano,MLB,pitcher_strikeouts,player_prop,COL,LAD,BetMGM,betmgm,84c8b9f4c2aee2ab9c8fc52bc1f0011b,-150,-150,over,2.5,MLB|pitcher_strikeouts|name:tomoyuki sugano|over|2.5,MLB|pitcher_strikeouts|name:tomoyuki sugano|over|2.5|betmgm,3.942636251449585,3.942636251449585,1.442636251449585,high,official,W,3,3,run_daily_card,pitcher_k_model_v1,mlb_pitcher_props_policy_v1,current_workflow
2026-08-17|MLB|pitcher_strikeouts|name:luis castillo|over|4.5|fanduel,2026-08-17,luis castillo,pitcher_k,mlbam_player:622491,mlbam_player:622491,622491,mlbam_player,luis castillo,MLB,pitcher_strikeouts,player_prop,CWS,CHC,FanDuel,fanduel,8ccc90357b1b20ca35a6c2da51638dbc,-115,-115,over,4.5,MLB|pitcher_strikeouts|name:luis castillo|over|4.5,MLB|pitcher_strikeouts|name:luis castillo|over|4.5|fanduel,5.608671188354492,5.608671188354492,1.1086711883544922,high,official,L,1,1,run_daily_card,pitcher_k_model_v1,mlb_pitcher_props_policy_v1,current_workflow
2026-08-18|MLB|pitcher_strikeouts|name:jose soriano|over|4.5|draftkings,2026-08-18,jose soriano,pitcher_k,mlbam_player:667755,mlbam_player:667755,667755,mlbam_player,jose soriano,MLB,pitcher_strikeouts,player_prop,TOR,TB,DraftKings,draftkings,8d5f120fc3ea67377d7def8efef256ea,-105,-105,over,4.5,MLB|pitcher_strikeouts|name:jose soriano|over|4.5,MLB|pitcher_strikeouts|name:jose soriano|over|4.5|draftkings,5.535168170928955,5.535168170928955,1.035168170928955,high,official,L,2,2,run_daily_card,pitcher_k_model_v1,mlb_pitcher_props_policy_v1,current_workflow
2026-08-18|MLB|pitcher_strikeouts|name:jack perkins|over|3.5|draftkings,2026-08-18,jack perkins,pitcher_k,mlbam_player:678022,mlbam_player:678022,678022,mlbam_player,jack perkins,MLB,pitcher_strikeouts,player_prop,ATH,KC,DraftKings,draftkings,2e7a78600f125d7177fff8e02c0eff74,-135,-135,over,3.5,MLB|pitcher_strikeouts|name:jack perkins|over|3.5,MLB|pitcher_strikeouts|name:jack perkins|over|3.5|draftkings,4.680042266845703,4.680042266845703,1.1800422668457031,high,official,W,4,4,run_daily_card,pitcher_k_model_v1,mlb_pitcher_props_policy_v1,current_workflow
2026-08-18|MLB|pitcher_strikeouts|name:robbie ray|over|4.5|draftkings,2026-08-18,robbie ray,pitcher_k,mlbam_player:592662,mlbam_player:592662,592662,mlbam_player,robbie ray,MLB,pitcher_strikeouts,player_prop,SD,NYM,DraftKings,draftkings,218c78582553292c5431be2af26fd240,-124,-124,over,4.5,MLB|pitcher_strikeouts|name:robbie ray|over|4.5,MLB|pitcher_strikeouts|name:robbie ray|over|4.5|draftkings,5.561800956726074,5.561800956726074,1.0618009567260742,medium,official,L,4,4,run_daily_card,pitcher_k_model_v1,mlb_pitcher_props_policy_v1,current_workflow
2026-08-19|MLB|pitcher_strikeouts|name:sandy alcantara|over|4.5|fanduel,2026-08-19,sandy alcantara,pitcher_k,mlbam_player:645261,mlbam_player:645261,645261,mlbam_player,sandy alcantara,MLB,pitcher_strikeouts,player_prop,MIA,PHI,FanDuel,fanduel,6d6d28fd44922349f17b60e2eb9dc487,128,128,over,4.5,MLB|pitcher_strikeouts|name:sandy alcantara|over|4.5,MLB|pitcher_strikeouts|name:sandy alcantara|over|4.5|fanduel,6.701294422149658,6.701294422149658,2.201294422149658,high,official,L,1,1,run_daily_card,pitcher_k_model_v1,mlb_pitcher_props_policy_v1,current_workflow
2026-08-19|MLB|pitcher_strikeouts|name:chase burns|over|6.5|fanduel,2026-08-19,chase burns,pitcher_k,mlbam_player:695505,mlbam_player:695505,695505,mlbam_player,chase burns,MLB,pitcher_strikeouts,player_prop,CIN,STL,FanDuel,fanduel,18f51290a26a4a37315eaba858f736c8,114,114,over,6.5,MLB|pitcher_strikeouts|name:chase burns|over|6.5,MLB|pitcher_strikeouts|name:chase burns|over|6.5|fanduel,7.471583366394043,7.471583366394043,0.971583366394043,high,official,W,8,8,run_daily_card,pitcher_k_model_v1,mlb_pitcher_props_policy_v1,current_workflow
2026-08-19|MLB|pitcher_strikeouts|name:aj smith shawver|over|3.5|fanduel,2026-08-19,aj smith shawver,pitcher_k,mlbam_player:700363,mlbam_player:700363,700363,mlbam_player,aj smith shawver,MLB,pitcher_strikeouts,player_prop,ATL,MIN,FanDuel,fanduel,ebe3d5c684fd83932e02698e22564f7b,-172,-172,over,3.5,MLB|pitcher_strikeouts|name:aj smith shawver|over|3.5,MLB|pitcher_strikeouts|name:aj smith shawver|over|3.5|fanduel,5.144519329071045,5.144519329071045,1.644519329071045,high,official,L,3,3,run_daily_card,pitcher_k_model_v1,mlb_pitcher_props_policy_v1,current_workflow
2026-08-20|MLB|pitcher_strikeouts|name:shane bieber|over|3.5|fanduel,2026-08-20,shane bieber,pitcher_k,mlbam_player:669456,mlbam_player:669456,669456,mlbam_player,shane bieber,MLB,pitcher_strikeouts,player_prop,TOR,TB,FanDuel,fanduel,3bcf2e3b041524ff81a10ccac32db220,-125,-125,over,3.5,MLB|pitcher_strikeouts|name:shane bieber|over|3.5,MLB|pitcher_strikeouts|name:shane bieber|over|3.5|fanduel,5.816275119781494,5.816275119781494,2.316275119781494,high,official,W,7,7,run_daily_card,pitcher_k_model_v1,mlb_pitcher_props_policy_v1,current_workflow
2026-08-20|MLB|pitcher_strikeouts|name:grayson rodriguez|over|4.5|fanduel,2026-08-20,grayson rodriguez,pitcher_k,mlbam_player:680570,mlbam_player:680570,680570,mlbam_player,grayson rodriguez,MLB,pitcher_strikeouts,player_prop,LAA,HOU,FanDuel,fanduel,440aafab0430618ed61d5310ba093b5c,-111,-111,over,4.5,MLB|pitcher_strikeouts|name:grayson rodriguez|over|4.5,MLB|pitcher_strikeouts|name:grayson rodriguez|over|4.5|fanduel,6.3361382484436035,6.3361382484436035,1.8361382484436035,high,official,W,6,6,run_daily_card,pitcher_k_model_v1,mlb_pitcher_props_policy_v1,current_workflow
2026-08-20|MLB|pitcher_strikeouts|name:george kirby|over|4.5|fanduel,2026-08-20,george kirby,pitcher_k,mlbam_player:669923,mlbam_player:669923,669923,mlbam_player,george kirby,MLB,pitcher_strikeouts,player_prop,SEA,MIL,FanDuel,fanduel,f71617a2d08c1daac109bf9f87e7ddae,-130,-130,over,4.5,MLB|pitcher_strikeouts|name:george kirby|over|4.5,MLB|pitcher_strikeouts|name:george kirby|over|4.5|fanduel,6.344623565673828,6.344623565673828,1.8446235656738281,high,official,L,3,3,run_daily_card,pitcher_k_model_v1,mlb_pitcher_props_policy_v1,current_workflow
2026-08-21|MLB|pitcher_strikeouts|name:nick lodolo|over|3.5|fanduel,2026-08-21,nick lodolo,pitcher_k,mlbam_player:666157,mlbam_player:666157,666157,mlbam_player,nick lodolo,MLB,pitcher_strikeouts,player_prop,CIN,AZ,FanDuel,fanduel,4a4bb5c831a75630b5ce38bfb873fdae,-125,-125,over,3.5,MLB|pitcher_strikeouts|name:nick lodolo|over|3.5,MLB|pitcher_strikeouts|name:nick lodolo|over|3.5|fanduel,6.13299036026001,6.13299036026001,2.6329903602600098,high,official,,,,run_daily_card,pitcher_k_model_v1,mlb_pitcher_props_policy_v1,current_workflow
2026-08-21|MLB|pitcher_strikeouts|name:brad lord|over|2.5|betmgm,2026-08-21,brad lord,pitcher_k,mlbam_player:695418,mlbam_player:695418,695418,mlbam_player,brad lord,MLB,pitcher_strikeouts,player_prop,WSH,MIA,BetMGM,betmgm,9a3a05b0699b94aa59ea0048eb3a31ea,-115,-115,over,2.5,MLB|pitcher_strikeouts|name:brad lord|over|2.5,MLB|pitcher_strikeouts|name:brad lord|over|2.5|betmgm,4.394954204559326,4.394954204559326,1.8949542045593262,high,official,,,,run_daily_card,pitcher_k_model_v1,mlb_pitcher_props_policy_v1,current_workflow
2026-08-21|MLB|pitcher_strikeouts|name:tanner gordon|over|2.5|betmgm,2026-08-21,tanner gordon,pitcher_k,mlbam_player:685299,mlbam_player:685299,685299,mlbam_player,tanner gordon,MLB,pitcher_strikeouts,player_prop,COL,CLE,BetMGM,betmgm,3102c4dbe9ea0f9ae9ca9caa2e1be844,-175,-175,over,2.5,MLB|pitcher_strikeouts|name:tanner gordon|over|2.5,MLB|pitcher_strikeouts|name:tanner gordon|over|2.5|betmgm,4.923603534698486,4.923603534698486,2.4236035346984863,high,official,,,,run_daily_card,pitcher_k_model_v1,mlb_pitcher_props_policy_v1,current_workflow
2026-08-21|MLB|pitcher_walks|name:jacob misiorowski|over|1.5|draftkings,2026-08-21,jacob misiorowski,pitcher_bb,mlbam_player:694819,mlbam_player:694819,694819,mlbam_player,jacob misiorowski,MLB,pitcher_walks,player_prop,MIL,ATL,DraftKings,draftkings,c7e232240c764a7cc09ae780b3289626,130,130,over,1.5,MLB|pitcher_walks|name:jacob misiorowski|over|1.5,MLB|pitcher_walks|name:jacob misiorowski|over|1.5|draftkings,2.0938408374786377,2.0938408374786377,0.5938408374786377,high,official,,,,run_daily_card,pitcher_bb_model_v1,mlb_pitcher_walks_ev_policy_v1,current_workflow
