book,picks,wins,losses,pushes,decisions,units_risked,units_profit,win_rate,roi
DraftKings,15,10,4,1,14,14.0,4.094723163988552,0.7142857142857143,0.2924802259991823
BetMGM,19,10,9,0,19,19.0,-0.4607910906298003,0.5263157894736842,-0.02425216266472633
FanDuel,12,6,6,0,12,12.0,-1.8726673957318638,0.5,-0.15605561631098866
