{
  "books": 3,
  "picks": 49,
  "wins": 28,
  "losses": 20,
  "pushes": 1,
  "decisions": 48,
  "units_risked": 48.0,
  "units_profit": 2.5482073527861235,
  "win_rate": 0.5833333333333334,
  "roi": 0.05308765318304424,
  "skipped_rows": 6
}