{
  "books": 3,
  "picks": 43,
  "wins": 23,
  "losses": 19,
  "pushes": 1,
  "decisions": 42,
  "units_risked": 42.0,
  "units_profit": -0.3107935802334736,
  "win_rate": 0.5476190476190477,
  "roi": -0.0073998471484160375,
  "skipped_rows": 3
}