book,picks,wins,losses,pushes,decisions,units_risked,units_profit,win_rate,roi
DraftKings,13,8,4,1,12,12.0,2.6555762985332536,0.6666666666666666,0.22129802487777114
BetMGM,19,10,9,0,19,19.0,-0.4607910906298003,0.5263157894736842,-0.02425216266472633
FanDuel,11,5,6,0,11,11.0,-2.505578788136927,0.45454545454545453,-0.22777988983062974
