book,picks,wins,losses,pushes,decisions,units_risked,units_profit,win_rate,roi
DraftKings,17,11,5,1,16,16.0,3.7316658391477873,0.6875,0.2332291149467367
BetMGM,20,11,9,0,20,20.0,0.6892089093701996,0.55,0.03446044546850998
FanDuel,12,6,6,0,12,12.0,-1.8726673957318638,0.5,-0.15605561631098866
