shadow_row_key,candidate_key,game_date,player_name,participant_join_key,participant_id,participant_source_id,participant_source_id_type,participant_name_norm,sport,market_key,market_family,prop_type,team,opponent,book,bookmaker_key,event_id,side,side_norm,line,price,market_selection_key,market_offer_key,model_name,model_role,model_version,policy_version,predicted_value,predicted_strikeouts,lower_bound,upper_bound,std_dev,edge,would_pick,pick_rank,pick_type,confidence_tier,actual_value,result,profit_units,graded_at,tracking_regime
2026-05-26|xgboost_champion|2026-05-26|MLB|pitcher_strikeouts|name:sandy alcantara|over|4.5|fanduel,2026-05-26|MLB|pitcher_strikeouts|name:sandy alcantara|over|4.5|fanduel,2026-05-26,sandy alcantara,mlbam_player:645261,mlbam_player:645261,645261,mlbam_player,sandy alcantara,MLB,pitcher_strikeouts,player_prop,pitcher_k,MIA,TOR,FanDuel,fanduel,b50993453829a9cf93015ffb4cce5262,Over,over,4.5,128,MLB|pitcher_strikeouts|name:sandy alcantara|over|4.5,MLB|pitcher_strikeouts|name:sandy alcantara|over|4.5|fanduel,xgboost_champion,champion,pitcher_k_model_v1,mlb_pitcher_props_policy_v1,5.634634494781494,5.634634494781494,2.697421053702666,8.571847935860323,2.937213441078828,1.134634494781494,True,3.0,official,high,4,L,-1.0,2026-05-27T10:46:56.053157-04:00,current_workflow
2026-05-26|xgboost_champion|2026-05-26|MLB|pitcher_strikeouts|name:sandy alcantara|under|4.5|fanduel,2026-05-26|MLB|pitcher_strikeouts|name:sandy alcantara|under|4.5|fanduel,2026-05-26,sandy alcantara,mlbam_player:645261,mlbam_player:645261,645261,mlbam_player,sandy alcantara,MLB,pitcher_strikeouts,player_prop,pitcher_k,MIA,TOR,FanDuel,fanduel,b50993453829a9cf93015ffb4cce5262,Under,under,4.5,-172,MLB|pitcher_strikeouts|name:sandy alcantara|under|4.5,MLB|pitcher_strikeouts|name:sandy alcantara|under|4.5|fanduel,xgboost_champion,champion,pitcher_k_model_v1,mlb_pitcher_props_policy_v1,5.634634494781494,5.634634494781494,2.697421053702666,8.571847935860323,2.937213441078828,-1.134634494781494,False,,,,4,,,2026-05-27T10:46:56.053157-04:00,current_workflow
2026-05-26|xgboost_champion|2026-05-26|MLB|pitcher_strikeouts|name:sandy alcantara|over|4.5|betmgm,2026-05-26|MLB|pitcher_strikeouts|name:sandy alcantara|over|4.5|betmgm,2026-05-26,sandy alcantara,mlbam_player:645261,mlbam_player:645261,645261,mlbam_player,sandy alcantara,MLB,pitcher_strikeouts,player_prop,pitcher_k,MIA,TOR,BetMGM,betmgm,b50993453829a9cf93015ffb4cce5262,Over,over,4.5,110,MLB|pitcher_strikeouts|name:sandy alcantara|over|4.5,MLB|pitcher_strikeouts|name:sandy alcantara|over|4.5|betmgm,xgboost_champion,champion,pitcher_k_model_v1,mlb_pitcher_props_policy_v1,5.634634494781494,5.634634494781494,2.697421053702666,8.571847935860323,2.937213441078828,1.134634494781494,False,,,,4,,,2026-05-27T10:46:56.053157-04:00,current_workflow
2026-05-26|xgboost_champion|2026-05-26|MLB|pitcher_strikeouts|name:sandy alcantara|under|4.5|betmgm,2026-05-26|MLB|pitcher_strikeouts|name:sandy alcantara|under|4.5|betmgm,2026-05-26,sandy alcantara,mlbam_player:645261,mlbam_player:645261,645261,mlbam_player,sandy alcantara,MLB,pitcher_strikeouts,player_prop,pitcher_k,MIA,TOR,BetMGM,betmgm,b50993453829a9cf93015ffb4cce5262,Under,under,4.5,-150,MLB|pitcher_strikeouts|name:sandy alcantara|under|4.5,MLB|pitcher_strikeouts|name:sandy alcantara|under|4.5|betmgm,xgboost_champion,champion,pitcher_k_model_v1,mlb_pitcher_props_policy_v1,5.634634494781494,5.634634494781494,2.697421053702666,8.571847935860323,2.937213441078828,-1.134634494781494,False,,,,4,,,2026-05-27T10:46:56.053157-04:00,current_workflow
2026-05-26|xgboost_champion|2026-05-26|MLB|pitcher_strikeouts|name:sandy alcantara|over|4.5|draftkings,2026-05-26|MLB|pitcher_strikeouts|name:sandy alcantara|over|4.5|draftkings,2026-05-26,sandy alcantara,mlbam_player:645261,mlbam_player:645261,645261,mlbam_player,sandy alcantara,MLB,pitcher_strikeouts,player_prop,pitcher_k,MIA,TOR,DraftKings,draftkings,b50993453829a9cf93015ffb4cce5262,Over,over,4.5,127,MLB|pitcher_strikeouts|name:sandy alcantara|over|4.5,MLB|pitcher_strikeouts|name:sandy alcantara|over|4.5|draftkings,xgboost_champion,champion,pitcher_k_model_v1,mlb_pitcher_props_policy_v1,5.634634494781494,5.634634494781494,2.697421053702666,8.571847935860323,2.937213441078828,1.134634494781494,False,,,,4,,,2026-05-27T10:46:56.053157-04:00,current_workflow
2026-05-26|xgboost_champion|2026-05-26|MLB|pitcher_strikeouts|name:sandy alcantara|under|4.5|draftkings,2026-05-26|MLB|pitcher_strikeouts|name:sandy alcantara|under|4.5|draftkings,2026-05-26,sandy alcantara,mlbam_player:645261,mlbam_player:645261,645261,mlbam_player,sandy alcantara,MLB,pitcher_strikeouts,player_prop,pitcher_k,MIA,TOR,DraftKings,draftkings,b50993453829a9cf93015ffb4cce5262,Under,under,4.5,-162,MLB|pitcher_strikeouts|name:sandy alcantara|under|4.5,MLB|pitcher_strikeouts|name:sandy alcantara|under|4.5|draftkings,xgboost_champion,champion,pitcher_k_model_v1,mlb_pitcher_props_policy_v1,5.634634494781494,5.634634494781494,2.697421053702666,8.571847935860323,2.937213441078828,-1.134634494781494,False,,,,4,,,2026-05-27T10:46:56.053157-04:00,current_workflow
2026-05-26|xgboost_champion|2026-05-26|MLB|pitcher_strikeouts|name:jason alexander|over|3.5|fanduel,2026-05-26|MLB|pitcher_strikeouts|name:jason alexander|over|3.5|fanduel,2026-05-26,jason alexander,mlbam_player:669920,mlbam_player:669920,669920,mlbam_player,jason alexander,MLB,pitcher_strikeouts,player_prop,pitcher_k,HOU,TEX,FanDuel,fanduel,d8d4e1b2c44eb56c7b6ab81de4f6b385,Over,over,3.5,-120,MLB|pitcher_strikeouts|name:jason alexander|over|3.5,MLB|pitcher_strikeouts|name:jason alexander|over|3.5|fanduel,xgboost_champion,champion,pitcher_k_model_v1,mlb_pitcher_props_policy_v1,4.790078163146973,4.790078163146973,2.324555506221975,7.255600820071971,2.465522656924997,1.2900781631469729,False,,,,4,,,2026-05-27T10:46:56.053157-04:00,current_workflow
2026-05-26|xgboost_champion|2026-05-26|MLB|pitcher_strikeouts|name:jason alexander|under|3.5|fanduel,2026-05-26|MLB|pitcher_strikeouts|name:jason alexander|under|3.5|fanduel,2026-05-26,jason alexander,mlbam_player:669920,mlbam_player:669920,669920,mlbam_player,jason alexander,MLB,pitcher_strikeouts,player_prop,pitcher_k,HOU,TEX,FanDuel,fanduel,d8d4e1b2c44eb56c7b6ab81de4f6b385,Under,under,3.5,-110,MLB|pitcher_strikeouts|name:jason alexander|under|3.5,MLB|pitcher_strikeouts|name:jason alexander|under|3.5|fanduel,xgboost_champion,champion,pitcher_k_model_v1,mlb_pitcher_props_policy_v1,4.790078163146973,4.790078163146973,2.324555506221975,7.255600820071971,2.465522656924997,-1.2900781631469729,False,,,,4,,,2026-05-27T10:46:56.053157-04:00,current_workflow
2026-05-26|xgboost_champion|2026-05-26|MLB|pitcher_strikeouts|name:jason alexander|over|3.5|draftkings,2026-05-26|MLB|pitcher_strikeouts|name:jason alexander|over|3.5|draftkings,2026-05-26,jason alexander,mlbam_player:669920,mlbam_player:669920,669920,mlbam_player,jason alexander,MLB,pitcher_strikeouts,player_prop,pitcher_k,HOU,TEX,DraftKings,draftkings,d8d4e1b2c44eb56c7b6ab81de4f6b385,Over,over,3.5,-106,MLB|pitcher_strikeouts|name:jason alexander|over|3.5,MLB|pitcher_strikeouts|name:jason alexander|over|3.5|draftkings,xgboost_champion,champion,pitcher_k_model_v1,mlb_pitcher_props_policy_v1,4.790078163146973,4.790078163146973,2.324555506221975,7.255600820071971,2.465522656924997,1.2900781631469729,True,4.0,official,high,4,W,0.9433962264150944,2026-05-27T10:46:56.053157-04:00,current_workflow
2026-05-26|xgboost_champion|2026-05-26|MLB|pitcher_strikeouts|name:jason alexander|under|3.5|draftkings,2026-05-26|MLB|pitcher_strikeouts|name:jason alexander|under|3.5|draftkings,2026-05-26,jason alexander,mlbam_player:669920,mlbam_player:669920,669920,mlbam_player,jason alexander,MLB,pitcher_strikeouts,player_prop,pitcher_k,HOU,TEX,DraftKings,draftkings,d8d4e1b2c44eb56c7b6ab81de4f6b385,Under,under,3.5,-120,MLB|pitcher_strikeouts|name:jason alexander|under|3.5,MLB|pitcher_strikeouts|name:jason alexander|under|3.5|draftkings,xgboost_champion,champion,pitcher_k_model_v1,mlb_pitcher_props_policy_v1,4.790078163146973,4.790078163146973,2.324555506221975,7.255600820071971,2.465522656924997,-1.2900781631469729,False,,,,4,,,2026-05-27T10:46:56.053157-04:00,current_workflow
2026-05-26|xgboost_champion|2026-05-26|MLB|pitcher_strikeouts|name:jason alexander|over|3.5|betmgm,2026-05-26|MLB|pitcher_strikeouts|name:jason alexander|over|3.5|betmgm,2026-05-26,jason alexander,mlbam_player:669920,mlbam_player:669920,669920,mlbam_player,jason alexander,MLB,pitcher_strikeouts,player_prop,pitcher_k,HOU,TEX,BetMGM,betmgm,d8d4e1b2c44eb56c7b6ab81de4f6b385,Over,over,3.5,-135,MLB|pitcher_strikeouts|name:jason alexander|over|3.5,MLB|pitcher_strikeouts|name:jason alexander|over|3.5|betmgm,xgboost_champion,champion,pitcher_k_model_v1,mlb_pitcher_props_policy_v1,4.790078163146973,4.790078163146973,2.324555506221975,7.255600820071971,2.465522656924997,1.2900781631469729,False,,,,4,,,2026-05-27T10:46:56.053157-04:00,current_workflow
2026-05-26|xgboost_champion|2026-05-26|MLB|pitcher_strikeouts|name:jason alexander|under|3.5|betmgm,2026-05-26|MLB|pitcher_strikeouts|name:jason alexander|under|3.5|betmgm,2026-05-26,jason alexander,mlbam_player:669920,mlbam_player:669920,669920,mlbam_player,jason alexander,MLB,pitcher_strikeouts,player_prop,pitcher_k,HOU,TEX,BetMGM,betmgm,d8d4e1b2c44eb56c7b6ab81de4f6b385,Under,under,3.5,100,MLB|pitcher_strikeouts|name:jason alexander|under|3.5,MLB|pitcher_strikeouts|name:jason alexander|under|3.5|betmgm,xgboost_champion,champion,pitcher_k_model_v1,mlb_pitcher_props_policy_v1,4.790078163146973,4.790078163146973,2.324555506221975,7.255600820071971,2.465522656924997,-1.2900781631469729,False,,,,4,,,2026-05-27T10:46:56.053157-04:00,current_workflow
2026-05-26|xgboost_champion|2026-05-26|MLB|pitcher_strikeouts|name:jack leiter|over|5.5|fanduel,2026-05-26|MLB|pitcher_strikeouts|name:jack leiter|over|5.5|fanduel,2026-05-26,jack leiter,mlbam_player:683004,mlbam_player:683004,683004,mlbam_player,jack leiter,MLB,pitcher_strikeouts,player_prop,pitcher_k,TEX,HOU,FanDuel,fanduel,d8d4e1b2c44eb56c7b6ab81de4f6b385,Over,over,5.5,-105,MLB|pitcher_strikeouts|name:jack leiter|over|5.5,MLB|pitcher_strikeouts|name:jack leiter|over|5.5|fanduel,xgboost_champion,champion,pitcher_k_model_v1,mlb_pitcher_props_policy_v1,5.447797775268555,5.447797775268555,1.4722619463887177,9.423333604148391,3.975535828879837,-0.0522022247314453,False,,,,4,,,2026-05-27T10:46:56.053157-04:00,current_workflow
2026-05-26|xgboost_champion|2026-05-26|MLB|pitcher_strikeouts|name:jack leiter|under|5.5|fanduel,2026-05-26|MLB|pitcher_strikeouts|name:jack leiter|under|5.5|fanduel,2026-05-26,jack leiter,mlbam_player:683004,mlbam_player:683004,683004,mlbam_player,jack leiter,MLB,pitcher_strikeouts,player_prop,pitcher_k,TEX,HOU,FanDuel,fanduel,d8d4e1b2c44eb56c7b6ab81de4f6b385,Under,under,5.5,-115,MLB|pitcher_strikeouts|name:jack leiter|under|5.5,MLB|pitcher_strikeouts|name:jack leiter|under|5.5|fanduel,xgboost_champion,champion,pitcher_k_model_v1,mlb_pitcher_props_policy_v1,5.447797775268555,5.447797775268555,1.4722619463887177,9.423333604148391,3.975535828879837,0.0522022247314453,False,,,,4,,,2026-05-27T10:46:56.053157-04:00,current_workflow
2026-05-26|xgboost_champion|2026-05-26|MLB|pitcher_strikeouts|name:jack leiter|over|5.5|draftkings,2026-05-26|MLB|pitcher_strikeouts|name:jack leiter|over|5.5|draftkings,2026-05-26,jack leiter,mlbam_player:683004,mlbam_player:683004,683004,mlbam_player,jack leiter,MLB,pitcher_strikeouts,player_prop,pitcher_k,TEX,HOU,DraftKings,draftkings,d8d4e1b2c44eb56c7b6ab81de4f6b385,Over,over,5.5,101,MLB|pitcher_strikeouts|name:jack leiter|over|5.5,MLB|pitcher_strikeouts|name:jack leiter|over|5.5|draftkings,xgboost_champion,champion,pitcher_k_model_v1,mlb_pitcher_props_policy_v1,5.447797775268555,5.447797775268555,1.4722619463887177,9.423333604148391,3.975535828879837,-0.0522022247314453,False,,,,4,,,2026-05-27T10:46:56.053157-04:00,current_workflow
2026-05-26|xgboost_champion|2026-05-26|MLB|pitcher_strikeouts|name:jack leiter|under|5.5|draftkings,2026-05-26|MLB|pitcher_strikeouts|name:jack leiter|under|5.5|draftkings,2026-05-26,jack leiter,mlbam_player:683004,mlbam_player:683004,683004,mlbam_player,jack leiter,MLB,pitcher_strikeouts,player_prop,pitcher_k,TEX,HOU,DraftKings,draftkings,d8d4e1b2c44eb56c7b6ab81de4f6b385,Under,under,5.5,-128,MLB|pitcher_strikeouts|name:jack leiter|under|5.5,MLB|pitcher_strikeouts|name:jack leiter|under|5.5|draftkings,xgboost_champion,champion,pitcher_k_model_v1,mlb_pitcher_props_policy_v1,5.447797775268555,5.447797775268555,1.4722619463887177,9.423333604148391,3.975535828879837,0.0522022247314453,False,,,,4,,,2026-05-27T10:46:56.053157-04:00,current_workflow
2026-05-26|xgboost_champion|2026-05-26|MLB|pitcher_strikeouts|name:jack leiter|over|5.5|betmgm,2026-05-26|MLB|pitcher_strikeouts|name:jack leiter|over|5.5|betmgm,2026-05-26,jack leiter,mlbam_player:683004,mlbam_player:683004,683004,mlbam_player,jack leiter,MLB,pitcher_strikeouts,player_prop,pitcher_k,TEX,HOU,BetMGM,betmgm,d8d4e1b2c44eb56c7b6ab81de4f6b385,Over,over,5.5,-115,MLB|pitcher_strikeouts|name:jack leiter|over|5.5,MLB|pitcher_strikeouts|name:jack leiter|over|5.5|betmgm,xgboost_champion,champion,pitcher_k_model_v1,mlb_pitcher_props_policy_v1,5.447797775268555,5.447797775268555,1.4722619463887177,9.423333604148391,3.975535828879837,-0.0522022247314453,False,,,,4,,,2026-05-27T10:46:56.053157-04:00,current_workflow
2026-05-26|xgboost_champion|2026-05-26|MLB|pitcher_strikeouts|name:jack leiter|under|5.5|betmgm,2026-05-26|MLB|pitcher_strikeouts|name:jack leiter|under|5.5|betmgm,2026-05-26,jack leiter,mlbam_player:683004,mlbam_player:683004,683004,mlbam_player,jack leiter,MLB,pitcher_strikeouts,player_prop,pitcher_k,TEX,HOU,BetMGM,betmgm,d8d4e1b2c44eb56c7b6ab81de4f6b385,Under,under,5.5,-115,MLB|pitcher_strikeouts|name:jack leiter|under|5.5,MLB|pitcher_strikeouts|name:jack leiter|under|5.5|betmgm,xgboost_champion,champion,pitcher_k_model_v1,mlb_pitcher_props_policy_v1,5.447797775268555,5.447797775268555,1.4722619463887177,9.423333604148391,3.975535828879837,0.0522022247314453,False,,,,4,,,2026-05-27T10:46:56.053157-04:00,current_workflow
2026-05-26|xgboost_champion|2026-05-26|MLB|pitcher_strikeouts|name:eduardo rodriguez|over|4.5|fanduel,2026-05-26|MLB|pitcher_strikeouts|name:eduardo rodriguez|over|4.5|fanduel,2026-05-26,eduardo rodriguez,mlbam_player:593958,mlbam_player:593958,593958,mlbam_player,eduardo rodriguez,MLB,pitcher_strikeouts,player_prop,pitcher_k,AZ,SF,FanDuel,fanduel,178bf0e15a0e6812cdf47d0523e51ac7,Over,over,4.5,-110,MLB|pitcher_strikeouts|name:eduardo rodriguez|over|4.5,MLB|pitcher_strikeouts|name:eduardo rodriguez|over|4.5|fanduel,xgboost_champion,champion,pitcher_k_model_v1,mlb_pitcher_props_policy_v1,4.617453098297119,4.617453098297119,1.969056927939301,7.265849268654938,2.648396170357818,0.1174530982971191,False,,,,6,,,2026-05-27T10:46:56.053157-04:00,current_workflow
2026-05-26|xgboost_champion|2026-05-26|MLB|pitcher_strikeouts|name:eduardo rodriguez|under|4.5|fanduel,2026-05-26|MLB|pitcher_strikeouts|name:eduardo rodriguez|under|4.5|fanduel,2026-05-26,eduardo rodriguez,mlbam_player:593958,mlbam_player:593958,593958,mlbam_player,eduardo rodriguez,MLB,pitcher_strikeouts,player_prop,pitcher_k,AZ,SF,FanDuel,fanduel,178bf0e15a0e6812cdf47d0523e51ac7,Under,under,4.5,-120,MLB|pitcher_strikeouts|name:eduardo rodriguez|under|4.5,MLB|pitcher_strikeouts|name:eduardo rodriguez|under|4.5|fanduel,xgboost_champion,champion,pitcher_k_model_v1,mlb_pitcher_props_policy_v1,4.617453098297119,4.617453098297119,1.969056927939301,7.265849268654938,2.648396170357818,-0.1174530982971191,False,,,,6,,,2026-05-27T10:46:56.053157-04:00,current_workflow
2026-05-26|xgboost_champion|2026-05-26|MLB|pitcher_strikeouts|name:eduardo rodriguez|over|4.5|draftkings,2026-05-26|MLB|pitcher_strikeouts|name:eduardo rodriguez|over|4.5|draftkings,2026-05-26,eduardo rodriguez,mlbam_player:593958,mlbam_player:593958,593958,mlbam_player,eduardo rodriguez,MLB,pitcher_strikeouts,player_prop,pitcher_k,AZ,SF,DraftKings,draftkings,178bf0e15a0e6812cdf47d0523e51ac7,Over,over,4.5,-102,MLB|pitcher_strikeouts|name:eduardo rodriguez|over|4.5,MLB|pitcher_strikeouts|name:eduardo rodriguez|over|4.5|draftkings,xgboost_champion,champion,pitcher_k_model_v1,mlb_pitcher_props_policy_v1,4.617453098297119,4.617453098297119,1.969056927939301,7.265849268654938,2.648396170357818,0.1174530982971191,False,,,,6,,,2026-05-27T10:46:56.053157-04:00,current_workflow
2026-05-26|xgboost_champion|2026-05-26|MLB|pitcher_strikeouts|name:eduardo rodriguez|under|4.5|draftkings,2026-05-26|MLB|pitcher_strikeouts|name:eduardo rodriguez|under|4.5|draftkings,2026-05-26,eduardo rodriguez,mlbam_player:593958,mlbam_player:593958,593958,mlbam_player,eduardo rodriguez,MLB,pitcher_strikeouts,player_prop,pitcher_k,AZ,SF,DraftKings,draftkings,178bf0e15a0e6812cdf47d0523e51ac7,Under,under,4.5,-125,MLB|pitcher_strikeouts|name:eduardo rodriguez|under|4.5,MLB|pitcher_strikeouts|name:eduardo rodriguez|under|4.5|draftkings,xgboost_champion,champion,pitcher_k_model_v1,mlb_pitcher_props_policy_v1,4.617453098297119,4.617453098297119,1.969056927939301,7.265849268654938,2.648396170357818,-0.1174530982971191,False,,,,6,,,2026-05-27T10:46:56.053157-04:00,current_workflow
2026-05-26|xgboost_champion|2026-05-26|MLB|pitcher_strikeouts|name:eduardo rodriguez|over|4.5|betmgm,2026-05-26|MLB|pitcher_strikeouts|name:eduardo rodriguez|over|4.5|betmgm,2026-05-26,eduardo rodriguez,mlbam_player:593958,mlbam_player:593958,593958,mlbam_player,eduardo rodriguez,MLB,pitcher_strikeouts,player_prop,pitcher_k,AZ,SF,BetMGM,betmgm,178bf0e15a0e6812cdf47d0523e51ac7,Over,over,4.5,105,MLB|pitcher_strikeouts|name:eduardo rodriguez|over|4.5,MLB|pitcher_strikeouts|name:eduardo rodriguez|over|4.5|betmgm,xgboost_champion,champion,pitcher_k_model_v1,mlb_pitcher_props_policy_v1,4.617453098297119,4.617453098297119,1.969056927939301,7.265849268654938,2.648396170357818,0.1174530982971191,False,,,,6,,,2026-05-27T10:46:56.053157-04:00,current_workflow
2026-05-26|xgboost_champion|2026-05-26|MLB|pitcher_strikeouts|name:eduardo rodriguez|under|4.5|betmgm,2026-05-26|MLB|pitcher_strikeouts|name:eduardo rodriguez|under|4.5|betmgm,2026-05-26,eduardo rodriguez,mlbam_player:593958,mlbam_player:593958,593958,mlbam_player,eduardo rodriguez,MLB,pitcher_strikeouts,player_prop,pitcher_k,AZ,SF,BetMGM,betmgm,178bf0e15a0e6812cdf47d0523e51ac7,Under,under,4.5,-140,MLB|pitcher_strikeouts|name:eduardo rodriguez|under|4.5,MLB|pitcher_strikeouts|name:eduardo rodriguez|under|4.5|betmgm,xgboost_champion,champion,pitcher_k_model_v1,mlb_pitcher_props_policy_v1,4.617453098297119,4.617453098297119,1.969056927939301,7.265849268654938,2.648396170357818,-0.1174530982971191,False,,,,6,,,2026-05-27T10:46:56.053157-04:00,current_workflow
2026-05-26|xgboost_champion|2026-05-26|MLB|pitcher_strikeouts|name:tyler mahle|over|4.5|fanduel,2026-05-26|MLB|pitcher_strikeouts|name:tyler mahle|over|4.5|fanduel,2026-05-26,tyler mahle,mlbam_player:641816,mlbam_player:641816,641816,mlbam_player,tyler mahle,MLB,pitcher_strikeouts,player_prop,pitcher_k,SF,AZ,FanDuel,fanduel,178bf0e15a0e6812cdf47d0523e51ac7,Over,over,4.5,110,MLB|pitcher_strikeouts|name:tyler mahle|over|4.5,MLB|pitcher_strikeouts|name:tyler mahle|over|4.5|fanduel,xgboost_champion,champion,pitcher_k_model_v1,mlb_pitcher_props_policy_v1,4.014060974121094,4.014060974121094,1.3656648037632757,6.662457144478912,2.648396170357818,-0.4859390258789062,False,,,,3,,,2026-05-27T10:46:56.053157-04:00,current_workflow
2026-05-26|xgboost_champion|2026-05-26|MLB|pitcher_strikeouts|name:tyler mahle|under|4.5|fanduel,2026-05-26|MLB|pitcher_strikeouts|name:tyler mahle|under|4.5|fanduel,2026-05-26,tyler mahle,mlbam_player:641816,mlbam_player:641816,641816,mlbam_player,tyler mahle,MLB,pitcher_strikeouts,player_prop,pitcher_k,SF,AZ,FanDuel,fanduel,178bf0e15a0e6812cdf47d0523e51ac7,Under,under,4.5,-134,MLB|pitcher_strikeouts|name:tyler mahle|under|4.5,MLB|pitcher_strikeouts|name:tyler mahle|under|4.5|fanduel,xgboost_champion,champion,pitcher_k_model_v1,mlb_pitcher_props_policy_v1,4.014060974121094,4.014060974121094,1.3656648037632757,6.662457144478912,2.648396170357818,0.4859390258789062,False,,,,3,,,2026-05-27T10:46:56.053157-04:00,current_workflow
2026-05-26|xgboost_champion|2026-05-26|MLB|pitcher_strikeouts|name:tyler mahle|over|4.5|draftkings,2026-05-26|MLB|pitcher_strikeouts|name:tyler mahle|over|4.5|draftkings,2026-05-26,tyler mahle,mlbam_player:641816,mlbam_player:641816,641816,mlbam_player,tyler mahle,MLB,pitcher_strikeouts,player_prop,pitcher_k,SF,AZ,DraftKings,draftkings,178bf0e15a0e6812cdf47d0523e51ac7,Over,over,4.5,-102,MLB|pitcher_strikeouts|name:tyler mahle|over|4.5,MLB|pitcher_strikeouts|name:tyler mahle|over|4.5|draftkings,xgboost_champion,champion,pitcher_k_model_v1,mlb_pitcher_props_policy_v1,4.014060974121094,4.014060974121094,1.3656648037632757,6.662457144478912,2.648396170357818,-0.4859390258789062,False,,,,3,,,2026-05-27T10:46:56.053157-04:00,current_workflow
2026-05-26|xgboost_champion|2026-05-26|MLB|pitcher_strikeouts|name:tyler mahle|under|4.5|draftkings,2026-05-26|MLB|pitcher_strikeouts|name:tyler mahle|under|4.5|draftkings,2026-05-26,tyler mahle,mlbam_player:641816,mlbam_player:641816,641816,mlbam_player,tyler mahle,MLB,pitcher_strikeouts,player_prop,pitcher_k,SF,AZ,DraftKings,draftkings,178bf0e15a0e6812cdf47d0523e51ac7,Under,under,4.5,-125,MLB|pitcher_strikeouts|name:tyler mahle|under|4.5,MLB|pitcher_strikeouts|name:tyler mahle|under|4.5|draftkings,xgboost_champion,champion,pitcher_k_model_v1,mlb_pitcher_props_policy_v1,4.014060974121094,4.014060974121094,1.3656648037632757,6.662457144478912,2.648396170357818,0.4859390258789062,True,14.0,lean,low,3,W,0.8,2026-05-27T10:46:56.053157-04:00,current_workflow
2026-05-26|xgboost_champion|2026-05-26|MLB|pitcher_strikeouts|name:tyler mahle|over|4.5|betmgm,2026-05-26|MLB|pitcher_strikeouts|name:tyler mahle|over|4.5|betmgm,2026-05-26,tyler mahle,mlbam_player:641816,mlbam_player:641816,641816,mlbam_player,tyler mahle,MLB,pitcher_strikeouts,player_prop,pitcher_k,SF,AZ,BetMGM,betmgm,178bf0e15a0e6812cdf47d0523e51ac7,Over,over,4.5,-105,MLB|pitcher_strikeouts|name:tyler mahle|over|4.5,MLB|pitcher_strikeouts|name:tyler mahle|over|4.5|betmgm,xgboost_champion,champion,pitcher_k_model_v1,mlb_pitcher_props_policy_v1,4.014060974121094,4.014060974121094,1.3656648037632757,6.662457144478912,2.648396170357818,-0.4859390258789062,False,,,,3,,,2026-05-27T10:46:56.053157-04:00,current_workflow
2026-05-26|xgboost_champion|2026-05-26|MLB|pitcher_strikeouts|name:tyler mahle|under|4.5|betmgm,2026-05-26|MLB|pitcher_strikeouts|name:tyler mahle|under|4.5|betmgm,2026-05-26,tyler mahle,mlbam_player:641816,mlbam_player:641816,641816,mlbam_player,tyler mahle,MLB,pitcher_strikeouts,player_prop,pitcher_k,SF,AZ,BetMGM,betmgm,178bf0e15a0e6812cdf47d0523e51ac7,Under,under,4.5,-130,MLB|pitcher_strikeouts|name:tyler mahle|under|4.5,MLB|pitcher_strikeouts|name:tyler mahle|under|4.5|betmgm,xgboost_champion,champion,pitcher_k_model_v1,mlb_pitcher_props_policy_v1,4.014060974121094,4.014060974121094,1.3656648037632757,6.662457144478912,2.648396170357818,0.4859390258789062,False,,,,3,,,2026-05-27T10:46:56.053157-04:00,current_workflow
2026-05-26|xgboost_champion|2026-05-26|MLB|pitcher_strikeouts|name:aaron nola|over|4.5|fanduel,2026-05-26|MLB|pitcher_strikeouts|name:aaron nola|over|4.5|fanduel,2026-05-26,aaron nola,mlbam_player:605400,mlbam_player:605400,605400,mlbam_player,aaron nola,MLB,pitcher_strikeouts,player_prop,pitcher_k,PHI,SD,FanDuel,fanduel,82e37a8a126f9724f8872ec1669446da,Over,over,4.5,-162,MLB|pitcher_strikeouts|name:aaron nola|over|4.5,MLB|pitcher_strikeouts|name:aaron nola|over|4.5|fanduel,xgboost_champion,champion,pitcher_k_model_v1,mlb_pitcher_props_policy_v1,5.1034440994262695,5.1034440994262695,2.300645043449214,7.906243155403326,2.802799055977056,0.6034440994262695,False,,,,5,,,2026-05-27T10:46:56.053157-04:00,current_workflow
2026-05-26|xgboost_champion|2026-05-26|MLB|pitcher_strikeouts|name:aaron nola|under|4.5|fanduel,2026-05-26|MLB|pitcher_strikeouts|name:aaron nola|under|4.5|fanduel,2026-05-26,aaron nola,mlbam_player:605400,mlbam_player:605400,605400,mlbam_player,aaron nola,MLB,pitcher_strikeouts,player_prop,pitcher_k,PHI,SD,FanDuel,fanduel,82e37a8a126f9724f8872ec1669446da,Under,under,4.5,122,MLB|pitcher_strikeouts|name:aaron nola|under|4.5,MLB|pitcher_strikeouts|name:aaron nola|under|4.5|fanduel,xgboost_champion,champion,pitcher_k_model_v1,mlb_pitcher_props_policy_v1,5.1034440994262695,5.1034440994262695,2.300645043449214,7.906243155403326,2.802799055977056,-0.6034440994262695,False,,,,5,,,2026-05-27T10:46:56.053157-04:00,current_workflow
2026-05-26|xgboost_champion|2026-05-26|MLB|pitcher_strikeouts|name:aaron nola|over|4.5|draftkings,2026-05-26|MLB|pitcher_strikeouts|name:aaron nola|over|4.5|draftkings,2026-05-26,aaron nola,mlbam_player:605400,mlbam_player:605400,605400,mlbam_player,aaron nola,MLB,pitcher_strikeouts,player_prop,pitcher_k,PHI,SD,DraftKings,draftkings,82e37a8a126f9724f8872ec1669446da,Over,over,4.5,-159,MLB|pitcher_strikeouts|name:aaron nola|over|4.5,MLB|pitcher_strikeouts|name:aaron nola|over|4.5|draftkings,xgboost_champion,champion,pitcher_k_model_v1,mlb_pitcher_props_policy_v1,5.1034440994262695,5.1034440994262695,2.300645043449214,7.906243155403326,2.802799055977056,0.6034440994262695,True,15.0,lean,low,5,W,0.6289308176100629,2026-05-27T10:46:56.053157-04:00,current_workflow
2026-05-26|xgboost_champion|2026-05-26|MLB|pitcher_strikeouts|name:aaron nola|under|4.5|draftkings,2026-05-26|MLB|pitcher_strikeouts|name:aaron nola|under|4.5|draftkings,2026-05-26,aaron nola,mlbam_player:605400,mlbam_player:605400,605400,mlbam_player,aaron nola,MLB,pitcher_strikeouts,player_prop,pitcher_k,PHI,SD,DraftKings,draftkings,82e37a8a126f9724f8872ec1669446da,Under,under,4.5,125,MLB|pitcher_strikeouts|name:aaron nola|under|4.5,MLB|pitcher_strikeouts|name:aaron nola|under|4.5|draftkings,xgboost_champion,champion,pitcher_k_model_v1,mlb_pitcher_props_policy_v1,5.1034440994262695,5.1034440994262695,2.300645043449214,7.906243155403326,2.802799055977056,-0.6034440994262695,False,,,,5,,,2026-05-27T10:46:56.053157-04:00,current_workflow
2026-05-26|xgboost_champion|2026-05-26|MLB|pitcher_strikeouts|name:aaron nola|over|5.5|betmgm,2026-05-26|MLB|pitcher_strikeouts|name:aaron nola|over|5.5|betmgm,2026-05-26,aaron nola,mlbam_player:605400,mlbam_player:605400,605400,mlbam_player,aaron nola,MLB,pitcher_strikeouts,player_prop,pitcher_k,PHI,SD,BetMGM,betmgm,82e37a8a126f9724f8872ec1669446da,Over,over,5.5,110,MLB|pitcher_strikeouts|name:aaron nola|over|5.5,MLB|pitcher_strikeouts|name:aaron nola|over|5.5|betmgm,xgboost_champion,champion,pitcher_k_model_v1,mlb_pitcher_props_policy_v1,5.1034440994262695,5.1034440994262695,2.300645043449214,7.906243155403326,2.802799055977056,-0.3965559005737304,False,,,,5,,,2026-05-27T10:46:56.053157-04:00,current_workflow
2026-05-26|xgboost_champion|2026-05-26|MLB|pitcher_strikeouts|name:aaron nola|under|5.5|betmgm,2026-05-26|MLB|pitcher_strikeouts|name:aaron nola|under|5.5|betmgm,2026-05-26,aaron nola,mlbam_player:605400,mlbam_player:605400,605400,mlbam_player,aaron nola,MLB,pitcher_strikeouts,player_prop,pitcher_k,PHI,SD,BetMGM,betmgm,82e37a8a126f9724f8872ec1669446da,Under,under,5.5,-150,MLB|pitcher_strikeouts|name:aaron nola|under|5.5,MLB|pitcher_strikeouts|name:aaron nola|under|5.5|betmgm,xgboost_champion,champion,pitcher_k_model_v1,mlb_pitcher_props_policy_v1,5.1034440994262695,5.1034440994262695,2.300645043449214,7.906243155403326,2.802799055977056,0.3965559005737304,False,,,,5,,,2026-05-27T10:46:56.053157-04:00,current_workflow
2026-05-26|xgboost_champion|2026-05-26|MLB|pitcher_strikeouts|name:randy vasquez|over|3.5|fanduel,2026-05-26|MLB|pitcher_strikeouts|name:randy vasquez|over|3.5|fanduel,2026-05-26,randy vasquez,mlbam_player:681190,mlbam_player:681190,681190,mlbam_player,randy vasquez,MLB,pitcher_strikeouts,player_prop,pitcher_k,SD,PHI,FanDuel,fanduel,82e37a8a126f9724f8872ec1669446da,Over,over,3.5,-158,MLB|pitcher_strikeouts|name:randy vasquez|over|3.5,MLB|pitcher_strikeouts|name:randy vasquez|over|3.5|fanduel,xgboost_champion,champion,pitcher_k_model_v1,mlb_pitcher_props_policy_v1,4.243382930755615,4.243382930755615,0.6606989977866875,7.826066863724543,3.582683932968928,0.7433829307556152,False,,,,2,,,2026-05-27T10:46:56.053157-04:00,current_workflow
2026-05-26|xgboost_champion|2026-05-26|MLB|pitcher_strikeouts|name:randy vasquez|under|3.5|fanduel,2026-05-26|MLB|pitcher_strikeouts|name:randy vasquez|under|3.5|fanduel,2026-05-26,randy vasquez,mlbam_player:681190,mlbam_player:681190,681190,mlbam_player,randy vasquez,MLB,pitcher_strikeouts,player_prop,pitcher_k,SD,PHI,FanDuel,fanduel,82e37a8a126f9724f8872ec1669446da,Under,under,3.5,128,MLB|pitcher_strikeouts|name:randy vasquez|under|3.5,MLB|pitcher_strikeouts|name:randy vasquez|under|3.5|fanduel,xgboost_champion,champion,pitcher_k_model_v1,mlb_pitcher_props_policy_v1,4.243382930755615,4.243382930755615,0.6606989977866875,7.826066863724543,3.582683932968928,-0.7433829307556152,False,,,,2,,,2026-05-27T10:46:56.053157-04:00,current_workflow
2026-05-26|xgboost_champion|2026-05-26|MLB|pitcher_strikeouts|name:randy vasquez|over|3.5|draftkings,2026-05-26|MLB|pitcher_strikeouts|name:randy vasquez|over|3.5|draftkings,2026-05-26,randy vasquez,mlbam_player:681190,mlbam_player:681190,681190,mlbam_player,randy vasquez,MLB,pitcher_strikeouts,player_prop,pitcher_k,SD,PHI,DraftKings,draftkings,82e37a8a126f9724f8872ec1669446da,Over,over,3.5,-143,MLB|pitcher_strikeouts|name:randy vasquez|over|3.5,MLB|pitcher_strikeouts|name:randy vasquez|over|3.5|draftkings,xgboost_champion,champion,pitcher_k_model_v1,mlb_pitcher_props_policy_v1,4.243382930755615,4.243382930755615,0.6606989977866875,7.826066863724543,3.582683932968928,0.7433829307556152,True,12.0,lean,medium,2,L,-1.0,2026-05-27T10:46:56.053157-04:00,current_workflow
2026-05-26|xgboost_champion|2026-05-26|MLB|pitcher_strikeouts|name:randy vasquez|under|3.5|draftkings,2026-05-26|MLB|pitcher_strikeouts|name:randy vasquez|under|3.5|draftkings,2026-05-26,randy vasquez,mlbam_player:681190,mlbam_player:681190,681190,mlbam_player,randy vasquez,MLB,pitcher_strikeouts,player_prop,pitcher_k,SD,PHI,DraftKings,draftkings,82e37a8a126f9724f8872ec1669446da,Under,under,3.5,112,MLB|pitcher_strikeouts|name:randy vasquez|under|3.5,MLB|pitcher_strikeouts|name:randy vasquez|under|3.5|draftkings,xgboost_champion,champion,pitcher_k_model_v1,mlb_pitcher_props_policy_v1,4.243382930755615,4.243382930755615,0.6606989977866875,7.826066863724543,3.582683932968928,-0.7433829307556152,False,,,,2,,,2026-05-27T10:46:56.053157-04:00,current_workflow
2026-05-26|xgboost_champion|2026-05-26|MLB|pitcher_strikeouts|name:randy vasquez|over|4.5|betmgm,2026-05-26|MLB|pitcher_strikeouts|name:randy vasquez|over|4.5|betmgm,2026-05-26,randy vasquez,mlbam_player:681190,mlbam_player:681190,681190,mlbam_player,randy vasquez,MLB,pitcher_strikeouts,player_prop,pitcher_k,SD,PHI,BetMGM,betmgm,82e37a8a126f9724f8872ec1669446da,Over,over,4.5,125,MLB|pitcher_strikeouts|name:randy vasquez|over|4.5,MLB|pitcher_strikeouts|name:randy vasquez|over|4.5|betmgm,xgboost_champion,champion,pitcher_k_model_v1,mlb_pitcher_props_policy_v1,4.243382930755615,4.243382930755615,0.6606989977866875,7.826066863724543,3.582683932968928,-0.2566170692443847,False,,,,2,,,2026-05-27T10:46:56.053157-04:00,current_workflow
2026-05-26|xgboost_champion|2026-05-26|MLB|pitcher_strikeouts|name:randy vasquez|under|4.5|betmgm,2026-05-26|MLB|pitcher_strikeouts|name:randy vasquez|under|4.5|betmgm,2026-05-26,randy vasquez,mlbam_player:681190,mlbam_player:681190,681190,mlbam_player,randy vasquez,MLB,pitcher_strikeouts,player_prop,pitcher_k,SD,PHI,BetMGM,betmgm,82e37a8a126f9724f8872ec1669446da,Under,under,4.5,-165,MLB|pitcher_strikeouts|name:randy vasquez|under|4.5,MLB|pitcher_strikeouts|name:randy vasquez|under|4.5|betmgm,xgboost_champion,champion,pitcher_k_model_v1,mlb_pitcher_props_policy_v1,4.243382930755615,4.243382930755615,0.6606989977866875,7.826066863724543,3.582683932968928,0.2566170692443847,False,,,,2,,,2026-05-27T10:46:56.053157-04:00,current_workflow
2026-05-26|xgboost_champion|2026-05-26|MLB|pitcher_strikeouts|name:jordan wicks|over|3.5|fanduel,2026-05-26|MLB|pitcher_strikeouts|name:jordan wicks|over|3.5|fanduel,2026-05-26,jordan wicks,mlbam_player:696136,mlbam_player:696136,696136,mlbam_player,jordan wicks,MLB,pitcher_strikeouts,player_prop,pitcher_k,CHC,PIT,FanDuel,fanduel,2a617b3c38b4cfff06d9866d761bb481,Over,over,3.5,-136,MLB|pitcher_strikeouts|name:jordan wicks|over|3.5,MLB|pitcher_strikeouts|name:jordan wicks|over|3.5|fanduel,xgboost_champion,champion,pitcher_k_model_v1,mlb_pitcher_props_policy_v1,3.398805618286133,3.398805618286133,1.188280435205812,5.609330801366454,2.2105251830803208,-0.1011943817138671,False,,,,5,,,2026-05-27T10:46:56.053157-04:00,current_workflow
2026-05-26|xgboost_champion|2026-05-26|MLB|pitcher_strikeouts|name:jordan wicks|under|3.5|fanduel,2026-05-26|MLB|pitcher_strikeouts|name:jordan wicks|under|3.5|fanduel,2026-05-26,jordan wicks,mlbam_player:696136,mlbam_player:696136,696136,mlbam_player,jordan wicks,MLB,pitcher_strikeouts,player_prop,pitcher_k,CHC,PIT,FanDuel,fanduel,2a617b3c38b4cfff06d9866d761bb481,Under,under,3.5,102,MLB|pitcher_strikeouts|name:jordan wicks|under|3.5,MLB|pitcher_strikeouts|name:jordan wicks|under|3.5|fanduel,xgboost_champion,champion,pitcher_k_model_v1,mlb_pitcher_props_policy_v1,3.398805618286133,3.398805618286133,1.188280435205812,5.609330801366454,2.2105251830803208,0.1011943817138671,False,,,,5,,,2026-05-27T10:46:56.053157-04:00,current_workflow
2026-05-26|xgboost_champion|2026-05-26|MLB|pitcher_strikeouts|name:jordan wicks|over|3.5|draftkings,2026-05-26|MLB|pitcher_strikeouts|name:jordan wicks|over|3.5|draftkings,2026-05-26,jordan wicks,mlbam_player:696136,mlbam_player:696136,696136,mlbam_player,jordan wicks,MLB,pitcher_strikeouts,player_prop,pitcher_k,CHC,PIT,DraftKings,draftkings,2a617b3c38b4cfff06d9866d761bb481,Over,over,3.5,-115,MLB|pitcher_strikeouts|name:jordan wicks|over|3.5,MLB|pitcher_strikeouts|name:jordan wicks|over|3.5|draftkings,xgboost_champion,champion,pitcher_k_model_v1,mlb_pitcher_props_policy_v1,3.398805618286133,3.398805618286133,1.188280435205812,5.609330801366454,2.2105251830803208,-0.1011943817138671,False,,,,5,,,2026-05-27T10:46:56.053157-04:00,current_workflow
2026-05-26|xgboost_champion|2026-05-26|MLB|pitcher_strikeouts|name:jordan wicks|under|3.5|draftkings,2026-05-26|MLB|pitcher_strikeouts|name:jordan wicks|under|3.5|draftkings,2026-05-26,jordan wicks,mlbam_player:696136,mlbam_player:696136,696136,mlbam_player,jordan wicks,MLB,pitcher_strikeouts,player_prop,pitcher_k,CHC,PIT,DraftKings,draftkings,2a617b3c38b4cfff06d9866d761bb481,Under,under,3.5,-111,MLB|pitcher_strikeouts|name:jordan wicks|under|3.5,MLB|pitcher_strikeouts|name:jordan wicks|under|3.5|draftkings,xgboost_champion,champion,pitcher_k_model_v1,mlb_pitcher_props_policy_v1,3.398805618286133,3.398805618286133,1.188280435205812,5.609330801366454,2.2105251830803208,0.1011943817138671,False,,,,5,,,2026-05-27T10:46:56.053157-04:00,current_workflow
2026-05-26|xgboost_champion|2026-05-26|MLB|pitcher_strikeouts|name:jordan wicks|over|3.5|betmgm,2026-05-26|MLB|pitcher_strikeouts|name:jordan wicks|over|3.5|betmgm,2026-05-26,jordan wicks,mlbam_player:696136,mlbam_player:696136,696136,mlbam_player,jordan wicks,MLB,pitcher_strikeouts,player_prop,pitcher_k,CHC,PIT,BetMGM,betmgm,2a617b3c38b4cfff06d9866d761bb481,Over,over,3.5,-140,MLB|pitcher_strikeouts|name:jordan wicks|over|3.5,MLB|pitcher_strikeouts|name:jordan wicks|over|3.5|betmgm,xgboost_champion,champion,pitcher_k_model_v1,mlb_pitcher_props_policy_v1,3.398805618286133,3.398805618286133,1.188280435205812,5.609330801366454,2.2105251830803208,-0.1011943817138671,False,,,,5,,,2026-05-27T10:46:56.053157-04:00,current_workflow
2026-05-26|xgboost_champion|2026-05-26|MLB|pitcher_strikeouts|name:jordan wicks|under|3.5|betmgm,2026-05-26|MLB|pitcher_strikeouts|name:jordan wicks|under|3.5|betmgm,2026-05-26,jordan wicks,mlbam_player:696136,mlbam_player:696136,696136,mlbam_player,jordan wicks,MLB,pitcher_strikeouts,player_prop,pitcher_k,CHC,PIT,BetMGM,betmgm,2a617b3c38b4cfff06d9866d761bb481,Under,under,3.5,105,MLB|pitcher_strikeouts|name:jordan wicks|under|3.5,MLB|pitcher_strikeouts|name:jordan wicks|under|3.5|betmgm,xgboost_champion,champion,pitcher_k_model_v1,mlb_pitcher_props_policy_v1,3.398805618286133,3.398805618286133,1.188280435205812,5.609330801366454,2.2105251830803208,0.1011943817138671,False,,,,5,,,2026-05-27T10:46:56.053157-04:00,current_workflow
2026-05-26|xgboost_champion|2026-05-26|MLB|pitcher_strikeouts|name:braxton ashcraft|over|5.5|fanduel,2026-05-26|MLB|pitcher_strikeouts|name:braxton ashcraft|over|5.5|fanduel,2026-05-26,braxton ashcraft,mlbam_player:677952,mlbam_player:677952,677952,mlbam_player,braxton ashcraft,MLB,pitcher_strikeouts,player_prop,pitcher_k,PIT,CHC,FanDuel,fanduel,2a617b3c38b4cfff06d9866d761bb481,Over,over,5.5,-105,MLB|pitcher_strikeouts|name:braxton ashcraft|over|5.5,MLB|pitcher_strikeouts|name:braxton ashcraft|over|5.5|fanduel,xgboost_champion,champion,pitcher_k_model_v1,mlb_pitcher_props_policy_v1,4.589924812316895,4.589924812316895,2.943085148071817,6.236764476561971,1.646839664245077,-0.9100751876831056,False,,,,5,,,2026-05-27T10:46:56.053157-04:00,current_workflow
2026-05-26|xgboost_champion|2026-05-26|MLB|pitcher_strikeouts|name:braxton ashcraft|under|5.5|fanduel,2026-05-26|MLB|pitcher_strikeouts|name:braxton ashcraft|under|5.5|fanduel,2026-05-26,braxton ashcraft,mlbam_player:677952,mlbam_player:677952,677952,mlbam_player,braxton ashcraft,MLB,pitcher_strikeouts,player_prop,pitcher_k,PIT,CHC,FanDuel,fanduel,2a617b3c38b4cfff06d9866d761bb481,Under,under,5.5,-115,MLB|pitcher_strikeouts|name:braxton ashcraft|under|5.5,MLB|pitcher_strikeouts|name:braxton ashcraft|under|5.5|fanduel,xgboost_champion,champion,pitcher_k_model_v1,mlb_pitcher_props_policy_v1,4.589924812316895,4.589924812316895,2.943085148071817,6.236764476561971,1.646839664245077,0.9100751876831056,False,,,,5,,,2026-05-27T10:46:56.053157-04:00,current_workflow
2026-05-26|xgboost_champion|2026-05-26|MLB|pitcher_strikeouts|name:braxton ashcraft|over|5.5|draftkings,2026-05-26|MLB|pitcher_strikeouts|name:braxton ashcraft|over|5.5|draftkings,2026-05-26,braxton ashcraft,mlbam_player:677952,mlbam_player:677952,677952,mlbam_player,braxton ashcraft,MLB,pitcher_strikeouts,player_prop,pitcher_k,PIT,CHC,DraftKings,draftkings,2a617b3c38b4cfff06d9866d761bb481,Over,over,5.5,-129,MLB|pitcher_strikeouts|name:braxton ashcraft|over|5.5,MLB|pitcher_strikeouts|name:braxton ashcraft|over|5.5|draftkings,xgboost_champion,champion,pitcher_k_model_v1,mlb_pitcher_props_policy_v1,4.589924812316895,4.589924812316895,2.943085148071817,6.236764476561971,1.646839664245077,-0.9100751876831056,False,,,,5,,,2026-05-27T10:46:56.053157-04:00,current_workflow
2026-05-26|xgboost_champion|2026-05-26|MLB|pitcher_strikeouts|name:braxton ashcraft|under|5.5|draftkings,2026-05-26|MLB|pitcher_strikeouts|name:braxton ashcraft|under|5.5|draftkings,2026-05-26,braxton ashcraft,mlbam_player:677952,mlbam_player:677952,677952,mlbam_player,braxton ashcraft,MLB,pitcher_strikeouts,player_prop,pitcher_k,PIT,CHC,DraftKings,draftkings,2a617b3c38b4cfff06d9866d761bb481,Under,under,5.5,101,MLB|pitcher_strikeouts|name:braxton ashcraft|under|5.5,MLB|pitcher_strikeouts|name:braxton ashcraft|under|5.5|draftkings,xgboost_champion,champion,pitcher_k_model_v1,mlb_pitcher_props_policy_v1,4.589924812316895,4.589924812316895,2.943085148071817,6.236764476561971,1.646839664245077,0.9100751876831056,True,7.0,official,medium,5,W,1.01,2026-05-27T10:46:56.053157-04:00,current_workflow
2026-05-26|xgboost_champion|2026-05-26|MLB|pitcher_strikeouts|name:braxton ashcraft|over|5.5|betmgm,2026-05-26|MLB|pitcher_strikeouts|name:braxton ashcraft|over|5.5|betmgm,2026-05-26,braxton ashcraft,mlbam_player:677952,mlbam_player:677952,677952,mlbam_player,braxton ashcraft,MLB,pitcher_strikeouts,player_prop,pitcher_k,PIT,CHC,BetMGM,betmgm,2a617b3c38b4cfff06d9866d761bb481,Over,over,5.5,-105,MLB|pitcher_strikeouts|name:braxton ashcraft|over|5.5,MLB|pitcher_strikeouts|name:braxton ashcraft|over|5.5|betmgm,xgboost_champion,champion,pitcher_k_model_v1,mlb_pitcher_props_policy_v1,4.589924812316895,4.589924812316895,2.943085148071817,6.236764476561971,1.646839664245077,-0.9100751876831056,False,,,,5,,,2026-05-27T10:46:56.053157-04:00,current_workflow
2026-05-26|xgboost_champion|2026-05-26|MLB|pitcher_strikeouts|name:braxton ashcraft|under|5.5|betmgm,2026-05-26|MLB|pitcher_strikeouts|name:braxton ashcraft|under|5.5|betmgm,2026-05-26,braxton ashcraft,mlbam_player:677952,mlbam_player:677952,677952,mlbam_player,braxton ashcraft,MLB,pitcher_strikeouts,player_prop,pitcher_k,PIT,CHC,BetMGM,betmgm,2a617b3c38b4cfff06d9866d761bb481,Under,under,5.5,-125,MLB|pitcher_strikeouts|name:braxton ashcraft|under|5.5,MLB|pitcher_strikeouts|name:braxton ashcraft|under|5.5|betmgm,xgboost_champion,champion,pitcher_k_model_v1,mlb_pitcher_props_policy_v1,4.589924812316895,4.589924812316895,2.943085148071817,6.236764476561971,1.646839664245077,0.9100751876831056,False,,,,5,,,2026-05-27T10:46:56.053157-04:00,current_workflow
2026-05-26|xgboost_champion|2026-05-26|MLB|pitcher_strikeouts|name:chase burns|over|6.5|fanduel,2026-05-26|MLB|pitcher_strikeouts|name:chase burns|over|6.5|fanduel,2026-05-26,chase burns,mlbam_player:695505,mlbam_player:695505,695505,mlbam_player,chase burns,MLB,pitcher_strikeouts,player_prop,pitcher_k,CIN,NYM,FanDuel,fanduel,42ec808f3f2b51bde3830094a2d31f59,Over,over,6.5,-118,MLB|pitcher_strikeouts|name:chase burns|over|6.5,MLB|pitcher_strikeouts|name:chase burns|over|6.5|fanduel,xgboost_champion,champion,pitcher_k_model_v1,mlb_pitcher_props_policy_v1,7.362545013427734,7.362545013427734,5.507266955542021,9.217823071313449,1.855278057885713,0.8625450134277344,False,,,,8,,,2026-05-27T10:46:56.053157-04:00,current_workflow
2026-05-26|xgboost_champion|2026-05-26|MLB|pitcher_strikeouts|name:chase burns|under|6.5|fanduel,2026-05-26|MLB|pitcher_strikeouts|name:chase burns|under|6.5|fanduel,2026-05-26,chase burns,mlbam_player:695505,mlbam_player:695505,695505,mlbam_player,chase burns,MLB,pitcher_strikeouts,player_prop,pitcher_k,CIN,NYM,FanDuel,fanduel,42ec808f3f2b51bde3830094a2d31f59,Under,under,6.5,-114,MLB|pitcher_strikeouts|name:chase burns|under|6.5,MLB|pitcher_strikeouts|name:chase burns|under|6.5|fanduel,xgboost_champion,champion,pitcher_k_model_v1,mlb_pitcher_props_policy_v1,7.362545013427734,7.362545013427734,5.507266955542021,9.217823071313449,1.855278057885713,-0.8625450134277344,False,,,,8,,,2026-05-27T10:46:56.053157-04:00,current_workflow
2026-05-26|xgboost_champion|2026-05-26|MLB|pitcher_strikeouts|name:chase burns|over|6.5|draftkings,2026-05-26|MLB|pitcher_strikeouts|name:chase burns|over|6.5|draftkings,2026-05-26,chase burns,mlbam_player:695505,mlbam_player:695505,695505,mlbam_player,chase burns,MLB,pitcher_strikeouts,player_prop,pitcher_k,CIN,NYM,DraftKings,draftkings,42ec808f3f2b51bde3830094a2d31f59,Over,over,6.5,-111,MLB|pitcher_strikeouts|name:chase burns|over|6.5,MLB|pitcher_strikeouts|name:chase burns|over|6.5|draftkings,xgboost_champion,champion,pitcher_k_model_v1,mlb_pitcher_props_policy_v1,7.362545013427734,7.362545013427734,5.507266955542021,9.217823071313449,1.855278057885713,0.8625450134277344,False,,,,8,,,2026-05-27T10:46:56.053157-04:00,current_workflow
2026-05-26|xgboost_champion|2026-05-26|MLB|pitcher_strikeouts|name:chase burns|under|6.5|draftkings,2026-05-26|MLB|pitcher_strikeouts|name:chase burns|under|6.5|draftkings,2026-05-26,chase burns,mlbam_player:695505,mlbam_player:695505,695505,mlbam_player,chase burns,MLB,pitcher_strikeouts,player_prop,pitcher_k,CIN,NYM,DraftKings,draftkings,42ec808f3f2b51bde3830094a2d31f59,Under,under,6.5,-115,MLB|pitcher_strikeouts|name:chase burns|under|6.5,MLB|pitcher_strikeouts|name:chase burns|under|6.5|draftkings,xgboost_champion,champion,pitcher_k_model_v1,mlb_pitcher_props_policy_v1,7.362545013427734,7.362545013427734,5.507266955542021,9.217823071313449,1.855278057885713,-0.8625450134277344,False,,,,8,,,2026-05-27T10:46:56.053157-04:00,current_workflow
2026-05-26|xgboost_champion|2026-05-26|MLB|pitcher_strikeouts|name:chase burns|over|6.5|betmgm,2026-05-26|MLB|pitcher_strikeouts|name:chase burns|over|6.5|betmgm,2026-05-26,chase burns,mlbam_player:695505,mlbam_player:695505,695505,mlbam_player,chase burns,MLB,pitcher_strikeouts,player_prop,pitcher_k,CIN,NYM,BetMGM,betmgm,42ec808f3f2b51bde3830094a2d31f59,Over,over,6.5,-110,MLB|pitcher_strikeouts|name:chase burns|over|6.5,MLB|pitcher_strikeouts|name:chase burns|over|6.5|betmgm,xgboost_champion,champion,pitcher_k_model_v1,mlb_pitcher_props_policy_v1,7.362545013427734,7.362545013427734,5.507266955542021,9.217823071313449,1.855278057885713,0.8625450134277344,True,8.0,official,medium,8,W,0.9090909090909092,2026-05-27T10:46:56.053157-04:00,current_workflow
2026-05-26|xgboost_champion|2026-05-26|MLB|pitcher_strikeouts|name:chase burns|under|6.5|betmgm,2026-05-26|MLB|pitcher_strikeouts|name:chase burns|under|6.5|betmgm,2026-05-26,chase burns,mlbam_player:695505,mlbam_player:695505,695505,mlbam_player,chase burns,MLB,pitcher_strikeouts,player_prop,pitcher_k,CIN,NYM,BetMGM,betmgm,42ec808f3f2b51bde3830094a2d31f59,Under,under,6.5,-120,MLB|pitcher_strikeouts|name:chase burns|under|6.5,MLB|pitcher_strikeouts|name:chase burns|under|6.5|betmgm,xgboost_champion,champion,pitcher_k_model_v1,mlb_pitcher_props_policy_v1,7.362545013427734,7.362545013427734,5.507266955542021,9.217823071313449,1.855278057885713,-0.8625450134277344,False,,,,8,,,2026-05-27T10:46:56.053157-04:00,current_workflow
2026-05-26|xgboost_champion|2026-05-26|MLB|pitcher_strikeouts|name:michael mcgreevy|over|3.5|fanduel,2026-05-26|MLB|pitcher_strikeouts|name:michael mcgreevy|over|3.5|fanduel,2026-05-26,michael mcgreevy,mlbam_player:700241,mlbam_player:700241,700241,mlbam_player,michael mcgreevy,MLB,pitcher_strikeouts,player_prop,pitcher_k,STL,MIL,FanDuel,fanduel,99d8354792f828bd962e089d4ab8c5bf,Over,over,3.5,-122,MLB|pitcher_strikeouts|name:michael mcgreevy|over|3.5,MLB|pitcher_strikeouts|name:michael mcgreevy|over|3.5|fanduel,xgboost_champion,champion,pitcher_k_model_v1,mlb_pitcher_props_policy_v1,3.76612401008606,3.76612401008606,0.7659068646453644,6.766341155526755,3.000217145440695,0.2661240100860595,False,,,,6,,,2026-05-27T10:46:56.053157-04:00,current_workflow
2026-05-26|xgboost_champion|2026-05-26|MLB|pitcher_strikeouts|name:michael mcgreevy|under|3.5|fanduel,2026-05-26|MLB|pitcher_strikeouts|name:michael mcgreevy|under|3.5|fanduel,2026-05-26,michael mcgreevy,mlbam_player:700241,mlbam_player:700241,700241,mlbam_player,michael mcgreevy,MLB,pitcher_strikeouts,player_prop,pitcher_k,STL,MIL,FanDuel,fanduel,99d8354792f828bd962e089d4ab8c5bf,Under,under,3.5,-108,MLB|pitcher_strikeouts|name:michael mcgreevy|under|3.5,MLB|pitcher_strikeouts|name:michael mcgreevy|under|3.5|fanduel,xgboost_champion,champion,pitcher_k_model_v1,mlb_pitcher_props_policy_v1,3.76612401008606,3.76612401008606,0.7659068646453644,6.766341155526755,3.000217145440695,-0.2661240100860595,False,,,,6,,,2026-05-27T10:46:56.053157-04:00,current_workflow
2026-05-26|xgboost_champion|2026-05-26|MLB|pitcher_strikeouts|name:michael mcgreevy|over|3.5|draftkings,2026-05-26|MLB|pitcher_strikeouts|name:michael mcgreevy|over|3.5|draftkings,2026-05-26,michael mcgreevy,mlbam_player:700241,mlbam_player:700241,700241,mlbam_player,michael mcgreevy,MLB,pitcher_strikeouts,player_prop,pitcher_k,STL,MIL,DraftKings,draftkings,99d8354792f828bd962e089d4ab8c5bf,Over,over,3.5,-115,MLB|pitcher_strikeouts|name:michael mcgreevy|over|3.5,MLB|pitcher_strikeouts|name:michael mcgreevy|over|3.5|draftkings,xgboost_champion,champion,pitcher_k_model_v1,mlb_pitcher_props_policy_v1,3.76612401008606,3.76612401008606,0.7659068646453644,6.766341155526755,3.000217145440695,0.2661240100860595,False,,,,6,,,2026-05-27T10:46:56.053157-04:00,current_workflow
2026-05-26|xgboost_champion|2026-05-26|MLB|pitcher_strikeouts|name:michael mcgreevy|under|3.5|draftkings,2026-05-26|MLB|pitcher_strikeouts|name:michael mcgreevy|under|3.5|draftkings,2026-05-26,michael mcgreevy,mlbam_player:700241,mlbam_player:700241,700241,mlbam_player,michael mcgreevy,MLB,pitcher_strikeouts,player_prop,pitcher_k,STL,MIL,DraftKings,draftkings,99d8354792f828bd962e089d4ab8c5bf,Under,under,3.5,-111,MLB|pitcher_strikeouts|name:michael mcgreevy|under|3.5,MLB|pitcher_strikeouts|name:michael mcgreevy|under|3.5|draftkings,xgboost_champion,champion,pitcher_k_model_v1,mlb_pitcher_props_policy_v1,3.76612401008606,3.76612401008606,0.7659068646453644,6.766341155526755,3.000217145440695,-0.2661240100860595,False,,,,6,,,2026-05-27T10:46:56.053157-04:00,current_workflow
2026-05-26|xgboost_champion|2026-05-26|MLB|pitcher_strikeouts|name:michael mcgreevy|over|3.5|betmgm,2026-05-26|MLB|pitcher_strikeouts|name:michael mcgreevy|over|3.5|betmgm,2026-05-26,michael mcgreevy,mlbam_player:700241,mlbam_player:700241,700241,mlbam_player,michael mcgreevy,MLB,pitcher_strikeouts,player_prop,pitcher_k,STL,MIL,BetMGM,betmgm,99d8354792f828bd962e089d4ab8c5bf,Over,over,3.5,-110,MLB|pitcher_strikeouts|name:michael mcgreevy|over|3.5,MLB|pitcher_strikeouts|name:michael mcgreevy|over|3.5|betmgm,xgboost_champion,champion,pitcher_k_model_v1,mlb_pitcher_props_policy_v1,3.76612401008606,3.76612401008606,0.7659068646453644,6.766341155526755,3.000217145440695,0.2661240100860595,False,,,,6,,,2026-05-27T10:46:56.053157-04:00,current_workflow
2026-05-26|xgboost_champion|2026-05-26|MLB|pitcher_strikeouts|name:michael mcgreevy|under|3.5|betmgm,2026-05-26|MLB|pitcher_strikeouts|name:michael mcgreevy|under|3.5|betmgm,2026-05-26,michael mcgreevy,mlbam_player:700241,mlbam_player:700241,700241,mlbam_player,michael mcgreevy,MLB,pitcher_strikeouts,player_prop,pitcher_k,STL,MIL,BetMGM,betmgm,99d8354792f828bd962e089d4ab8c5bf,Under,under,3.5,-118,MLB|pitcher_strikeouts|name:michael mcgreevy|under|3.5,MLB|pitcher_strikeouts|name:michael mcgreevy|under|3.5|betmgm,xgboost_champion,champion,pitcher_k_model_v1,mlb_pitcher_props_policy_v1,3.76612401008606,3.76612401008606,0.7659068646453644,6.766341155526755,3.000217145440695,-0.2661240100860595,False,,,,6,,,2026-05-27T10:46:56.053157-04:00,current_workflow
2026-05-26|xgboost_champion|2026-05-26|MLB|pitcher_strikeouts|name:kyle harrison|over|6.5|fanduel,2026-05-26|MLB|pitcher_strikeouts|name:kyle harrison|over|6.5|fanduel,2026-05-26,kyle harrison,mlbam_player:690986,mlbam_player:690986,690986,mlbam_player,kyle harrison,MLB,pitcher_strikeouts,player_prop,pitcher_k,MIL,STL,FanDuel,fanduel,99d8354792f828bd962e089d4ab8c5bf,Over,over,6.5,114,MLB|pitcher_strikeouts|name:kyle harrison|over|6.5,MLB|pitcher_strikeouts|name:kyle harrison|over|6.5|fanduel,xgboost_champion,champion,pitcher_k_model_v1,mlb_pitcher_props_policy_v1,4.484465599060059,4.484465599060059,2.1959897528273347,6.772941445292783,2.288475846232724,-2.0155344009399414,False,,,,2,,,2026-05-27T10:46:56.053157-04:00,current_workflow
2026-05-26|xgboost_champion|2026-05-26|MLB|pitcher_strikeouts|name:kyle harrison|under|6.5|fanduel,2026-05-26|MLB|pitcher_strikeouts|name:kyle harrison|under|6.5|fanduel,2026-05-26,kyle harrison,mlbam_player:690986,mlbam_player:690986,690986,mlbam_player,kyle harrison,MLB,pitcher_strikeouts,player_prop,pitcher_k,MIL,STL,FanDuel,fanduel,99d8354792f828bd962e089d4ab8c5bf,Under,under,6.5,-140,MLB|pitcher_strikeouts|name:kyle harrison|under|6.5,MLB|pitcher_strikeouts|name:kyle harrison|under|6.5|fanduel,xgboost_champion,champion,pitcher_k_model_v1,mlb_pitcher_props_policy_v1,4.484465599060059,4.484465599060059,2.1959897528273347,6.772941445292783,2.288475846232724,2.0155344009399414,False,,,,2,,,2026-05-27T10:46:56.053157-04:00,current_workflow
2026-05-26|xgboost_champion|2026-05-26|MLB|pitcher_strikeouts|name:kyle harrison|over|6.5|draftkings,2026-05-26|MLB|pitcher_strikeouts|name:kyle harrison|over|6.5|draftkings,2026-05-26,kyle harrison,mlbam_player:690986,mlbam_player:690986,690986,mlbam_player,kyle harrison,MLB,pitcher_strikeouts,player_prop,pitcher_k,MIL,STL,DraftKings,draftkings,99d8354792f828bd962e089d4ab8c5bf,Over,over,6.5,110,MLB|pitcher_strikeouts|name:kyle harrison|over|6.5,MLB|pitcher_strikeouts|name:kyle harrison|over|6.5|draftkings,xgboost_champion,champion,pitcher_k_model_v1,mlb_pitcher_props_policy_v1,4.484465599060059,4.484465599060059,2.1959897528273347,6.772941445292783,2.288475846232724,-2.0155344009399414,False,,,,2,,,2026-05-27T10:46:56.053157-04:00,current_workflow
2026-05-26|xgboost_champion|2026-05-26|MLB|pitcher_strikeouts|name:kyle harrison|under|6.5|draftkings,2026-05-26|MLB|pitcher_strikeouts|name:kyle harrison|under|6.5|draftkings,2026-05-26,kyle harrison,mlbam_player:690986,mlbam_player:690986,690986,mlbam_player,kyle harrison,MLB,pitcher_strikeouts,player_prop,pitcher_k,MIL,STL,DraftKings,draftkings,99d8354792f828bd962e089d4ab8c5bf,Under,under,6.5,-140,MLB|pitcher_strikeouts|name:kyle harrison|under|6.5,MLB|pitcher_strikeouts|name:kyle harrison|under|6.5|draftkings,xgboost_champion,champion,pitcher_k_model_v1,mlb_pitcher_props_policy_v1,4.484465599060059,4.484465599060059,2.1959897528273347,6.772941445292783,2.288475846232724,2.0155344009399414,False,,,,2,,,2026-05-27T10:46:56.053157-04:00,current_workflow
2026-05-26|xgboost_champion|2026-05-26|MLB|pitcher_strikeouts|name:kyle harrison|over|6.5|betmgm,2026-05-26|MLB|pitcher_strikeouts|name:kyle harrison|over|6.5|betmgm,2026-05-26,kyle harrison,mlbam_player:690986,mlbam_player:690986,690986,mlbam_player,kyle harrison,MLB,pitcher_strikeouts,player_prop,pitcher_k,MIL,STL,BetMGM,betmgm,99d8354792f828bd962e089d4ab8c5bf,Over,over,6.5,-105,MLB|pitcher_strikeouts|name:kyle harrison|over|6.5,MLB|pitcher_strikeouts|name:kyle harrison|over|6.5|betmgm,xgboost_champion,champion,pitcher_k_model_v1,mlb_pitcher_props_policy_v1,4.484465599060059,4.484465599060059,2.1959897528273347,6.772941445292783,2.288475846232724,-2.0155344009399414,False,,,,2,,,2026-05-27T10:46:56.053157-04:00,current_workflow
2026-05-26|xgboost_champion|2026-05-26|MLB|pitcher_strikeouts|name:kyle harrison|under|6.5|betmgm,2026-05-26|MLB|pitcher_strikeouts|name:kyle harrison|under|6.5|betmgm,2026-05-26,kyle harrison,mlbam_player:690986,mlbam_player:690986,690986,mlbam_player,kyle harrison,MLB,pitcher_strikeouts,player_prop,pitcher_k,MIL,STL,BetMGM,betmgm,99d8354792f828bd962e089d4ab8c5bf,Under,under,6.5,-125,MLB|pitcher_strikeouts|name:kyle harrison|under|6.5,MLB|pitcher_strikeouts|name:kyle harrison|under|6.5|betmgm,xgboost_champion,champion,pitcher_k_model_v1,mlb_pitcher_props_policy_v1,4.484465599060059,4.484465599060059,2.1959897528273347,6.772941445292783,2.288475846232724,2.0155344009399414,True,1.0,official,high,2,W,0.8,2026-05-27T10:46:56.053157-04:00,current_workflow
2026-05-26|xgboost_champion|2026-05-26|MLB|pitcher_strikeouts|name:kyle freeland|over|3.5|fanduel,2026-05-26|MLB|pitcher_strikeouts|name:kyle freeland|over|3.5|fanduel,2026-05-26,kyle freeland,mlbam_player:607536,mlbam_player:607536,607536,mlbam_player,kyle freeland,MLB,pitcher_strikeouts,player_prop,pitcher_k,COL,LAD,FanDuel,fanduel,acd23c21d644ac44611a206f197cdd6b,Over,over,3.5,-140,MLB|pitcher_strikeouts|name:kyle freeland|over|3.5,MLB|pitcher_strikeouts|name:kyle freeland|over|3.5|fanduel,xgboost_champion,champion,pitcher_k_model_v1,mlb_pitcher_props_policy_v1,4.732542037963867,4.732542037963867,1.0500966006689452,8.414987475258789,3.682445437294922,1.2325420379638672,False,,,,4,,,2026-05-27T10:46:56.053157-04:00,current_workflow
2026-05-26|xgboost_champion|2026-05-26|MLB|pitcher_strikeouts|name:kyle freeland|under|3.5|fanduel,2026-05-26|MLB|pitcher_strikeouts|name:kyle freeland|under|3.5|fanduel,2026-05-26,kyle freeland,mlbam_player:607536,mlbam_player:607536,607536,mlbam_player,kyle freeland,MLB,pitcher_strikeouts,player_prop,pitcher_k,COL,LAD,FanDuel,fanduel,acd23c21d644ac44611a206f197cdd6b,Under,under,3.5,106,MLB|pitcher_strikeouts|name:kyle freeland|under|3.5,MLB|pitcher_strikeouts|name:kyle freeland|under|3.5|fanduel,xgboost_champion,champion,pitcher_k_model_v1,mlb_pitcher_props_policy_v1,4.732542037963867,4.732542037963867,1.0500966006689452,8.414987475258789,3.682445437294922,-1.2325420379638672,False,,,,4,,,2026-05-27T10:46:56.053157-04:00,current_workflow
2026-05-26|xgboost_champion|2026-05-26|MLB|pitcher_strikeouts|name:kyle freeland|over|3.5|draftkings,2026-05-26|MLB|pitcher_strikeouts|name:kyle freeland|over|3.5|draftkings,2026-05-26,kyle freeland,mlbam_player:607536,mlbam_player:607536,607536,mlbam_player,kyle freeland,MLB,pitcher_strikeouts,player_prop,pitcher_k,COL,LAD,DraftKings,draftkings,acd23c21d644ac44611a206f197cdd6b,Over,over,3.5,-133,MLB|pitcher_strikeouts|name:kyle freeland|over|3.5,MLB|pitcher_strikeouts|name:kyle freeland|over|3.5|draftkings,xgboost_champion,champion,pitcher_k_model_v1,mlb_pitcher_props_policy_v1,4.732542037963867,4.732542037963867,1.0500966006689452,8.414987475258789,3.682445437294922,1.2325420379638672,True,6.0,official,high,4,W,0.7518796992481203,2026-05-27T10:46:56.053157-04:00,current_workflow
2026-05-26|xgboost_champion|2026-05-26|MLB|pitcher_strikeouts|name:kyle freeland|under|3.5|draftkings,2026-05-26|MLB|pitcher_strikeouts|name:kyle freeland|under|3.5|draftkings,2026-05-26,kyle freeland,mlbam_player:607536,mlbam_player:607536,607536,mlbam_player,kyle freeland,MLB,pitcher_strikeouts,player_prop,pitcher_k,COL,LAD,DraftKings,draftkings,acd23c21d644ac44611a206f197cdd6b,Under,under,3.5,104,MLB|pitcher_strikeouts|name:kyle freeland|under|3.5,MLB|pitcher_strikeouts|name:kyle freeland|under|3.5|draftkings,xgboost_champion,champion,pitcher_k_model_v1,mlb_pitcher_props_policy_v1,4.732542037963867,4.732542037963867,1.0500966006689452,8.414987475258789,3.682445437294922,-1.2325420379638672,False,,,,4,,,2026-05-27T10:46:56.053157-04:00,current_workflow
2026-05-26|xgboost_champion|2026-05-26|MLB|pitcher_strikeouts|name:kyle freeland|over|3.5|betmgm,2026-05-26|MLB|pitcher_strikeouts|name:kyle freeland|over|3.5|betmgm,2026-05-26,kyle freeland,mlbam_player:607536,mlbam_player:607536,607536,mlbam_player,kyle freeland,MLB,pitcher_strikeouts,player_prop,pitcher_k,COL,LAD,BetMGM,betmgm,acd23c21d644ac44611a206f197cdd6b,Over,over,3.5,-135,MLB|pitcher_strikeouts|name:kyle freeland|over|3.5,MLB|pitcher_strikeouts|name:kyle freeland|over|3.5|betmgm,xgboost_champion,champion,pitcher_k_model_v1,mlb_pitcher_props_policy_v1,4.732542037963867,4.732542037963867,1.0500966006689452,8.414987475258789,3.682445437294922,1.2325420379638672,False,,,,4,,,2026-05-27T10:46:56.053157-04:00,current_workflow
2026-05-26|xgboost_champion|2026-05-26|MLB|pitcher_strikeouts|name:kyle freeland|under|3.5|betmgm,2026-05-26|MLB|pitcher_strikeouts|name:kyle freeland|under|3.5|betmgm,2026-05-26,kyle freeland,mlbam_player:607536,mlbam_player:607536,607536,mlbam_player,kyle freeland,MLB,pitcher_strikeouts,player_prop,pitcher_k,COL,LAD,BetMGM,betmgm,acd23c21d644ac44611a206f197cdd6b,Under,under,3.5,100,MLB|pitcher_strikeouts|name:kyle freeland|under|3.5,MLB|pitcher_strikeouts|name:kyle freeland|under|3.5|betmgm,xgboost_champion,champion,pitcher_k_model_v1,mlb_pitcher_props_policy_v1,4.732542037963867,4.732542037963867,1.0500966006689452,8.414987475258789,3.682445437294922,-1.2325420379638672,False,,,,4,,,2026-05-27T10:46:56.053157-04:00,current_workflow
2026-05-26|xgboost_champion|2026-05-26|MLB|pitcher_strikeouts|name:cam schlittler|over|5.5|fanduel,2026-05-26|MLB|pitcher_strikeouts|name:cam schlittler|over|5.5|fanduel,2026-05-26,cam schlittler,mlbam_player:693645,mlbam_player:693645,693645,mlbam_player,cam schlittler,MLB,pitcher_strikeouts,player_prop,pitcher_k,NYY,KC,FanDuel,fanduel,ba00397c03fc2b6ae2ee60c76dbab901,Over,over,5.5,-154,MLB|pitcher_strikeouts|name:cam schlittler|over|5.5,MLB|pitcher_strikeouts|name:cam schlittler|over|5.5|fanduel,xgboost_champion,champion,pitcher_k_model_v1,mlb_pitcher_props_policy_v1,5.8146586418151855,5.8146586418151855,2.5316442501056864,9.097673033524686,3.283014391709499,0.3146586418151855,False,,,,6,,,2026-05-27T10:46:56.053157-04:00,current_workflow
2026-05-26|xgboost_champion|2026-05-26|MLB|pitcher_strikeouts|name:cam schlittler|under|5.5|fanduel,2026-05-26|MLB|pitcher_strikeouts|name:cam schlittler|under|5.5|fanduel,2026-05-26,cam schlittler,mlbam_player:693645,mlbam_player:693645,693645,mlbam_player,cam schlittler,MLB,pitcher_strikeouts,player_prop,pitcher_k,NYY,KC,FanDuel,fanduel,ba00397c03fc2b6ae2ee60c76dbab901,Under,under,5.5,116,MLB|pitcher_strikeouts|name:cam schlittler|under|5.5,MLB|pitcher_strikeouts|name:cam schlittler|under|5.5|fanduel,xgboost_champion,champion,pitcher_k_model_v1,mlb_pitcher_props_policy_v1,5.8146586418151855,5.8146586418151855,2.5316442501056864,9.097673033524686,3.283014391709499,-0.3146586418151855,False,,,,6,,,2026-05-27T10:46:56.053157-04:00,current_workflow
2026-05-26|xgboost_champion|2026-05-26|MLB|pitcher_strikeouts|name:cam schlittler|over|5.5|draftkings,2026-05-26|MLB|pitcher_strikeouts|name:cam schlittler|over|5.5|draftkings,2026-05-26,cam schlittler,mlbam_player:693645,mlbam_player:693645,693645,mlbam_player,cam schlittler,MLB,pitcher_strikeouts,player_prop,pitcher_k,NYY,KC,DraftKings,draftkings,ba00397c03fc2b6ae2ee60c76dbab901,Over,over,5.5,-149,MLB|pitcher_strikeouts|name:cam schlittler|over|5.5,MLB|pitcher_strikeouts|name:cam schlittler|over|5.5|draftkings,xgboost_champion,champion,pitcher_k_model_v1,mlb_pitcher_props_policy_v1,5.8146586418151855,5.8146586418151855,2.5316442501056864,9.097673033524686,3.283014391709499,0.3146586418151855,False,,,,6,,,2026-05-27T10:46:56.053157-04:00,current_workflow
2026-05-26|xgboost_champion|2026-05-26|MLB|pitcher_strikeouts|name:cam schlittler|under|5.5|draftkings,2026-05-26|MLB|pitcher_strikeouts|name:cam schlittler|under|5.5|draftkings,2026-05-26,cam schlittler,mlbam_player:693645,mlbam_player:693645,693645,mlbam_player,cam schlittler,MLB,pitcher_strikeouts,player_prop,pitcher_k,NYY,KC,DraftKings,draftkings,ba00397c03fc2b6ae2ee60c76dbab901,Under,under,5.5,117,MLB|pitcher_strikeouts|name:cam schlittler|under|5.5,MLB|pitcher_strikeouts|name:cam schlittler|under|5.5|draftkings,xgboost_champion,champion,pitcher_k_model_v1,mlb_pitcher_props_policy_v1,5.8146586418151855,5.8146586418151855,2.5316442501056864,9.097673033524686,3.283014391709499,-0.3146586418151855,False,,,,6,,,2026-05-27T10:46:56.053157-04:00,current_workflow
2026-05-26|xgboost_champion|2026-05-26|MLB|pitcher_strikeouts|name:cam schlittler|over|6.5|betmgm,2026-05-26|MLB|pitcher_strikeouts|name:cam schlittler|over|6.5|betmgm,2026-05-26,cam schlittler,mlbam_player:693645,mlbam_player:693645,693645,mlbam_player,cam schlittler,MLB,pitcher_strikeouts,player_prop,pitcher_k,NYY,KC,BetMGM,betmgm,ba00397c03fc2b6ae2ee60c76dbab901,Over,over,6.5,115,MLB|pitcher_strikeouts|name:cam schlittler|over|6.5,MLB|pitcher_strikeouts|name:cam schlittler|over|6.5|betmgm,xgboost_champion,champion,pitcher_k_model_v1,mlb_pitcher_props_policy_v1,5.8146586418151855,5.8146586418151855,2.5316442501056864,9.097673033524686,3.283014391709499,-0.6853413581848145,False,,,,6,,,2026-05-27T10:46:56.053157-04:00,current_workflow
2026-05-26|xgboost_champion|2026-05-26|MLB|pitcher_strikeouts|name:cam schlittler|under|6.5|betmgm,2026-05-26|MLB|pitcher_strikeouts|name:cam schlittler|under|6.5|betmgm,2026-05-26,cam schlittler,mlbam_player:693645,mlbam_player:693645,693645,mlbam_player,cam schlittler,MLB,pitcher_strikeouts,player_prop,pitcher_k,NYY,KC,BetMGM,betmgm,ba00397c03fc2b6ae2ee60c76dbab901,Under,under,6.5,-155,MLB|pitcher_strikeouts|name:cam schlittler|under|6.5,MLB|pitcher_strikeouts|name:cam schlittler|under|6.5|betmgm,xgboost_champion,champion,pitcher_k_model_v1,mlb_pitcher_props_policy_v1,5.8146586418151855,5.8146586418151855,2.5316442501056864,9.097673033524686,3.283014391709499,0.6853413581848145,True,13.0,lean,low,6,W,0.6451612903225806,2026-05-27T10:46:56.053157-04:00,current_workflow
2026-05-26|xgboost_champion|2026-05-26|MLB|pitcher_strikeouts|name:jack kochanowicz|over|3.5|fanduel,2026-05-26|MLB|pitcher_strikeouts|name:jack kochanowicz|over|3.5|fanduel,2026-05-26,jack kochanowicz,mlbam_player:686799,mlbam_player:686799,686799,mlbam_player,jack kochanowicz,MLB,pitcher_strikeouts,player_prop,pitcher_k,LAA,DET,FanDuel,fanduel,6c64b931bb7cda75b570159a5a4ed328,Over,over,3.5,-136,MLB|pitcher_strikeouts|name:jack kochanowicz|over|3.5,MLB|pitcher_strikeouts|name:jack kochanowicz|over|3.5|fanduel,xgboost_champion,champion,pitcher_k_model_v1,mlb_pitcher_props_policy_v1,3.958519697189331,3.958519697189331,0.8851627273776308,7.031876667001031,3.0733569698117003,0.458519697189331,False,,,,4,,,2026-05-27T10:46:56.053157-04:00,current_workflow
2026-05-26|xgboost_champion|2026-05-26|MLB|pitcher_strikeouts|name:jack kochanowicz|under|3.5|fanduel,2026-05-26|MLB|pitcher_strikeouts|name:jack kochanowicz|under|3.5|fanduel,2026-05-26,jack kochanowicz,mlbam_player:686799,mlbam_player:686799,686799,mlbam_player,jack kochanowicz,MLB,pitcher_strikeouts,player_prop,pitcher_k,LAA,DET,FanDuel,fanduel,6c64b931bb7cda75b570159a5a4ed328,Under,under,3.5,102,MLB|pitcher_strikeouts|name:jack kochanowicz|under|3.5,MLB|pitcher_strikeouts|name:jack kochanowicz|under|3.5|fanduel,xgboost_champion,champion,pitcher_k_model_v1,mlb_pitcher_props_policy_v1,3.958519697189331,3.958519697189331,0.8851627273776308,7.031876667001031,3.0733569698117003,-0.458519697189331,False,,,,4,,,2026-05-27T10:46:56.053157-04:00,current_workflow
2026-05-26|xgboost_champion|2026-05-26|MLB|pitcher_strikeouts|name:jack kochanowicz|over|3.5|draftkings,2026-05-26|MLB|pitcher_strikeouts|name:jack kochanowicz|over|3.5|draftkings,2026-05-26,jack kochanowicz,mlbam_player:686799,mlbam_player:686799,686799,mlbam_player,jack kochanowicz,MLB,pitcher_strikeouts,player_prop,pitcher_k,LAA,DET,DraftKings,draftkings,6c64b931bb7cda75b570159a5a4ed328,Over,over,3.5,-141,MLB|pitcher_strikeouts|name:jack kochanowicz|over|3.5,MLB|pitcher_strikeouts|name:jack kochanowicz|over|3.5|draftkings,xgboost_champion,champion,pitcher_k_model_v1,mlb_pitcher_props_policy_v1,3.958519697189331,3.958519697189331,0.8851627273776308,7.031876667001031,3.0733569698117003,0.458519697189331,False,,,,4,,,2026-05-27T10:46:56.053157-04:00,current_workflow
2026-05-26|xgboost_champion|2026-05-26|MLB|pitcher_strikeouts|name:jack kochanowicz|under|3.5|draftkings,2026-05-26|MLB|pitcher_strikeouts|name:jack kochanowicz|under|3.5|draftkings,2026-05-26,jack kochanowicz,mlbam_player:686799,mlbam_player:686799,686799,mlbam_player,jack kochanowicz,MLB,pitcher_strikeouts,player_prop,pitcher_k,LAA,DET,DraftKings,draftkings,6c64b931bb7cda75b570159a5a4ed328,Under,under,3.5,111,MLB|pitcher_strikeouts|name:jack kochanowicz|under|3.5,MLB|pitcher_strikeouts|name:jack kochanowicz|under|3.5|draftkings,xgboost_champion,champion,pitcher_k_model_v1,mlb_pitcher_props_policy_v1,3.958519697189331,3.958519697189331,0.8851627273776308,7.031876667001031,3.0733569698117003,-0.458519697189331,False,,,,4,,,2026-05-27T10:46:56.053157-04:00,current_workflow
2026-05-26|xgboost_champion|2026-05-26|MLB|pitcher_strikeouts|name:jack kochanowicz|over|3.5|betmgm,2026-05-26|MLB|pitcher_strikeouts|name:jack kochanowicz|over|3.5|betmgm,2026-05-26,jack kochanowicz,mlbam_player:686799,mlbam_player:686799,686799,mlbam_player,jack kochanowicz,MLB,pitcher_strikeouts,player_prop,pitcher_k,LAA,DET,BetMGM,betmgm,6c64b931bb7cda75b570159a5a4ed328,Over,over,3.5,-125,MLB|pitcher_strikeouts|name:jack kochanowicz|over|3.5,MLB|pitcher_strikeouts|name:jack kochanowicz|over|3.5|betmgm,xgboost_champion,champion,pitcher_k_model_v1,mlb_pitcher_props_policy_v1,3.958519697189331,3.958519697189331,0.8851627273776308,7.031876667001031,3.0733569698117003,0.458519697189331,True,16.0,lean,low,4,W,0.8,2026-05-27T10:46:56.053157-04:00,current_workflow
2026-05-26|xgboost_champion|2026-05-26|MLB|pitcher_strikeouts|name:jack kochanowicz|under|3.5|betmgm,2026-05-26|MLB|pitcher_strikeouts|name:jack kochanowicz|under|3.5|betmgm,2026-05-26,jack kochanowicz,mlbam_player:686799,mlbam_player:686799,686799,mlbam_player,jack kochanowicz,MLB,pitcher_strikeouts,player_prop,pitcher_k,LAA,DET,BetMGM,betmgm,6c64b931bb7cda75b570159a5a4ed328,Under,under,3.5,-105,MLB|pitcher_strikeouts|name:jack kochanowicz|under|3.5,MLB|pitcher_strikeouts|name:jack kochanowicz|under|3.5|betmgm,xgboost_champion,champion,pitcher_k_model_v1,mlb_pitcher_props_policy_v1,3.958519697189331,3.958519697189331,0.8851627273776308,7.031876667001031,3.0733569698117003,-0.458519697189331,False,,,,4,,,2026-05-27T10:46:56.053157-04:00,current_workflow
2026-05-26|xgboost_champion|2026-05-26|MLB|pitcher_strikeouts|name:keider montero|over|4.5|fanduel,2026-05-26|MLB|pitcher_strikeouts|name:keider montero|over|4.5|fanduel,2026-05-26,keider montero,mlbam_player:672456,mlbam_player:672456,672456,mlbam_player,keider montero,MLB,pitcher_strikeouts,player_prop,pitcher_k,DET,LAA,FanDuel,fanduel,6c64b931bb7cda75b570159a5a4ed328,Over,over,4.5,124,MLB|pitcher_strikeouts|name:keider montero|over|4.5,MLB|pitcher_strikeouts|name:keider montero|over|4.5|fanduel,xgboost_champion,champion,pitcher_k_model_v1,mlb_pitcher_props_policy_v1,4.771941661834717,4.771941661834717,2.359137921704213,7.18474540196522,2.412803740130504,0.2719416618347168,False,,,,7,,,2026-05-27T10:46:56.053157-04:00,current_workflow
2026-05-26|xgboost_champion|2026-05-26|MLB|pitcher_strikeouts|name:keider montero|under|4.5|fanduel,2026-05-26|MLB|pitcher_strikeouts|name:keider montero|under|4.5|fanduel,2026-05-26,keider montero,mlbam_player:672456,mlbam_player:672456,672456,mlbam_player,keider montero,MLB,pitcher_strikeouts,player_prop,pitcher_k,DET,LAA,FanDuel,fanduel,6c64b931bb7cda75b570159a5a4ed328,Under,under,4.5,-152,MLB|pitcher_strikeouts|name:keider montero|under|4.5,MLB|pitcher_strikeouts|name:keider montero|under|4.5|fanduel,xgboost_champion,champion,pitcher_k_model_v1,mlb_pitcher_props_policy_v1,4.771941661834717,4.771941661834717,2.359137921704213,7.18474540196522,2.412803740130504,-0.2719416618347168,False,,,,7,,,2026-05-27T10:46:56.053157-04:00,current_workflow
2026-05-26|xgboost_champion|2026-05-26|MLB|pitcher_strikeouts|name:keider montero|over|4.5|draftkings,2026-05-26|MLB|pitcher_strikeouts|name:keider montero|over|4.5|draftkings,2026-05-26,keider montero,mlbam_player:672456,mlbam_player:672456,672456,mlbam_player,keider montero,MLB,pitcher_strikeouts,player_prop,pitcher_k,DET,LAA,DraftKings,draftkings,6c64b931bb7cda75b570159a5a4ed328,Over,over,4.5,117,MLB|pitcher_strikeouts|name:keider montero|over|4.5,MLB|pitcher_strikeouts|name:keider montero|over|4.5|draftkings,xgboost_champion,champion,pitcher_k_model_v1,mlb_pitcher_props_policy_v1,4.771941661834717,4.771941661834717,2.359137921704213,7.18474540196522,2.412803740130504,0.2719416618347168,False,,,,7,,,2026-05-27T10:46:56.053157-04:00,current_workflow
2026-05-26|xgboost_champion|2026-05-26|MLB|pitcher_strikeouts|name:keider montero|under|4.5|draftkings,2026-05-26|MLB|pitcher_strikeouts|name:keider montero|under|4.5|draftkings,2026-05-26,keider montero,mlbam_player:672456,mlbam_player:672456,672456,mlbam_player,keider montero,MLB,pitcher_strikeouts,player_prop,pitcher_k,DET,LAA,DraftKings,draftkings,6c64b931bb7cda75b570159a5a4ed328,Under,under,4.5,-149,MLB|pitcher_strikeouts|name:keider montero|under|4.5,MLB|pitcher_strikeouts|name:keider montero|under|4.5|draftkings,xgboost_champion,champion,pitcher_k_model_v1,mlb_pitcher_props_policy_v1,4.771941661834717,4.771941661834717,2.359137921704213,7.18474540196522,2.412803740130504,-0.2719416618347168,False,,,,7,,,2026-05-27T10:46:56.053157-04:00,current_workflow
2026-05-26|xgboost_champion|2026-05-26|MLB|pitcher_strikeouts|name:keider montero|over|4.5|betmgm,2026-05-26|MLB|pitcher_strikeouts|name:keider montero|over|4.5|betmgm,2026-05-26,keider montero,mlbam_player:672456,mlbam_player:672456,672456,mlbam_player,keider montero,MLB,pitcher_strikeouts,player_prop,pitcher_k,DET,LAA,BetMGM,betmgm,6c64b931bb7cda75b570159a5a4ed328,Over,over,4.5,110,MLB|pitcher_strikeouts|name:keider montero|over|4.5,MLB|pitcher_strikeouts|name:keider montero|over|4.5|betmgm,xgboost_champion,champion,pitcher_k_model_v1,mlb_pitcher_props_policy_v1,4.771941661834717,4.771941661834717,2.359137921704213,7.18474540196522,2.412803740130504,0.2719416618347168,False,,,,7,,,2026-05-27T10:46:56.053157-04:00,current_workflow
2026-05-26|xgboost_champion|2026-05-26|MLB|pitcher_strikeouts|name:keider montero|under|4.5|betmgm,2026-05-26|MLB|pitcher_strikeouts|name:keider montero|under|4.5|betmgm,2026-05-26,keider montero,mlbam_player:672456,mlbam_player:672456,672456,mlbam_player,keider montero,MLB,pitcher_strikeouts,player_prop,pitcher_k,DET,LAA,BetMGM,betmgm,6c64b931bb7cda75b570159a5a4ed328,Under,under,4.5,-150,MLB|pitcher_strikeouts|name:keider montero|under|4.5,MLB|pitcher_strikeouts|name:keider montero|under|4.5|betmgm,xgboost_champion,champion,pitcher_k_model_v1,mlb_pitcher_props_policy_v1,4.771941661834717,4.771941661834717,2.359137921704213,7.18474540196522,2.412803740130504,-0.2719416618347168,False,,,,7,,,2026-05-27T10:46:56.053157-04:00,current_workflow
2026-05-26|xgboost_champion|2026-05-26|MLB|pitcher_strikeouts|name:cade cavalli|over|4.5|fanduel,2026-05-26|MLB|pitcher_strikeouts|name:cade cavalli|over|4.5|fanduel,2026-05-26,cade cavalli,mlbam_player:676917,mlbam_player:676917,676917,mlbam_player,cade cavalli,MLB,pitcher_strikeouts,player_prop,pitcher_k,WSH,CLE,FanDuel,fanduel,e3e38b1f0ba0517d7e95030e6f0b6a8d,Over,over,4.5,-146,MLB|pitcher_strikeouts|name:cade cavalli|over|4.5,MLB|pitcher_strikeouts|name:cade cavalli|over|4.5|fanduel,xgboost_champion,champion,pitcher_k_model_v1,mlb_pitcher_props_policy_v1,4.584403991699219,4.584403991699219,2.025810213177856,7.142997770220582,2.5585937785213635,0.0844039916992187,False,,,,7,,,2026-05-27T10:46:56.053157-04:00,current_workflow
2026-05-26|xgboost_champion|2026-05-26|MLB|pitcher_strikeouts|name:cade cavalli|under|4.5|fanduel,2026-05-26|MLB|pitcher_strikeouts|name:cade cavalli|under|4.5|fanduel,2026-05-26,cade cavalli,mlbam_player:676917,mlbam_player:676917,676917,mlbam_player,cade cavalli,MLB,pitcher_strikeouts,player_prop,pitcher_k,WSH,CLE,FanDuel,fanduel,e3e38b1f0ba0517d7e95030e6f0b6a8d,Under,under,4.5,110,MLB|pitcher_strikeouts|name:cade cavalli|under|4.5,MLB|pitcher_strikeouts|name:cade cavalli|under|4.5|fanduel,xgboost_champion,champion,pitcher_k_model_v1,mlb_pitcher_props_policy_v1,4.584403991699219,4.584403991699219,2.025810213177856,7.142997770220582,2.5585937785213635,-0.0844039916992187,False,,,,7,,,2026-05-27T10:46:56.053157-04:00,current_workflow
2026-05-26|xgboost_champion|2026-05-26|MLB|pitcher_strikeouts|name:cade cavalli|over|4.5|draftkings,2026-05-26|MLB|pitcher_strikeouts|name:cade cavalli|over|4.5|draftkings,2026-05-26,cade cavalli,mlbam_player:676917,mlbam_player:676917,676917,mlbam_player,cade cavalli,MLB,pitcher_strikeouts,player_prop,pitcher_k,WSH,CLE,DraftKings,draftkings,e3e38b1f0ba0517d7e95030e6f0b6a8d,Over,over,4.5,-150,MLB|pitcher_strikeouts|name:cade cavalli|over|4.5,MLB|pitcher_strikeouts|name:cade cavalli|over|4.5|draftkings,xgboost_champion,champion,pitcher_k_model_v1,mlb_pitcher_props_policy_v1,4.584403991699219,4.584403991699219,2.025810213177856,7.142997770220582,2.5585937785213635,0.0844039916992187,False,,,,7,,,2026-05-27T10:46:56.053157-04:00,current_workflow
2026-05-26|xgboost_champion|2026-05-26|MLB|pitcher_strikeouts|name:cade cavalli|under|4.5|draftkings,2026-05-26|MLB|pitcher_strikeouts|name:cade cavalli|under|4.5|draftkings,2026-05-26,cade cavalli,mlbam_player:676917,mlbam_player:676917,676917,mlbam_player,cade cavalli,MLB,pitcher_strikeouts,player_prop,pitcher_k,WSH,CLE,DraftKings,draftkings,e3e38b1f0ba0517d7e95030e6f0b6a8d,Under,under,4.5,118,MLB|pitcher_strikeouts|name:cade cavalli|under|4.5,MLB|pitcher_strikeouts|name:cade cavalli|under|4.5|draftkings,xgboost_champion,champion,pitcher_k_model_v1,mlb_pitcher_props_policy_v1,4.584403991699219,4.584403991699219,2.025810213177856,7.142997770220582,2.5585937785213635,-0.0844039916992187,False,,,,7,,,2026-05-27T10:46:56.053157-04:00,current_workflow
2026-05-26|xgboost_champion|2026-05-26|MLB|pitcher_strikeouts|name:cade cavalli|over|4.5|betmgm,2026-05-26|MLB|pitcher_strikeouts|name:cade cavalli|over|4.5|betmgm,2026-05-26,cade cavalli,mlbam_player:676917,mlbam_player:676917,676917,mlbam_player,cade cavalli,MLB,pitcher_strikeouts,player_prop,pitcher_k,WSH,CLE,BetMGM,betmgm,e3e38b1f0ba0517d7e95030e6f0b6a8d,Over,over,4.5,-155,MLB|pitcher_strikeouts|name:cade cavalli|over|4.5,MLB|pitcher_strikeouts|name:cade cavalli|over|4.5|betmgm,xgboost_champion,champion,pitcher_k_model_v1,mlb_pitcher_props_policy_v1,4.584403991699219,4.584403991699219,2.025810213177856,7.142997770220582,2.5585937785213635,0.0844039916992187,False,,,,7,,,2026-05-27T10:46:56.053157-04:00,current_workflow
2026-05-26|xgboost_champion|2026-05-26|MLB|pitcher_strikeouts|name:cade cavalli|under|4.5|betmgm,2026-05-26|MLB|pitcher_strikeouts|name:cade cavalli|under|4.5|betmgm,2026-05-26,cade cavalli,mlbam_player:676917,mlbam_player:676917,676917,mlbam_player,cade cavalli,MLB,pitcher_strikeouts,player_prop,pitcher_k,WSH,CLE,BetMGM,betmgm,e3e38b1f0ba0517d7e95030e6f0b6a8d,Under,under,4.5,115,MLB|pitcher_strikeouts|name:cade cavalli|under|4.5,MLB|pitcher_strikeouts|name:cade cavalli|under|4.5|betmgm,xgboost_champion,champion,pitcher_k_model_v1,mlb_pitcher_props_policy_v1,4.584403991699219,4.584403991699219,2.025810213177856,7.142997770220582,2.5585937785213635,-0.0844039916992187,False,,,,7,,,2026-05-27T10:46:56.053157-04:00,current_workflow
2026-05-26|xgboost_champion|2026-05-26|MLB|pitcher_strikeouts|name:joey cantillo|over|4.5|fanduel,2026-05-26|MLB|pitcher_strikeouts|name:joey cantillo|over|4.5|fanduel,2026-05-26,joey cantillo,mlbam_player:676282,mlbam_player:676282,676282,mlbam_player,joey cantillo,MLB,pitcher_strikeouts,player_prop,pitcher_k,CLE,WSH,FanDuel,fanduel,e3e38b1f0ba0517d7e95030e6f0b6a8d,Over,over,4.5,-160,MLB|pitcher_strikeouts|name:joey cantillo|over|4.5,MLB|pitcher_strikeouts|name:joey cantillo|over|4.5|fanduel,xgboost_champion,champion,pitcher_k_model_v1,mlb_pitcher_props_policy_v1,5.4625678062438965,5.4625678062438965,2.545322057162291,8.379813555325502,2.917245749081605,0.9625678062438964,True,10.0,official,medium,1,L,-1.0,2026-05-27T10:46:56.053157-04:00,current_workflow
2026-05-26|xgboost_champion|2026-05-26|MLB|pitcher_strikeouts|name:joey cantillo|under|4.5|fanduel,2026-05-26|MLB|pitcher_strikeouts|name:joey cantillo|under|4.5|fanduel,2026-05-26,joey cantillo,mlbam_player:676282,mlbam_player:676282,676282,mlbam_player,joey cantillo,MLB,pitcher_strikeouts,player_prop,pitcher_k,CLE,WSH,FanDuel,fanduel,e3e38b1f0ba0517d7e95030e6f0b6a8d,Under,under,4.5,130,MLB|pitcher_strikeouts|name:joey cantillo|under|4.5,MLB|pitcher_strikeouts|name:joey cantillo|under|4.5|fanduel,xgboost_champion,champion,pitcher_k_model_v1,mlb_pitcher_props_policy_v1,5.4625678062438965,5.4625678062438965,2.545322057162291,8.379813555325502,2.917245749081605,-0.9625678062438964,False,,,,1,,,2026-05-27T10:46:56.053157-04:00,current_workflow
2026-05-26|xgboost_champion|2026-05-26|MLB|pitcher_strikeouts|name:joey cantillo|over|4.5|draftkings,2026-05-26|MLB|pitcher_strikeouts|name:joey cantillo|over|4.5|draftkings,2026-05-26,joey cantillo,mlbam_player:676282,mlbam_player:676282,676282,mlbam_player,joey cantillo,MLB,pitcher_strikeouts,player_prop,pitcher_k,CLE,WSH,DraftKings,draftkings,e3e38b1f0ba0517d7e95030e6f0b6a8d,Over,over,4.5,-165,MLB|pitcher_strikeouts|name:joey cantillo|over|4.5,MLB|pitcher_strikeouts|name:joey cantillo|over|4.5|draftkings,xgboost_champion,champion,pitcher_k_model_v1,mlb_pitcher_props_policy_v1,5.4625678062438965,5.4625678062438965,2.545322057162291,8.379813555325502,2.917245749081605,0.9625678062438964,False,,,,1,,,2026-05-27T10:46:56.053157-04:00,current_workflow
2026-05-26|xgboost_champion|2026-05-26|MLB|pitcher_strikeouts|name:joey cantillo|under|4.5|draftkings,2026-05-26|MLB|pitcher_strikeouts|name:joey cantillo|under|4.5|draftkings,2026-05-26,joey cantillo,mlbam_player:676282,mlbam_player:676282,676282,mlbam_player,joey cantillo,MLB,pitcher_strikeouts,player_prop,pitcher_k,CLE,WSH,DraftKings,draftkings,e3e38b1f0ba0517d7e95030e6f0b6a8d,Under,under,4.5,129,MLB|pitcher_strikeouts|name:joey cantillo|under|4.5,MLB|pitcher_strikeouts|name:joey cantillo|under|4.5|draftkings,xgboost_champion,champion,pitcher_k_model_v1,mlb_pitcher_props_policy_v1,5.4625678062438965,5.4625678062438965,2.545322057162291,8.379813555325502,2.917245749081605,-0.9625678062438964,False,,,,1,,,2026-05-27T10:46:56.053157-04:00,current_workflow
2026-05-26|xgboost_champion|2026-05-26|MLB|pitcher_strikeouts|name:joey cantillo|over|5.5|betmgm,2026-05-26|MLB|pitcher_strikeouts|name:joey cantillo|over|5.5|betmgm,2026-05-26,joey cantillo,mlbam_player:676282,mlbam_player:676282,676282,mlbam_player,joey cantillo,MLB,pitcher_strikeouts,player_prop,pitcher_k,CLE,WSH,BetMGM,betmgm,e3e38b1f0ba0517d7e95030e6f0b6a8d,Over,over,5.5,105,MLB|pitcher_strikeouts|name:joey cantillo|over|5.5,MLB|pitcher_strikeouts|name:joey cantillo|over|5.5|betmgm,xgboost_champion,champion,pitcher_k_model_v1,mlb_pitcher_props_policy_v1,5.4625678062438965,5.4625678062438965,2.545322057162291,8.379813555325502,2.917245749081605,-0.0374321937561035,False,,,,1,,,2026-05-27T10:46:56.053157-04:00,current_workflow
2026-05-26|xgboost_champion|2026-05-26|MLB|pitcher_strikeouts|name:joey cantillo|under|5.5|betmgm,2026-05-26|MLB|pitcher_strikeouts|name:joey cantillo|under|5.5|betmgm,2026-05-26,joey cantillo,mlbam_player:676282,mlbam_player:676282,676282,mlbam_player,joey cantillo,MLB,pitcher_strikeouts,player_prop,pitcher_k,CLE,WSH,BetMGM,betmgm,e3e38b1f0ba0517d7e95030e6f0b6a8d,Under,under,5.5,-140,MLB|pitcher_strikeouts|name:joey cantillo|under|5.5,MLB|pitcher_strikeouts|name:joey cantillo|under|5.5|betmgm,xgboost_champion,champion,pitcher_k_model_v1,mlb_pitcher_props_policy_v1,5.4625678062438965,5.4625678062438965,2.545322057162291,8.379813555325502,2.917245749081605,0.0374321937561035,False,,,,1,,,2026-05-27T10:46:56.053157-04:00,current_workflow
2026-05-26|xgboost_champion|2026-05-26|MLB|pitcher_strikeouts|name:joe ryan|over|6.5|fanduel,2026-05-26|MLB|pitcher_strikeouts|name:joe ryan|over|6.5|fanduel,2026-05-26,joe ryan,mlbam_player:657746,mlbam_player:657746,657746,mlbam_player,joe ryan,MLB,pitcher_strikeouts,player_prop,pitcher_k,MIN,CWS,FanDuel,fanduel,57c63aa916ea5b39518da155c32b24ee,Over,over,6.5,138,MLB|pitcher_strikeouts|name:joe ryan|over|6.5,MLB|pitcher_strikeouts|name:joe ryan|over|6.5|fanduel,xgboost_champion,champion,pitcher_k_model_v1,mlb_pitcher_props_policy_v1,5.398175239562988,5.398175239562988,2.336250511366931,8.460099967759046,3.061924728196057,-1.1018247604370115,False,,,,9,,,2026-05-27T10:46:56.053157-04:00,current_workflow
2026-05-26|xgboost_champion|2026-05-26|MLB|pitcher_strikeouts|name:joe ryan|under|6.5|fanduel,2026-05-26|MLB|pitcher_strikeouts|name:joe ryan|under|6.5|fanduel,2026-05-26,joe ryan,mlbam_player:657746,mlbam_player:657746,657746,mlbam_player,joe ryan,MLB,pitcher_strikeouts,player_prop,pitcher_k,MIN,CWS,FanDuel,fanduel,57c63aa916ea5b39518da155c32b24ee,Under,under,6.5,-186,MLB|pitcher_strikeouts|name:joe ryan|under|6.5,MLB|pitcher_strikeouts|name:joe ryan|under|6.5|fanduel,xgboost_champion,champion,pitcher_k_model_v1,mlb_pitcher_props_policy_v1,5.398175239562988,5.398175239562988,2.336250511366931,8.460099967759046,3.061924728196057,1.1018247604370115,False,,,,9,,,2026-05-27T10:46:56.053157-04:00,current_workflow
2026-05-26|xgboost_champion|2026-05-26|MLB|pitcher_strikeouts|name:joe ryan|over|6.5|draftkings,2026-05-26|MLB|pitcher_strikeouts|name:joe ryan|over|6.5|draftkings,2026-05-26,joe ryan,mlbam_player:657746,mlbam_player:657746,657746,mlbam_player,joe ryan,MLB,pitcher_strikeouts,player_prop,pitcher_k,MIN,CWS,DraftKings,draftkings,57c63aa916ea5b39518da155c32b24ee,Over,over,6.5,119,MLB|pitcher_strikeouts|name:joe ryan|over|6.5,MLB|pitcher_strikeouts|name:joe ryan|over|6.5|draftkings,xgboost_champion,champion,pitcher_k_model_v1,mlb_pitcher_props_policy_v1,5.398175239562988,5.398175239562988,2.336250511366931,8.460099967759046,3.061924728196057,-1.1018247604370115,False,,,,9,,,2026-05-27T10:46:56.053157-04:00,current_workflow
2026-05-26|xgboost_champion|2026-05-26|MLB|pitcher_strikeouts|name:joe ryan|under|6.5|draftkings,2026-05-26|MLB|pitcher_strikeouts|name:joe ryan|under|6.5|draftkings,2026-05-26,joe ryan,mlbam_player:657746,mlbam_player:657746,657746,mlbam_player,joe ryan,MLB,pitcher_strikeouts,player_prop,pitcher_k,MIN,CWS,DraftKings,draftkings,57c63aa916ea5b39518da155c32b24ee,Under,under,6.5,-152,MLB|pitcher_strikeouts|name:joe ryan|under|6.5,MLB|pitcher_strikeouts|name:joe ryan|under|6.5|draftkings,xgboost_champion,champion,pitcher_k_model_v1,mlb_pitcher_props_policy_v1,5.398175239562988,5.398175239562988,2.336250511366931,8.460099967759046,3.061924728196057,1.1018247604370115,True,9.0,official,medium,9,L,-1.0,2026-05-27T10:46:56.053157-04:00,current_workflow
2026-05-26|xgboost_champion|2026-05-26|MLB|pitcher_strikeouts|name:joe ryan|over|6.5|betmgm,2026-05-26|MLB|pitcher_strikeouts|name:joe ryan|over|6.5|betmgm,2026-05-26,joe ryan,mlbam_player:657746,mlbam_player:657746,657746,mlbam_player,joe ryan,MLB,pitcher_strikeouts,player_prop,pitcher_k,MIN,CWS,BetMGM,betmgm,57c63aa916ea5b39518da155c32b24ee,Over,over,6.5,130,MLB|pitcher_strikeouts|name:joe ryan|over|6.5,MLB|pitcher_strikeouts|name:joe ryan|over|6.5|betmgm,xgboost_champion,champion,pitcher_k_model_v1,mlb_pitcher_props_policy_v1,5.398175239562988,5.398175239562988,2.336250511366931,8.460099967759046,3.061924728196057,-1.1018247604370115,False,,,,9,,,2026-05-27T10:46:56.053157-04:00,current_workflow
2026-05-26|xgboost_champion|2026-05-26|MLB|pitcher_strikeouts|name:joe ryan|under|6.5|betmgm,2026-05-26|MLB|pitcher_strikeouts|name:joe ryan|under|6.5|betmgm,2026-05-26,joe ryan,mlbam_player:657746,mlbam_player:657746,657746,mlbam_player,joe ryan,MLB,pitcher_strikeouts,player_prop,pitcher_k,MIN,CWS,BetMGM,betmgm,57c63aa916ea5b39518da155c32b24ee,Under,under,6.5,-175,MLB|pitcher_strikeouts|name:joe ryan|under|6.5,MLB|pitcher_strikeouts|name:joe ryan|under|6.5|betmgm,xgboost_champion,champion,pitcher_k_model_v1,mlb_pitcher_props_policy_v1,5.398175239562988,5.398175239562988,2.336250511366931,8.460099967759046,3.061924728196057,1.1018247604370115,False,,,,9,,,2026-05-27T10:46:56.053157-04:00,current_workflow
2026-05-26|xgboost_champion|2026-05-26|MLB|pitcher_strikeouts|name:sean burke|over|4.5|fanduel,2026-05-26|MLB|pitcher_strikeouts|name:sean burke|over|4.5|fanduel,2026-05-26,sean burke,mlbam_player:680732,mlbam_player:680732,680732,mlbam_player,sean burke,MLB,pitcher_strikeouts,player_prop,pitcher_k,CWS,MIN,FanDuel,fanduel,57c63aa916ea5b39518da155c32b24ee,Over,over,4.5,-152,MLB|pitcher_strikeouts|name:sean burke|over|4.5,MLB|pitcher_strikeouts|name:sean burke|over|4.5|fanduel,xgboost_champion,champion,pitcher_k_model_v1,mlb_pitcher_props_policy_v1,5.803435325622559,5.803435325622559,2.684768438169397,8.922102213075721,3.118666887453162,1.3034353256225586,False,,,,8,,,2026-05-27T10:46:56.053157-04:00,current_workflow
2026-05-26|xgboost_champion|2026-05-26|MLB|pitcher_strikeouts|name:sean burke|under|4.5|fanduel,2026-05-26|MLB|pitcher_strikeouts|name:sean burke|under|4.5|fanduel,2026-05-26,sean burke,mlbam_player:680732,mlbam_player:680732,680732,mlbam_player,sean burke,MLB,pitcher_strikeouts,player_prop,pitcher_k,CWS,MIN,FanDuel,fanduel,57c63aa916ea5b39518da155c32b24ee,Under,under,4.5,124,MLB|pitcher_strikeouts|name:sean burke|under|4.5,MLB|pitcher_strikeouts|name:sean burke|under|4.5|fanduel,xgboost_champion,champion,pitcher_k_model_v1,mlb_pitcher_props_policy_v1,5.803435325622559,5.803435325622559,2.684768438169397,8.922102213075721,3.118666887453162,-1.3034353256225586,False,,,,8,,,2026-05-27T10:46:56.053157-04:00,current_workflow
2026-05-26|xgboost_champion|2026-05-26|MLB|pitcher_strikeouts|name:sean burke|over|4.5|draftkings,2026-05-26|MLB|pitcher_strikeouts|name:sean burke|over|4.5|draftkings,2026-05-26,sean burke,mlbam_player:680732,mlbam_player:680732,680732,mlbam_player,sean burke,MLB,pitcher_strikeouts,player_prop,pitcher_k,CWS,MIN,DraftKings,draftkings,57c63aa916ea5b39518da155c32b24ee,Over,over,4.5,-149,MLB|pitcher_strikeouts|name:sean burke|over|4.5,MLB|pitcher_strikeouts|name:sean burke|over|4.5|draftkings,xgboost_champion,champion,pitcher_k_model_v1,mlb_pitcher_props_policy_v1,5.803435325622559,5.803435325622559,2.684768438169397,8.922102213075721,3.118666887453162,1.3034353256225586,False,,,,8,,,2026-05-27T10:46:56.053157-04:00,current_workflow
2026-05-26|xgboost_champion|2026-05-26|MLB|pitcher_strikeouts|name:sean burke|under|4.5|draftkings,2026-05-26|MLB|pitcher_strikeouts|name:sean burke|under|4.5|draftkings,2026-05-26,sean burke,mlbam_player:680732,mlbam_player:680732,680732,mlbam_player,sean burke,MLB,pitcher_strikeouts,player_prop,pitcher_k,CWS,MIN,DraftKings,draftkings,57c63aa916ea5b39518da155c32b24ee,Under,under,4.5,117,MLB|pitcher_strikeouts|name:sean burke|under|4.5,MLB|pitcher_strikeouts|name:sean burke|under|4.5|draftkings,xgboost_champion,champion,pitcher_k_model_v1,mlb_pitcher_props_policy_v1,5.803435325622559,5.803435325622559,2.684768438169397,8.922102213075721,3.118666887453162,-1.3034353256225586,False,,,,8,,,2026-05-27T10:46:56.053157-04:00,current_workflow
2026-05-26|xgboost_champion|2026-05-26|MLB|pitcher_strikeouts|name:sean burke|over|4.5|betmgm,2026-05-26|MLB|pitcher_strikeouts|name:sean burke|over|4.5|betmgm,2026-05-26,sean burke,mlbam_player:680732,mlbam_player:680732,680732,mlbam_player,sean burke,MLB,pitcher_strikeouts,player_prop,pitcher_k,CWS,MIN,BetMGM,betmgm,57c63aa916ea5b39518da155c32b24ee,Over,over,4.5,-145,MLB|pitcher_strikeouts|name:sean burke|over|4.5,MLB|pitcher_strikeouts|name:sean burke|over|4.5|betmgm,xgboost_champion,champion,pitcher_k_model_v1,mlb_pitcher_props_policy_v1,5.803435325622559,5.803435325622559,2.684768438169397,8.922102213075721,3.118666887453162,1.3034353256225586,True,5.0,official,high,8,W,0.6896551724137931,2026-05-27T10:46:56.053157-04:00,current_workflow
2026-05-26|xgboost_champion|2026-05-26|MLB|pitcher_strikeouts|name:sean burke|under|4.5|betmgm,2026-05-26|MLB|pitcher_strikeouts|name:sean burke|under|4.5|betmgm,2026-05-26,sean burke,mlbam_player:680732,mlbam_player:680732,680732,mlbam_player,sean burke,MLB,pitcher_strikeouts,player_prop,pitcher_k,CWS,MIN,BetMGM,betmgm,57c63aa916ea5b39518da155c32b24ee,Under,under,4.5,105,MLB|pitcher_strikeouts|name:sean burke|under|4.5,MLB|pitcher_strikeouts|name:sean burke|under|4.5|betmgm,xgboost_champion,champion,pitcher_k_model_v1,mlb_pitcher_props_policy_v1,5.803435325622559,5.803435325622559,2.684768438169397,8.922102213075721,3.118666887453162,-1.3034353256225586,False,,,,8,,,2026-05-27T10:46:56.053157-04:00,current_workflow
2026-05-26|xgboost_champion|2026-05-26|MLB|pitcher_strikeouts|name:spencer strider|over|6.5|fanduel,2026-05-26|MLB|pitcher_strikeouts|name:spencer strider|over|6.5|fanduel,2026-05-26,spencer strider,mlbam_player:675911,mlbam_player:675911,675911,mlbam_player,spencer strider,MLB,pitcher_strikeouts,player_prop,pitcher_k,ATL,BOS,FanDuel,fanduel,990789f1b2f666667f7dad0fe7d8b8b8,Over,over,6.5,114,MLB|pitcher_strikeouts|name:spencer strider|over|6.5,MLB|pitcher_strikeouts|name:spencer strider|over|6.5|fanduel,xgboost_champion,champion,pitcher_k_model_v1,mlb_pitcher_props_policy_v1,4.860576152801514,4.860576152801514,1.5245780098269126,8.196574295776115,3.335998142974601,-1.6394238471984863,False,,,,5,,,2026-05-27T10:46:56.053157-04:00,current_workflow
2026-05-26|xgboost_champion|2026-05-26|MLB|pitcher_strikeouts|name:spencer strider|under|6.5|fanduel,2026-05-26|MLB|pitcher_strikeouts|name:spencer strider|under|6.5|fanduel,2026-05-26,spencer strider,mlbam_player:675911,mlbam_player:675911,675911,mlbam_player,spencer strider,MLB,pitcher_strikeouts,player_prop,pitcher_k,ATL,BOS,FanDuel,fanduel,990789f1b2f666667f7dad0fe7d8b8b8,Under,under,6.5,-152,MLB|pitcher_strikeouts|name:spencer strider|under|6.5,MLB|pitcher_strikeouts|name:spencer strider|under|6.5|fanduel,xgboost_champion,champion,pitcher_k_model_v1,mlb_pitcher_props_policy_v1,4.860576152801514,4.860576152801514,1.5245780098269126,8.196574295776115,3.335998142974601,1.6394238471984863,False,,,,5,,,2026-05-27T10:46:56.053157-04:00,current_workflow
2026-05-26|xgboost_champion|2026-05-26|MLB|pitcher_strikeouts|name:spencer strider|over|6.5|draftkings,2026-05-26|MLB|pitcher_strikeouts|name:spencer strider|over|6.5|draftkings,2026-05-26,spencer strider,mlbam_player:675911,mlbam_player:675911,675911,mlbam_player,spencer strider,MLB,pitcher_strikeouts,player_prop,pitcher_k,ATL,BOS,DraftKings,draftkings,990789f1b2f666667f7dad0fe7d8b8b8,Over,over,6.5,119,MLB|pitcher_strikeouts|name:spencer strider|over|6.5,MLB|pitcher_strikeouts|name:spencer strider|over|6.5|draftkings,xgboost_champion,champion,pitcher_k_model_v1,mlb_pitcher_props_policy_v1,4.860576152801514,4.860576152801514,1.5245780098269126,8.196574295776115,3.335998142974601,-1.6394238471984863,False,,,,5,,,2026-05-27T10:46:56.053157-04:00,current_workflow
2026-05-26|xgboost_champion|2026-05-26|MLB|pitcher_strikeouts|name:spencer strider|under|6.5|draftkings,2026-05-26|MLB|pitcher_strikeouts|name:spencer strider|under|6.5|draftkings,2026-05-26,spencer strider,mlbam_player:675911,mlbam_player:675911,675911,mlbam_player,spencer strider,MLB,pitcher_strikeouts,player_prop,pitcher_k,ATL,BOS,DraftKings,draftkings,990789f1b2f666667f7dad0fe7d8b8b8,Under,under,6.5,-152,MLB|pitcher_strikeouts|name:spencer strider|under|6.5,MLB|pitcher_strikeouts|name:spencer strider|under|6.5|draftkings,xgboost_champion,champion,pitcher_k_model_v1,mlb_pitcher_props_policy_v1,4.860576152801514,4.860576152801514,1.5245780098269126,8.196574295776115,3.335998142974601,1.6394238471984863,False,,,,5,,,2026-05-27T10:46:56.053157-04:00,current_workflow
2026-05-26|xgboost_champion|2026-05-26|MLB|pitcher_strikeouts|name:spencer strider|over|6.5|betmgm,2026-05-26|MLB|pitcher_strikeouts|name:spencer strider|over|6.5|betmgm,2026-05-26,spencer strider,mlbam_player:675911,mlbam_player:675911,675911,mlbam_player,spencer strider,MLB,pitcher_strikeouts,player_prop,pitcher_k,ATL,BOS,BetMGM,betmgm,990789f1b2f666667f7dad0fe7d8b8b8,Over,over,6.5,110,MLB|pitcher_strikeouts|name:spencer strider|over|6.5,MLB|pitcher_strikeouts|name:spencer strider|over|6.5|betmgm,xgboost_champion,champion,pitcher_k_model_v1,mlb_pitcher_props_policy_v1,4.860576152801514,4.860576152801514,1.5245780098269126,8.196574295776115,3.335998142974601,-1.6394238471984863,False,,,,5,,,2026-05-27T10:46:56.053157-04:00,current_workflow
2026-05-26|xgboost_champion|2026-05-26|MLB|pitcher_strikeouts|name:spencer strider|under|6.5|betmgm,2026-05-26|MLB|pitcher_strikeouts|name:spencer strider|under|6.5|betmgm,2026-05-26,spencer strider,mlbam_player:675911,mlbam_player:675911,675911,mlbam_player,spencer strider,MLB,pitcher_strikeouts,player_prop,pitcher_k,ATL,BOS,BetMGM,betmgm,990789f1b2f666667f7dad0fe7d8b8b8,Under,under,6.5,-150,MLB|pitcher_strikeouts|name:spencer strider|under|6.5,MLB|pitcher_strikeouts|name:spencer strider|under|6.5|betmgm,xgboost_champion,champion,pitcher_k_model_v1,mlb_pitcher_props_policy_v1,4.860576152801514,4.860576152801514,1.5245780098269126,8.196574295776115,3.335998142974601,1.6394238471984863,True,2.0,official,high,5,W,0.6666666666666666,2026-05-27T10:46:56.053157-04:00,current_workflow
2026-05-26|xgboost_champion|2026-05-26|MLB|pitcher_strikeouts|name:ranger suarez|over|4.5|fanduel,2026-05-26|MLB|pitcher_strikeouts|name:ranger suarez|over|4.5|fanduel,2026-05-26,ranger suarez,mlbam_player:624133,mlbam_player:624133,624133,mlbam_player,ranger suarez,MLB,pitcher_strikeouts,player_prop,pitcher_k,BOS,ATL,FanDuel,fanduel,990789f1b2f666667f7dad0fe7d8b8b8,Over,over,4.5,-108,MLB|pitcher_strikeouts|name:ranger suarez|over|4.5,MLB|pitcher_strikeouts|name:ranger suarez|over|4.5|fanduel,xgboost_champion,champion,pitcher_k_model_v1,mlb_pitcher_props_policy_v1,4.732670783996582,4.732670783996582,0.0,10.338268895950694,5.605598111954111,0.232670783996582,False,,,,4,,,2026-05-27T10:46:56.053157-04:00,current_workflow
2026-05-26|xgboost_champion|2026-05-26|MLB|pitcher_strikeouts|name:ranger suarez|under|4.5|fanduel,2026-05-26|MLB|pitcher_strikeouts|name:ranger suarez|under|4.5|fanduel,2026-05-26,ranger suarez,mlbam_player:624133,mlbam_player:624133,624133,mlbam_player,ranger suarez,MLB,pitcher_strikeouts,player_prop,pitcher_k,BOS,ATL,FanDuel,fanduel,990789f1b2f666667f7dad0fe7d8b8b8,Under,under,4.5,-114,MLB|pitcher_strikeouts|name:ranger suarez|under|4.5,MLB|pitcher_strikeouts|name:ranger suarez|under|4.5|fanduel,xgboost_champion,champion,pitcher_k_model_v1,mlb_pitcher_props_policy_v1,4.732670783996582,4.732670783996582,0.0,10.338268895950694,5.605598111954111,-0.232670783996582,False,,,,4,,,2026-05-27T10:46:56.053157-04:00,current_workflow
2026-05-26|xgboost_champion|2026-05-26|MLB|pitcher_strikeouts|name:ranger suarez|over|4.5|draftkings,2026-05-26|MLB|pitcher_strikeouts|name:ranger suarez|over|4.5|draftkings,2026-05-26,ranger suarez,mlbam_player:624133,mlbam_player:624133,624133,mlbam_player,ranger suarez,MLB,pitcher_strikeouts,player_prop,pitcher_k,BOS,ATL,DraftKings,draftkings,990789f1b2f666667f7dad0fe7d8b8b8,Over,over,4.5,-118,MLB|pitcher_strikeouts|name:ranger suarez|over|4.5,MLB|pitcher_strikeouts|name:ranger suarez|over|4.5|draftkings,xgboost_champion,champion,pitcher_k_model_v1,mlb_pitcher_props_policy_v1,4.732670783996582,4.732670783996582,0.0,10.338268895950694,5.605598111954111,0.232670783996582,False,,,,4,,,2026-05-27T10:46:56.053157-04:00,current_workflow
2026-05-26|xgboost_champion|2026-05-26|MLB|pitcher_strikeouts|name:ranger suarez|under|4.5|draftkings,2026-05-26|MLB|pitcher_strikeouts|name:ranger suarez|under|4.5|draftkings,2026-05-26,ranger suarez,mlbam_player:624133,mlbam_player:624133,624133,mlbam_player,ranger suarez,MLB,pitcher_strikeouts,player_prop,pitcher_k,BOS,ATL,DraftKings,draftkings,990789f1b2f666667f7dad0fe7d8b8b8,Under,under,4.5,-108,MLB|pitcher_strikeouts|name:ranger suarez|under|4.5,MLB|pitcher_strikeouts|name:ranger suarez|under|4.5|draftkings,xgboost_champion,champion,pitcher_k_model_v1,mlb_pitcher_props_policy_v1,4.732670783996582,4.732670783996582,0.0,10.338268895950694,5.605598111954111,-0.232670783996582,False,,,,4,,,2026-05-27T10:46:56.053157-04:00,current_workflow
2026-05-26|xgboost_champion|2026-05-26|MLB|pitcher_strikeouts|name:ranger suarez|over|4.5|betmgm,2026-05-26|MLB|pitcher_strikeouts|name:ranger suarez|over|4.5|betmgm,2026-05-26,ranger suarez,mlbam_player:624133,mlbam_player:624133,624133,mlbam_player,ranger suarez,MLB,pitcher_strikeouts,player_prop,pitcher_k,BOS,ATL,BetMGM,betmgm,990789f1b2f666667f7dad0fe7d8b8b8,Over,over,4.5,-105,MLB|pitcher_strikeouts|name:ranger suarez|over|4.5,MLB|pitcher_strikeouts|name:ranger suarez|over|4.5|betmgm,xgboost_champion,champion,pitcher_k_model_v1,mlb_pitcher_props_policy_v1,4.732670783996582,4.732670783996582,0.0,10.338268895950694,5.605598111954111,0.232670783996582,False,,,,4,,,2026-05-27T10:46:56.053157-04:00,current_workflow
2026-05-26|xgboost_champion|2026-05-26|MLB|pitcher_strikeouts|name:ranger suarez|under|4.5|betmgm,2026-05-26|MLB|pitcher_strikeouts|name:ranger suarez|under|4.5|betmgm,2026-05-26,ranger suarez,mlbam_player:624133,mlbam_player:624133,624133,mlbam_player,ranger suarez,MLB,pitcher_strikeouts,player_prop,pitcher_k,BOS,ATL,BetMGM,betmgm,990789f1b2f666667f7dad0fe7d8b8b8,Under,under,4.5,-125,MLB|pitcher_strikeouts|name:ranger suarez|under|4.5,MLB|pitcher_strikeouts|name:ranger suarez|under|4.5|betmgm,xgboost_champion,champion,pitcher_k_model_v1,mlb_pitcher_props_policy_v1,4.732670783996582,4.732670783996582,0.0,10.338268895950694,5.605598111954111,-0.232670783996582,False,,,,4,,,2026-05-27T10:46:56.053157-04:00,current_workflow
2026-05-26|xgboost_champion|2026-05-26|MLB|pitcher_strikeouts|name:shane baz|over|4.5|fanduel,2026-05-26|MLB|pitcher_strikeouts|name:shane baz|over|4.5|fanduel,2026-05-26,shane baz,mlbam_player:669358,mlbam_player:669358,669358,mlbam_player,shane baz,MLB,pitcher_strikeouts,player_prop,pitcher_k,BAL,TB,FanDuel,fanduel,3612f76561632387afb3c6779ef370b1,Over,over,4.5,-118,MLB|pitcher_strikeouts|name:shane baz|over|4.5,MLB|pitcher_strikeouts|name:shane baz|over|4.5|fanduel,xgboost_champion,champion,pitcher_k_model_v1,mlb_pitcher_props_policy_v1,5.302863597869873,5.302863597869873,2.1692389896514057,8.43648820608834,3.133624608218468,0.802863597869873,True,11.0,official,medium,9,W,0.847457627118644,2026-05-27T10:46:56.053157-04:00,current_workflow
2026-05-26|xgboost_champion|2026-05-26|MLB|pitcher_strikeouts|name:shane baz|under|4.5|fanduel,2026-05-26|MLB|pitcher_strikeouts|name:shane baz|under|4.5|fanduel,2026-05-26,shane baz,mlbam_player:669358,mlbam_player:669358,669358,mlbam_player,shane baz,MLB,pitcher_strikeouts,player_prop,pitcher_k,BAL,TB,FanDuel,fanduel,3612f76561632387afb3c6779ef370b1,Under,under,4.5,-104,MLB|pitcher_strikeouts|name:shane baz|under|4.5,MLB|pitcher_strikeouts|name:shane baz|under|4.5|fanduel,xgboost_champion,champion,pitcher_k_model_v1,mlb_pitcher_props_policy_v1,5.302863597869873,5.302863597869873,2.1692389896514057,8.43648820608834,3.133624608218468,-0.802863597869873,False,,,,9,,,2026-05-27T10:46:56.053157-04:00,current_workflow
2026-05-26|xgboost_champion|2026-05-26|MLB|pitcher_strikeouts|name:shane baz|over|4.5|draftkings,2026-05-26|MLB|pitcher_strikeouts|name:shane baz|over|4.5|draftkings,2026-05-26,shane baz,mlbam_player:669358,mlbam_player:669358,669358,mlbam_player,shane baz,MLB,pitcher_strikeouts,player_prop,pitcher_k,BAL,TB,DraftKings,draftkings,3612f76561632387afb3c6779ef370b1,Over,over,4.5,-131,MLB|pitcher_strikeouts|name:shane baz|over|4.5,MLB|pitcher_strikeouts|name:shane baz|over|4.5|draftkings,xgboost_champion,champion,pitcher_k_model_v1,mlb_pitcher_props_policy_v1,5.302863597869873,5.302863597869873,2.1692389896514057,8.43648820608834,3.133624608218468,0.802863597869873,False,,,,9,,,2026-05-27T10:46:56.053157-04:00,current_workflow
2026-05-26|xgboost_champion|2026-05-26|MLB|pitcher_strikeouts|name:shane baz|under|4.5|draftkings,2026-05-26|MLB|pitcher_strikeouts|name:shane baz|under|4.5|draftkings,2026-05-26,shane baz,mlbam_player:669358,mlbam_player:669358,669358,mlbam_player,shane baz,MLB,pitcher_strikeouts,player_prop,pitcher_k,BAL,TB,DraftKings,draftkings,3612f76561632387afb3c6779ef370b1,Under,under,4.5,102,MLB|pitcher_strikeouts|name:shane baz|under|4.5,MLB|pitcher_strikeouts|name:shane baz|under|4.5|draftkings,xgboost_champion,champion,pitcher_k_model_v1,mlb_pitcher_props_policy_v1,5.302863597869873,5.302863597869873,2.1692389896514057,8.43648820608834,3.133624608218468,-0.802863597869873,False,,,,9,,,2026-05-27T10:46:56.053157-04:00,current_workflow
2026-05-26|xgboost_champion|2026-05-26|MLB|pitcher_strikeouts|name:shane baz|over|4.5|betmgm,2026-05-26|MLB|pitcher_strikeouts|name:shane baz|over|4.5|betmgm,2026-05-26,shane baz,mlbam_player:669358,mlbam_player:669358,669358,mlbam_player,shane baz,MLB,pitcher_strikeouts,player_prop,pitcher_k,BAL,TB,BetMGM,betmgm,3612f76561632387afb3c6779ef370b1,Over,over,4.5,-135,MLB|pitcher_strikeouts|name:shane baz|over|4.5,MLB|pitcher_strikeouts|name:shane baz|over|4.5|betmgm,xgboost_champion,champion,pitcher_k_model_v1,mlb_pitcher_props_policy_v1,5.302863597869873,5.302863597869873,2.1692389896514057,8.43648820608834,3.133624608218468,0.802863597869873,False,,,,9,,,2026-05-27T10:46:56.053157-04:00,current_workflow
2026-05-26|xgboost_champion|2026-05-26|MLB|pitcher_strikeouts|name:shane baz|under|4.5|betmgm,2026-05-26|MLB|pitcher_strikeouts|name:shane baz|under|4.5|betmgm,2026-05-26,shane baz,mlbam_player:669358,mlbam_player:669358,669358,mlbam_player,shane baz,MLB,pitcher_strikeouts,player_prop,pitcher_k,BAL,TB,BetMGM,betmgm,3612f76561632387afb3c6779ef370b1,Under,under,4.5,100,MLB|pitcher_strikeouts|name:shane baz|under|4.5,MLB|pitcher_strikeouts|name:shane baz|under|4.5|betmgm,xgboost_champion,champion,pitcher_k_model_v1,mlb_pitcher_props_policy_v1,5.302863597869873,5.302863597869873,2.1692389896514057,8.43648820608834,3.133624608218468,-0.802863597869873,False,,,,9,,,2026-05-27T10:46:56.053157-04:00,current_workflow
2026-05-26|xgboost_champion|2026-05-26|MLB|pitcher_strikeouts|name:emerson hancock|over|4.5|fanduel,2026-05-26|MLB|pitcher_strikeouts|name:emerson hancock|over|4.5|fanduel,2026-05-26,emerson hancock,mlbam_player:676106,mlbam_player:676106,676106,mlbam_player,emerson hancock,MLB,pitcher_strikeouts,player_prop,pitcher_k,SEA,ATH,FanDuel,fanduel,a688baa4f466d96e091e81af30a03a59,Over,over,4.5,-132,MLB|pitcher_strikeouts|name:emerson hancock|over|4.5,MLB|pitcher_strikeouts|name:emerson hancock|over|4.5|fanduel,xgboost_champion,champion,pitcher_k_model_v1,mlb_pitcher_props_policy_v1,4.240579605102539,4.240579605102539,1.6098986581174413,6.871260552087637,2.630680946985098,-0.2594203948974609,False,,,,3,,,2026-05-27T10:46:56.053157-04:00,current_workflow
2026-05-26|xgboost_champion|2026-05-26|MLB|pitcher_strikeouts|name:emerson hancock|under|4.5|fanduel,2026-05-26|MLB|pitcher_strikeouts|name:emerson hancock|under|4.5|fanduel,2026-05-26,emerson hancock,mlbam_player:676106,mlbam_player:676106,676106,mlbam_player,emerson hancock,MLB,pitcher_strikeouts,player_prop,pitcher_k,SEA,ATH,FanDuel,fanduel,a688baa4f466d96e091e81af30a03a59,Under,under,4.5,100,MLB|pitcher_strikeouts|name:emerson hancock|under|4.5,MLB|pitcher_strikeouts|name:emerson hancock|under|4.5|fanduel,xgboost_champion,champion,pitcher_k_model_v1,mlb_pitcher_props_policy_v1,4.240579605102539,4.240579605102539,1.6098986581174413,6.871260552087637,2.630680946985098,0.2594203948974609,False,,,,3,,,2026-05-27T10:46:56.053157-04:00,current_workflow
2026-05-26|xgboost_champion|2026-05-26|MLB|pitcher_strikeouts|name:emerson hancock|over|4.5|draftkings,2026-05-26|MLB|pitcher_strikeouts|name:emerson hancock|over|4.5|draftkings,2026-05-26,emerson hancock,mlbam_player:676106,mlbam_player:676106,676106,mlbam_player,emerson hancock,MLB,pitcher_strikeouts,player_prop,pitcher_k,SEA,ATH,DraftKings,draftkings,a688baa4f466d96e091e81af30a03a59,Over,over,4.5,-123,MLB|pitcher_strikeouts|name:emerson hancock|over|4.5,MLB|pitcher_strikeouts|name:emerson hancock|over|4.5|draftkings,xgboost_champion,champion,pitcher_k_model_v1,mlb_pitcher_props_policy_v1,4.240579605102539,4.240579605102539,1.6098986581174413,6.871260552087637,2.630680946985098,-0.2594203948974609,False,,,,3,,,2026-05-27T10:46:56.053157-04:00,current_workflow
2026-05-26|xgboost_champion|2026-05-26|MLB|pitcher_strikeouts|name:emerson hancock|under|4.5|draftkings,2026-05-26|MLB|pitcher_strikeouts|name:emerson hancock|under|4.5|draftkings,2026-05-26,emerson hancock,mlbam_player:676106,mlbam_player:676106,676106,mlbam_player,emerson hancock,MLB,pitcher_strikeouts,player_prop,pitcher_k,SEA,ATH,DraftKings,draftkings,a688baa4f466d96e091e81af30a03a59,Under,under,4.5,-103,MLB|pitcher_strikeouts|name:emerson hancock|under|4.5,MLB|pitcher_strikeouts|name:emerson hancock|under|4.5|draftkings,xgboost_champion,champion,pitcher_k_model_v1,mlb_pitcher_props_policy_v1,4.240579605102539,4.240579605102539,1.6098986581174413,6.871260552087637,2.630680946985098,0.2594203948974609,False,,,,3,,,2026-05-27T10:46:56.053157-04:00,current_workflow
2026-05-26|xgboost_champion|2026-05-26|MLB|pitcher_strikeouts|name:emerson hancock|over|4.5|betmgm,2026-05-26|MLB|pitcher_strikeouts|name:emerson hancock|over|4.5|betmgm,2026-05-26,emerson hancock,mlbam_player:676106,mlbam_player:676106,676106,mlbam_player,emerson hancock,MLB,pitcher_strikeouts,player_prop,pitcher_k,SEA,ATH,BetMGM,betmgm,a688baa4f466d96e091e81af30a03a59,Over,over,4.5,-135,MLB|pitcher_strikeouts|name:emerson hancock|over|4.5,MLB|pitcher_strikeouts|name:emerson hancock|over|4.5|betmgm,xgboost_champion,champion,pitcher_k_model_v1,mlb_pitcher_props_policy_v1,4.240579605102539,4.240579605102539,1.6098986581174413,6.871260552087637,2.630680946985098,-0.2594203948974609,False,,,,3,,,2026-05-27T10:46:56.053157-04:00,current_workflow
2026-05-26|xgboost_champion|2026-05-26|MLB|pitcher_strikeouts|name:emerson hancock|under|4.5|betmgm,2026-05-26|MLB|pitcher_strikeouts|name:emerson hancock|under|4.5|betmgm,2026-05-26,emerson hancock,mlbam_player:676106,mlbam_player:676106,676106,mlbam_player,emerson hancock,MLB,pitcher_strikeouts,player_prop,pitcher_k,SEA,ATH,BetMGM,betmgm,a688baa4f466d96e091e81af30a03a59,Under,under,4.5,100,MLB|pitcher_strikeouts|name:emerson hancock|under|4.5,MLB|pitcher_strikeouts|name:emerson hancock|under|4.5|betmgm,xgboost_champion,champion,pitcher_k_model_v1,mlb_pitcher_props_policy_v1,4.240579605102539,4.240579605102539,1.6098986581174413,6.871260552087637,2.630680946985098,0.2594203948974609,False,,,,3,,,2026-05-27T10:46:56.053157-04:00,current_workflow
2026-05-26|xgboost_champion|2026-05-26|MLB|pitcher_strikeouts|name:luis severino|over|5.5|fanduel,2026-05-26|MLB|pitcher_strikeouts|name:luis severino|over|5.5|fanduel,2026-05-26,luis severino,mlbam_player:622663,mlbam_player:622663,622663,mlbam_player,luis severino,MLB,pitcher_strikeouts,player_prop,pitcher_k,ATH,SEA,FanDuel,fanduel,a688baa4f466d96e091e81af30a03a59,Over,over,5.5,100,MLB|pitcher_strikeouts|name:luis severino|over|5.5,MLB|pitcher_strikeouts|name:luis severino|over|5.5|fanduel,xgboost_champion,champion,pitcher_k_model_v1,mlb_pitcher_props_policy_v1,5.519968032836914,5.519968032836914,2.427651247349116,8.612284818324712,3.092316785487798,0.019968032836914,False,,,,,,,,current_workflow
2026-05-26|xgboost_champion|2026-05-26|MLB|pitcher_strikeouts|name:luis severino|under|5.5|fanduel,2026-05-26|MLB|pitcher_strikeouts|name:luis severino|under|5.5|fanduel,2026-05-26,luis severino,mlbam_player:622663,mlbam_player:622663,622663,mlbam_player,luis severino,MLB,pitcher_strikeouts,player_prop,pitcher_k,ATH,SEA,FanDuel,fanduel,a688baa4f466d96e091e81af30a03a59,Under,under,5.5,-122,MLB|pitcher_strikeouts|name:luis severino|under|5.5,MLB|pitcher_strikeouts|name:luis severino|under|5.5|fanduel,xgboost_champion,champion,pitcher_k_model_v1,mlb_pitcher_props_policy_v1,5.519968032836914,5.519968032836914,2.427651247349116,8.612284818324712,3.092316785487798,-0.019968032836914,False,,,,,,,,current_workflow
2026-05-26|xgboost_champion|2026-05-26|MLB|pitcher_strikeouts|name:luis severino|over|5.5|draftkings,2026-05-26|MLB|pitcher_strikeouts|name:luis severino|over|5.5|draftkings,2026-05-26,luis severino,mlbam_player:622663,mlbam_player:622663,622663,mlbam_player,luis severino,MLB,pitcher_strikeouts,player_prop,pitcher_k,ATH,SEA,DraftKings,draftkings,a688baa4f466d96e091e81af30a03a59,Over,over,5.5,103,MLB|pitcher_strikeouts|name:luis severino|over|5.5,MLB|pitcher_strikeouts|name:luis severino|over|5.5|draftkings,xgboost_champion,champion,pitcher_k_model_v1,mlb_pitcher_props_policy_v1,5.519968032836914,5.519968032836914,2.427651247349116,8.612284818324712,3.092316785487798,0.019968032836914,False,,,,,,,,current_workflow
2026-05-26|xgboost_champion|2026-05-26|MLB|pitcher_strikeouts|name:luis severino|under|5.5|draftkings,2026-05-26|MLB|pitcher_strikeouts|name:luis severino|under|5.5|draftkings,2026-05-26,luis severino,mlbam_player:622663,mlbam_player:622663,622663,mlbam_player,luis severino,MLB,pitcher_strikeouts,player_prop,pitcher_k,ATH,SEA,DraftKings,draftkings,a688baa4f466d96e091e81af30a03a59,Under,under,5.5,-131,MLB|pitcher_strikeouts|name:luis severino|under|5.5,MLB|pitcher_strikeouts|name:luis severino|under|5.5|draftkings,xgboost_champion,champion,pitcher_k_model_v1,mlb_pitcher_props_policy_v1,5.519968032836914,5.519968032836914,2.427651247349116,8.612284818324712,3.092316785487798,-0.019968032836914,False,,,,,,,,current_workflow
2026-05-26|xgboost_champion|2026-05-26|MLB|pitcher_strikeouts|name:luis severino|over|5.5|betmgm,2026-05-26|MLB|pitcher_strikeouts|name:luis severino|over|5.5|betmgm,2026-05-26,luis severino,mlbam_player:622663,mlbam_player:622663,622663,mlbam_player,luis severino,MLB,pitcher_strikeouts,player_prop,pitcher_k,ATH,SEA,BetMGM,betmgm,a688baa4f466d96e091e81af30a03a59,Over,over,5.5,100,MLB|pitcher_strikeouts|name:luis severino|over|5.5,MLB|pitcher_strikeouts|name:luis severino|over|5.5|betmgm,xgboost_champion,champion,pitcher_k_model_v1,mlb_pitcher_props_policy_v1,5.519968032836914,5.519968032836914,2.427651247349116,8.612284818324712,3.092316785487798,0.019968032836914,False,,,,,,,,current_workflow
2026-05-26|xgboost_champion|2026-05-26|MLB|pitcher_strikeouts|name:luis severino|under|5.5|betmgm,2026-05-26|MLB|pitcher_strikeouts|name:luis severino|under|5.5|betmgm,2026-05-26,luis severino,mlbam_player:622663,mlbam_player:622663,622663,mlbam_player,luis severino,MLB,pitcher_strikeouts,player_prop,pitcher_k,ATH,SEA,BetMGM,betmgm,a688baa4f466d96e091e81af30a03a59,Under,under,5.5,-135,MLB|pitcher_strikeouts|name:luis severino|under|5.5,MLB|pitcher_strikeouts|name:luis severino|under|5.5|betmgm,xgboost_champion,champion,pitcher_k_model_v1,mlb_pitcher_props_policy_v1,5.519968032836914,5.519968032836914,2.427651247349116,8.612284818324712,3.092316785487798,-0.019968032836914,False,,,,,,,,current_workflow
2026-05-26|ridge_challenger|2026-05-26|MLB|pitcher_strikeouts|name:sandy alcantara|over|4.5|fanduel,2026-05-26|MLB|pitcher_strikeouts|name:sandy alcantara|over|4.5|fanduel,2026-05-26,sandy alcantara,mlbam_player:645261,mlbam_player:645261,645261,mlbam_player,sandy alcantara,MLB,pitcher_strikeouts,player_prop,pitcher_k,MIA,TOR,FanDuel,fanduel,b50993453829a9cf93015ffb4cce5262,Over,over,4.5,128,MLB|pitcher_strikeouts|name:sandy alcantara|over|4.5,MLB|pitcher_strikeouts|name:sandy alcantara|over|4.5|fanduel,ridge_challenger,challenger,single_stage_direct_count_regression_ridge_shadow_alpha_0.01,mlb_pitcher_props_policy_v1,5.271755034171019,5.271755034171019,2.28308690019718,8.260423168144857,2.988668133973839,0.7717550341710187,True,7.0,official,medium,4,L,-1.0,2026-05-27T10:46:56.053157-04:00,current_workflow
2026-05-26|ridge_challenger|2026-05-26|MLB|pitcher_strikeouts|name:sandy alcantara|under|4.5|fanduel,2026-05-26|MLB|pitcher_strikeouts|name:sandy alcantara|under|4.5|fanduel,2026-05-26,sandy alcantara,mlbam_player:645261,mlbam_player:645261,645261,mlbam_player,sandy alcantara,MLB,pitcher_strikeouts,player_prop,pitcher_k,MIA,TOR,FanDuel,fanduel,b50993453829a9cf93015ffb4cce5262,Under,under,4.5,-172,MLB|pitcher_strikeouts|name:sandy alcantara|under|4.5,MLB|pitcher_strikeouts|name:sandy alcantara|under|4.5|fanduel,ridge_challenger,challenger,single_stage_direct_count_regression_ridge_shadow_alpha_0.01,mlb_pitcher_props_policy_v1,5.271755034171019,5.271755034171019,2.28308690019718,8.260423168144857,2.988668133973839,-0.7717550341710187,False,,,,4,,,2026-05-27T10:46:56.053157-04:00,current_workflow
2026-05-26|ridge_challenger|2026-05-26|MLB|pitcher_strikeouts|name:sandy alcantara|over|4.5|betmgm,2026-05-26|MLB|pitcher_strikeouts|name:sandy alcantara|over|4.5|betmgm,2026-05-26,sandy alcantara,mlbam_player:645261,mlbam_player:645261,645261,mlbam_player,sandy alcantara,MLB,pitcher_strikeouts,player_prop,pitcher_k,MIA,TOR,BetMGM,betmgm,b50993453829a9cf93015ffb4cce5262,Over,over,4.5,110,MLB|pitcher_strikeouts|name:sandy alcantara|over|4.5,MLB|pitcher_strikeouts|name:sandy alcantara|over|4.5|betmgm,ridge_challenger,challenger,single_stage_direct_count_regression_ridge_shadow_alpha_0.01,mlb_pitcher_props_policy_v1,5.271755034171019,5.271755034171019,2.28308690019718,8.260423168144857,2.988668133973839,0.7717550341710187,False,,,,4,,,2026-05-27T10:46:56.053157-04:00,current_workflow
2026-05-26|ridge_challenger|2026-05-26|MLB|pitcher_strikeouts|name:sandy alcantara|under|4.5|betmgm,2026-05-26|MLB|pitcher_strikeouts|name:sandy alcantara|under|4.5|betmgm,2026-05-26,sandy alcantara,mlbam_player:645261,mlbam_player:645261,645261,mlbam_player,sandy alcantara,MLB,pitcher_strikeouts,player_prop,pitcher_k,MIA,TOR,BetMGM,betmgm,b50993453829a9cf93015ffb4cce5262,Under,under,4.5,-150,MLB|pitcher_strikeouts|name:sandy alcantara|under|4.5,MLB|pitcher_strikeouts|name:sandy alcantara|under|4.5|betmgm,ridge_challenger,challenger,single_stage_direct_count_regression_ridge_shadow_alpha_0.01,mlb_pitcher_props_policy_v1,5.271755034171019,5.271755034171019,2.28308690019718,8.260423168144857,2.988668133973839,-0.7717550341710187,False,,,,4,,,2026-05-27T10:46:56.053157-04:00,current_workflow
2026-05-26|ridge_challenger|2026-05-26|MLB|pitcher_strikeouts|name:sandy alcantara|over|4.5|draftkings,2026-05-26|MLB|pitcher_strikeouts|name:sandy alcantara|over|4.5|draftkings,2026-05-26,sandy alcantara,mlbam_player:645261,mlbam_player:645261,645261,mlbam_player,sandy alcantara,MLB,pitcher_strikeouts,player_prop,pitcher_k,MIA,TOR,DraftKings,draftkings,b50993453829a9cf93015ffb4cce5262,Over,over,4.5,127,MLB|pitcher_strikeouts|name:sandy alcantara|over|4.5,MLB|pitcher_strikeouts|name:sandy alcantara|over|4.5|draftkings,ridge_challenger,challenger,single_stage_direct_count_regression_ridge_shadow_alpha_0.01,mlb_pitcher_props_policy_v1,5.271755034171019,5.271755034171019,2.28308690019718,8.260423168144857,2.988668133973839,0.7717550341710187,False,,,,4,,,2026-05-27T10:46:56.053157-04:00,current_workflow
2026-05-26|ridge_challenger|2026-05-26|MLB|pitcher_strikeouts|name:sandy alcantara|under|4.5|draftkings,2026-05-26|MLB|pitcher_strikeouts|name:sandy alcantara|under|4.5|draftkings,2026-05-26,sandy alcantara,mlbam_player:645261,mlbam_player:645261,645261,mlbam_player,sandy alcantara,MLB,pitcher_strikeouts,player_prop,pitcher_k,MIA,TOR,DraftKings,draftkings,b50993453829a9cf93015ffb4cce5262,Under,under,4.5,-162,MLB|pitcher_strikeouts|name:sandy alcantara|under|4.5,MLB|pitcher_strikeouts|name:sandy alcantara|under|4.5|draftkings,ridge_challenger,challenger,single_stage_direct_count_regression_ridge_shadow_alpha_0.01,mlb_pitcher_props_policy_v1,5.271755034171019,5.271755034171019,2.28308690019718,8.260423168144857,2.988668133973839,-0.7717550341710187,False,,,,4,,,2026-05-27T10:46:56.053157-04:00,current_workflow
2026-05-26|ridge_challenger|2026-05-26|MLB|pitcher_strikeouts|name:jason alexander|over|3.5|fanduel,2026-05-26|MLB|pitcher_strikeouts|name:jason alexander|over|3.5|fanduel,2026-05-26,jason alexander,mlbam_player:669920,mlbam_player:669920,669920,mlbam_player,jason alexander,MLB,pitcher_strikeouts,player_prop,pitcher_k,HOU,TEX,FanDuel,fanduel,d8d4e1b2c44eb56c7b6ab81de4f6b385,Over,over,3.5,-120,MLB|pitcher_strikeouts|name:jason alexander|over|3.5,MLB|pitcher_strikeouts|name:jason alexander|over|3.5|fanduel,ridge_challenger,challenger,single_stage_direct_count_regression_ridge_shadow_alpha_0.01,mlb_pitcher_props_policy_v1,4.819445677645673,4.819445677645673,2.3107315013835006,7.328159853907845,2.5087141762621723,1.3194456776456729,False,,,,4,,,2026-05-27T10:46:56.053157-04:00,current_workflow
2026-05-26|ridge_challenger|2026-05-26|MLB|pitcher_strikeouts|name:jason alexander|under|3.5|fanduel,2026-05-26|MLB|pitcher_strikeouts|name:jason alexander|under|3.5|fanduel,2026-05-26,jason alexander,mlbam_player:669920,mlbam_player:669920,669920,mlbam_player,jason alexander,MLB,pitcher_strikeouts,player_prop,pitcher_k,HOU,TEX,FanDuel,fanduel,d8d4e1b2c44eb56c7b6ab81de4f6b385,Under,under,3.5,-110,MLB|pitcher_strikeouts|name:jason alexander|under|3.5,MLB|pitcher_strikeouts|name:jason alexander|under|3.5|fanduel,ridge_challenger,challenger,single_stage_direct_count_regression_ridge_shadow_alpha_0.01,mlb_pitcher_props_policy_v1,4.819445677645673,4.819445677645673,2.3107315013835006,7.328159853907845,2.5087141762621723,-1.3194456776456729,False,,,,4,,,2026-05-27T10:46:56.053157-04:00,current_workflow
2026-05-26|ridge_challenger|2026-05-26|MLB|pitcher_strikeouts|name:jason alexander|over|3.5|draftkings,2026-05-26|MLB|pitcher_strikeouts|name:jason alexander|over|3.5|draftkings,2026-05-26,jason alexander,mlbam_player:669920,mlbam_player:669920,669920,mlbam_player,jason alexander,MLB,pitcher_strikeouts,player_prop,pitcher_k,HOU,TEX,DraftKings,draftkings,d8d4e1b2c44eb56c7b6ab81de4f6b385,Over,over,3.5,-106,MLB|pitcher_strikeouts|name:jason alexander|over|3.5,MLB|pitcher_strikeouts|name:jason alexander|over|3.5|draftkings,ridge_challenger,challenger,single_stage_direct_count_regression_ridge_shadow_alpha_0.01,mlb_pitcher_props_policy_v1,4.819445677645673,4.819445677645673,2.3107315013835006,7.328159853907845,2.5087141762621723,1.3194456776456729,True,4.0,official,high,4,W,0.9433962264150944,2026-05-27T10:46:56.053157-04:00,current_workflow
2026-05-26|ridge_challenger|2026-05-26|MLB|pitcher_strikeouts|name:jason alexander|under|3.5|draftkings,2026-05-26|MLB|pitcher_strikeouts|name:jason alexander|under|3.5|draftkings,2026-05-26,jason alexander,mlbam_player:669920,mlbam_player:669920,669920,mlbam_player,jason alexander,MLB,pitcher_strikeouts,player_prop,pitcher_k,HOU,TEX,DraftKings,draftkings,d8d4e1b2c44eb56c7b6ab81de4f6b385,Under,under,3.5,-120,MLB|pitcher_strikeouts|name:jason alexander|under|3.5,MLB|pitcher_strikeouts|name:jason alexander|under|3.5|draftkings,ridge_challenger,challenger,single_stage_direct_count_regression_ridge_shadow_alpha_0.01,mlb_pitcher_props_policy_v1,4.819445677645673,4.819445677645673,2.3107315013835006,7.328159853907845,2.5087141762621723,-1.3194456776456729,False,,,,4,,,2026-05-27T10:46:56.053157-04:00,current_workflow
2026-05-26|ridge_challenger|2026-05-26|MLB|pitcher_strikeouts|name:jason alexander|over|3.5|betmgm,2026-05-26|MLB|pitcher_strikeouts|name:jason alexander|over|3.5|betmgm,2026-05-26,jason alexander,mlbam_player:669920,mlbam_player:669920,669920,mlbam_player,jason alexander,MLB,pitcher_strikeouts,player_prop,pitcher_k,HOU,TEX,BetMGM,betmgm,d8d4e1b2c44eb56c7b6ab81de4f6b385,Over,over,3.5,-135,MLB|pitcher_strikeouts|name:jason alexander|over|3.5,MLB|pitcher_strikeouts|name:jason alexander|over|3.5|betmgm,ridge_challenger,challenger,single_stage_direct_count_regression_ridge_shadow_alpha_0.01,mlb_pitcher_props_policy_v1,4.819445677645673,4.819445677645673,2.3107315013835006,7.328159853907845,2.5087141762621723,1.3194456776456729,False,,,,4,,,2026-05-27T10:46:56.053157-04:00,current_workflow
2026-05-26|ridge_challenger|2026-05-26|MLB|pitcher_strikeouts|name:jason alexander|under|3.5|betmgm,2026-05-26|MLB|pitcher_strikeouts|name:jason alexander|under|3.5|betmgm,2026-05-26,jason alexander,mlbam_player:669920,mlbam_player:669920,669920,mlbam_player,jason alexander,MLB,pitcher_strikeouts,player_prop,pitcher_k,HOU,TEX,BetMGM,betmgm,d8d4e1b2c44eb56c7b6ab81de4f6b385,Under,under,3.5,100,MLB|pitcher_strikeouts|name:jason alexander|under|3.5,MLB|pitcher_strikeouts|name:jason alexander|under|3.5|betmgm,ridge_challenger,challenger,single_stage_direct_count_regression_ridge_shadow_alpha_0.01,mlb_pitcher_props_policy_v1,4.819445677645673,4.819445677645673,2.3107315013835006,7.328159853907845,2.5087141762621723,-1.3194456776456729,False,,,,4,,,2026-05-27T10:46:56.053157-04:00,current_workflow
2026-05-26|ridge_challenger|2026-05-26|MLB|pitcher_strikeouts|name:jack leiter|over|5.5|fanduel,2026-05-26|MLB|pitcher_strikeouts|name:jack leiter|over|5.5|fanduel,2026-05-26,jack leiter,mlbam_player:683004,mlbam_player:683004,683004,mlbam_player,jack leiter,MLB,pitcher_strikeouts,player_prop,pitcher_k,TEX,HOU,FanDuel,fanduel,d8d4e1b2c44eb56c7b6ab81de4f6b385,Over,over,5.5,-105,MLB|pitcher_strikeouts|name:jack leiter|over|5.5,MLB|pitcher_strikeouts|name:jack leiter|over|5.5|fanduel,ridge_challenger,challenger,single_stage_direct_count_regression_ridge_shadow_alpha_0.01,mlb_pitcher_props_policy_v1,5.813375220441482,5.813375220441482,1.768195159274259,9.858555281608703,4.045180061167223,0.3133752204414817,False,,,,4,,,2026-05-27T10:46:56.053157-04:00,current_workflow
2026-05-26|ridge_challenger|2026-05-26|MLB|pitcher_strikeouts|name:jack leiter|under|5.5|fanduel,2026-05-26|MLB|pitcher_strikeouts|name:jack leiter|under|5.5|fanduel,2026-05-26,jack leiter,mlbam_player:683004,mlbam_player:683004,683004,mlbam_player,jack leiter,MLB,pitcher_strikeouts,player_prop,pitcher_k,TEX,HOU,FanDuel,fanduel,d8d4e1b2c44eb56c7b6ab81de4f6b385,Under,under,5.5,-115,MLB|pitcher_strikeouts|name:jack leiter|under|5.5,MLB|pitcher_strikeouts|name:jack leiter|under|5.5|fanduel,ridge_challenger,challenger,single_stage_direct_count_regression_ridge_shadow_alpha_0.01,mlb_pitcher_props_policy_v1,5.813375220441482,5.813375220441482,1.768195159274259,9.858555281608703,4.045180061167223,-0.3133752204414817,False,,,,4,,,2026-05-27T10:46:56.053157-04:00,current_workflow
2026-05-26|ridge_challenger|2026-05-26|MLB|pitcher_strikeouts|name:jack leiter|over|5.5|draftkings,2026-05-26|MLB|pitcher_strikeouts|name:jack leiter|over|5.5|draftkings,2026-05-26,jack leiter,mlbam_player:683004,mlbam_player:683004,683004,mlbam_player,jack leiter,MLB,pitcher_strikeouts,player_prop,pitcher_k,TEX,HOU,DraftKings,draftkings,d8d4e1b2c44eb56c7b6ab81de4f6b385,Over,over,5.5,101,MLB|pitcher_strikeouts|name:jack leiter|over|5.5,MLB|pitcher_strikeouts|name:jack leiter|over|5.5|draftkings,ridge_challenger,challenger,single_stage_direct_count_regression_ridge_shadow_alpha_0.01,mlb_pitcher_props_policy_v1,5.813375220441482,5.813375220441482,1.768195159274259,9.858555281608703,4.045180061167223,0.3133752204414817,False,,,,4,,,2026-05-27T10:46:56.053157-04:00,current_workflow
2026-05-26|ridge_challenger|2026-05-26|MLB|pitcher_strikeouts|name:jack leiter|under|5.5|draftkings,2026-05-26|MLB|pitcher_strikeouts|name:jack leiter|under|5.5|draftkings,2026-05-26,jack leiter,mlbam_player:683004,mlbam_player:683004,683004,mlbam_player,jack leiter,MLB,pitcher_strikeouts,player_prop,pitcher_k,TEX,HOU,DraftKings,draftkings,d8d4e1b2c44eb56c7b6ab81de4f6b385,Under,under,5.5,-128,MLB|pitcher_strikeouts|name:jack leiter|under|5.5,MLB|pitcher_strikeouts|name:jack leiter|under|5.5|draftkings,ridge_challenger,challenger,single_stage_direct_count_regression_ridge_shadow_alpha_0.01,mlb_pitcher_props_policy_v1,5.813375220441482,5.813375220441482,1.768195159274259,9.858555281608703,4.045180061167223,-0.3133752204414817,False,,,,4,,,2026-05-27T10:46:56.053157-04:00,current_workflow
2026-05-26|ridge_challenger|2026-05-26|MLB|pitcher_strikeouts|name:jack leiter|over|5.5|betmgm,2026-05-26|MLB|pitcher_strikeouts|name:jack leiter|over|5.5|betmgm,2026-05-26,jack leiter,mlbam_player:683004,mlbam_player:683004,683004,mlbam_player,jack leiter,MLB,pitcher_strikeouts,player_prop,pitcher_k,TEX,HOU,BetMGM,betmgm,d8d4e1b2c44eb56c7b6ab81de4f6b385,Over,over,5.5,-115,MLB|pitcher_strikeouts|name:jack leiter|over|5.5,MLB|pitcher_strikeouts|name:jack leiter|over|5.5|betmgm,ridge_challenger,challenger,single_stage_direct_count_regression_ridge_shadow_alpha_0.01,mlb_pitcher_props_policy_v1,5.813375220441482,5.813375220441482,1.768195159274259,9.858555281608703,4.045180061167223,0.3133752204414817,False,,,,4,,,2026-05-27T10:46:56.053157-04:00,current_workflow
2026-05-26|ridge_challenger|2026-05-26|MLB|pitcher_strikeouts|name:jack leiter|under|5.5|betmgm,2026-05-26|MLB|pitcher_strikeouts|name:jack leiter|under|5.5|betmgm,2026-05-26,jack leiter,mlbam_player:683004,mlbam_player:683004,683004,mlbam_player,jack leiter,MLB,pitcher_strikeouts,player_prop,pitcher_k,TEX,HOU,BetMGM,betmgm,d8d4e1b2c44eb56c7b6ab81de4f6b385,Under,under,5.5,-115,MLB|pitcher_strikeouts|name:jack leiter|under|5.5,MLB|pitcher_strikeouts|name:jack leiter|under|5.5|betmgm,ridge_challenger,challenger,single_stage_direct_count_regression_ridge_shadow_alpha_0.01,mlb_pitcher_props_policy_v1,5.813375220441482,5.813375220441482,1.768195159274259,9.858555281608703,4.045180061167223,-0.3133752204414817,False,,,,4,,,2026-05-27T10:46:56.053157-04:00,current_workflow
2026-05-26|ridge_challenger|2026-05-26|MLB|pitcher_strikeouts|name:eduardo rodriguez|over|4.5|fanduel,2026-05-26|MLB|pitcher_strikeouts|name:eduardo rodriguez|over|4.5|fanduel,2026-05-26,eduardo rodriguez,mlbam_player:593958,mlbam_player:593958,593958,mlbam_player,eduardo rodriguez,MLB,pitcher_strikeouts,player_prop,pitcher_k,AZ,SF,FanDuel,fanduel,178bf0e15a0e6812cdf47d0523e51ac7,Over,over,4.5,-110,MLB|pitcher_strikeouts|name:eduardo rodriguez|over|4.5,MLB|pitcher_strikeouts|name:eduardo rodriguez|over|4.5|fanduel,ridge_challenger,challenger,single_stage_direct_count_regression_ridge_shadow_alpha_0.01,mlb_pitcher_props_policy_v1,4.724416687774568,4.724416687774568,2.02962538327218,7.419207992276956,2.694791304502388,0.2244166877745677,False,,,,6,,,2026-05-27T10:46:56.053157-04:00,current_workflow
2026-05-26|ridge_challenger|2026-05-26|MLB|pitcher_strikeouts|name:eduardo rodriguez|under|4.5|fanduel,2026-05-26|MLB|pitcher_strikeouts|name:eduardo rodriguez|under|4.5|fanduel,2026-05-26,eduardo rodriguez,mlbam_player:593958,mlbam_player:593958,593958,mlbam_player,eduardo rodriguez,MLB,pitcher_strikeouts,player_prop,pitcher_k,AZ,SF,FanDuel,fanduel,178bf0e15a0e6812cdf47d0523e51ac7,Under,under,4.5,-120,MLB|pitcher_strikeouts|name:eduardo rodriguez|under|4.5,MLB|pitcher_strikeouts|name:eduardo rodriguez|under|4.5|fanduel,ridge_challenger,challenger,single_stage_direct_count_regression_ridge_shadow_alpha_0.01,mlb_pitcher_props_policy_v1,4.724416687774568,4.724416687774568,2.02962538327218,7.419207992276956,2.694791304502388,-0.2244166877745677,False,,,,6,,,2026-05-27T10:46:56.053157-04:00,current_workflow
2026-05-26|ridge_challenger|2026-05-26|MLB|pitcher_strikeouts|name:eduardo rodriguez|over|4.5|draftkings,2026-05-26|MLB|pitcher_strikeouts|name:eduardo rodriguez|over|4.5|draftkings,2026-05-26,eduardo rodriguez,mlbam_player:593958,mlbam_player:593958,593958,mlbam_player,eduardo rodriguez,MLB,pitcher_strikeouts,player_prop,pitcher_k,AZ,SF,DraftKings,draftkings,178bf0e15a0e6812cdf47d0523e51ac7,Over,over,4.5,-102,MLB|pitcher_strikeouts|name:eduardo rodriguez|over|4.5,MLB|pitcher_strikeouts|name:eduardo rodriguez|over|4.5|draftkings,ridge_challenger,challenger,single_stage_direct_count_regression_ridge_shadow_alpha_0.01,mlb_pitcher_props_policy_v1,4.724416687774568,4.724416687774568,2.02962538327218,7.419207992276956,2.694791304502388,0.2244166877745677,False,,,,6,,,2026-05-27T10:46:56.053157-04:00,current_workflow
2026-05-26|ridge_challenger|2026-05-26|MLB|pitcher_strikeouts|name:eduardo rodriguez|under|4.5|draftkings,2026-05-26|MLB|pitcher_strikeouts|name:eduardo rodriguez|under|4.5|draftkings,2026-05-26,eduardo rodriguez,mlbam_player:593958,mlbam_player:593958,593958,mlbam_player,eduardo rodriguez,MLB,pitcher_strikeouts,player_prop,pitcher_k,AZ,SF,DraftKings,draftkings,178bf0e15a0e6812cdf47d0523e51ac7,Under,under,4.5,-125,MLB|pitcher_strikeouts|name:eduardo rodriguez|under|4.5,MLB|pitcher_strikeouts|name:eduardo rodriguez|under|4.5|draftkings,ridge_challenger,challenger,single_stage_direct_count_regression_ridge_shadow_alpha_0.01,mlb_pitcher_props_policy_v1,4.724416687774568,4.724416687774568,2.02962538327218,7.419207992276956,2.694791304502388,-0.2244166877745677,False,,,,6,,,2026-05-27T10:46:56.053157-04:00,current_workflow
2026-05-26|ridge_challenger|2026-05-26|MLB|pitcher_strikeouts|name:eduardo rodriguez|over|4.5|betmgm,2026-05-26|MLB|pitcher_strikeouts|name:eduardo rodriguez|over|4.5|betmgm,2026-05-26,eduardo rodriguez,mlbam_player:593958,mlbam_player:593958,593958,mlbam_player,eduardo rodriguez,MLB,pitcher_strikeouts,player_prop,pitcher_k,AZ,SF,BetMGM,betmgm,178bf0e15a0e6812cdf47d0523e51ac7,Over,over,4.5,105,MLB|pitcher_strikeouts|name:eduardo rodriguez|over|4.5,MLB|pitcher_strikeouts|name:eduardo rodriguez|over|4.5|betmgm,ridge_challenger,challenger,single_stage_direct_count_regression_ridge_shadow_alpha_0.01,mlb_pitcher_props_policy_v1,4.724416687774568,4.724416687774568,2.02962538327218,7.419207992276956,2.694791304502388,0.2244166877745677,False,,,,6,,,2026-05-27T10:46:56.053157-04:00,current_workflow
2026-05-26|ridge_challenger|2026-05-26|MLB|pitcher_strikeouts|name:eduardo rodriguez|under|4.5|betmgm,2026-05-26|MLB|pitcher_strikeouts|name:eduardo rodriguez|under|4.5|betmgm,2026-05-26,eduardo rodriguez,mlbam_player:593958,mlbam_player:593958,593958,mlbam_player,eduardo rodriguez,MLB,pitcher_strikeouts,player_prop,pitcher_k,AZ,SF,BetMGM,betmgm,178bf0e15a0e6812cdf47d0523e51ac7,Under,under,4.5,-140,MLB|pitcher_strikeouts|name:eduardo rodriguez|under|4.5,MLB|pitcher_strikeouts|name:eduardo rodriguez|under|4.5|betmgm,ridge_challenger,challenger,single_stage_direct_count_regression_ridge_shadow_alpha_0.01,mlb_pitcher_props_policy_v1,4.724416687774568,4.724416687774568,2.02962538327218,7.419207992276956,2.694791304502388,-0.2244166877745677,False,,,,6,,,2026-05-27T10:46:56.053157-04:00,current_workflow
2026-05-26|ridge_challenger|2026-05-26|MLB|pitcher_strikeouts|name:tyler mahle|over|4.5|fanduel,2026-05-26|MLB|pitcher_strikeouts|name:tyler mahle|over|4.5|fanduel,2026-05-26,tyler mahle,mlbam_player:641816,mlbam_player:641816,641816,mlbam_player,tyler mahle,MLB,pitcher_strikeouts,player_prop,pitcher_k,SF,AZ,FanDuel,fanduel,178bf0e15a0e6812cdf47d0523e51ac7,Over,over,4.5,110,MLB|pitcher_strikeouts|name:tyler mahle|over|4.5,MLB|pitcher_strikeouts|name:tyler mahle|over|4.5|fanduel,ridge_challenger,challenger,single_stage_direct_count_regression_ridge_shadow_alpha_0.01,mlb_pitcher_props_policy_v1,4.18383798263759,4.18383798263759,1.4890466781352028,6.878629287139978,2.694791304502388,-0.3161620173624095,False,,,,3,,,2026-05-27T10:46:56.053157-04:00,current_workflow
2026-05-26|ridge_challenger|2026-05-26|MLB|pitcher_strikeouts|name:tyler mahle|under|4.5|fanduel,2026-05-26|MLB|pitcher_strikeouts|name:tyler mahle|under|4.5|fanduel,2026-05-26,tyler mahle,mlbam_player:641816,mlbam_player:641816,641816,mlbam_player,tyler mahle,MLB,pitcher_strikeouts,player_prop,pitcher_k,SF,AZ,FanDuel,fanduel,178bf0e15a0e6812cdf47d0523e51ac7,Under,under,4.5,-134,MLB|pitcher_strikeouts|name:tyler mahle|under|4.5,MLB|pitcher_strikeouts|name:tyler mahle|under|4.5|fanduel,ridge_challenger,challenger,single_stage_direct_count_regression_ridge_shadow_alpha_0.01,mlb_pitcher_props_policy_v1,4.18383798263759,4.18383798263759,1.4890466781352028,6.878629287139978,2.694791304502388,0.3161620173624095,False,,,,3,,,2026-05-27T10:46:56.053157-04:00,current_workflow
2026-05-26|ridge_challenger|2026-05-26|MLB|pitcher_strikeouts|name:tyler mahle|over|4.5|draftkings,2026-05-26|MLB|pitcher_strikeouts|name:tyler mahle|over|4.5|draftkings,2026-05-26,tyler mahle,mlbam_player:641816,mlbam_player:641816,641816,mlbam_player,tyler mahle,MLB,pitcher_strikeouts,player_prop,pitcher_k,SF,AZ,DraftKings,draftkings,178bf0e15a0e6812cdf47d0523e51ac7,Over,over,4.5,-102,MLB|pitcher_strikeouts|name:tyler mahle|over|4.5,MLB|pitcher_strikeouts|name:tyler mahle|over|4.5|draftkings,ridge_challenger,challenger,single_stage_direct_count_regression_ridge_shadow_alpha_0.01,mlb_pitcher_props_policy_v1,4.18383798263759,4.18383798263759,1.4890466781352028,6.878629287139978,2.694791304502388,-0.3161620173624095,False,,,,3,,,2026-05-27T10:46:56.053157-04:00,current_workflow
2026-05-26|ridge_challenger|2026-05-26|MLB|pitcher_strikeouts|name:tyler mahle|under|4.5|draftkings,2026-05-26|MLB|pitcher_strikeouts|name:tyler mahle|under|4.5|draftkings,2026-05-26,tyler mahle,mlbam_player:641816,mlbam_player:641816,641816,mlbam_player,tyler mahle,MLB,pitcher_strikeouts,player_prop,pitcher_k,SF,AZ,DraftKings,draftkings,178bf0e15a0e6812cdf47d0523e51ac7,Under,under,4.5,-125,MLB|pitcher_strikeouts|name:tyler mahle|under|4.5,MLB|pitcher_strikeouts|name:tyler mahle|under|4.5|draftkings,ridge_challenger,challenger,single_stage_direct_count_regression_ridge_shadow_alpha_0.01,mlb_pitcher_props_policy_v1,4.18383798263759,4.18383798263759,1.4890466781352028,6.878629287139978,2.694791304502388,0.3161620173624095,False,,,,3,,,2026-05-27T10:46:56.053157-04:00,current_workflow
2026-05-26|ridge_challenger|2026-05-26|MLB|pitcher_strikeouts|name:tyler mahle|over|4.5|betmgm,2026-05-26|MLB|pitcher_strikeouts|name:tyler mahle|over|4.5|betmgm,2026-05-26,tyler mahle,mlbam_player:641816,mlbam_player:641816,641816,mlbam_player,tyler mahle,MLB,pitcher_strikeouts,player_prop,pitcher_k,SF,AZ,BetMGM,betmgm,178bf0e15a0e6812cdf47d0523e51ac7,Over,over,4.5,-105,MLB|pitcher_strikeouts|name:tyler mahle|over|4.5,MLB|pitcher_strikeouts|name:tyler mahle|over|4.5|betmgm,ridge_challenger,challenger,single_stage_direct_count_regression_ridge_shadow_alpha_0.01,mlb_pitcher_props_policy_v1,4.18383798263759,4.18383798263759,1.4890466781352028,6.878629287139978,2.694791304502388,-0.3161620173624095,False,,,,3,,,2026-05-27T10:46:56.053157-04:00,current_workflow
2026-05-26|ridge_challenger|2026-05-26|MLB|pitcher_strikeouts|name:tyler mahle|under|4.5|betmgm,2026-05-26|MLB|pitcher_strikeouts|name:tyler mahle|under|4.5|betmgm,2026-05-26,tyler mahle,mlbam_player:641816,mlbam_player:641816,641816,mlbam_player,tyler mahle,MLB,pitcher_strikeouts,player_prop,pitcher_k,SF,AZ,BetMGM,betmgm,178bf0e15a0e6812cdf47d0523e51ac7,Under,under,4.5,-130,MLB|pitcher_strikeouts|name:tyler mahle|under|4.5,MLB|pitcher_strikeouts|name:tyler mahle|under|4.5|betmgm,ridge_challenger,challenger,single_stage_direct_count_regression_ridge_shadow_alpha_0.01,mlb_pitcher_props_policy_v1,4.18383798263759,4.18383798263759,1.4890466781352028,6.878629287139978,2.694791304502388,0.3161620173624095,False,,,,3,,,2026-05-27T10:46:56.053157-04:00,current_workflow
2026-05-26|ridge_challenger|2026-05-26|MLB|pitcher_strikeouts|name:aaron nola|over|4.5|fanduel,2026-05-26|MLB|pitcher_strikeouts|name:aaron nola|over|4.5|fanduel,2026-05-26,aaron nola,mlbam_player:605400,mlbam_player:605400,605400,mlbam_player,aaron nola,MLB,pitcher_strikeouts,player_prop,pitcher_k,PHI,SD,FanDuel,fanduel,82e37a8a126f9724f8872ec1669446da,Over,over,4.5,-162,MLB|pitcher_strikeouts|name:aaron nola|over|4.5,MLB|pitcher_strikeouts|name:aaron nola|over|4.5|fanduel,ridge_challenger,challenger,single_stage_direct_count_regression_ridge_shadow_alpha_0.01,mlb_pitcher_props_policy_v1,5.113321695601546,5.113321695601546,2.2614226448284858,7.965220746374607,2.8518990507730604,0.6133216956015461,False,,,,5,,,2026-05-27T10:46:56.053157-04:00,current_workflow
2026-05-26|ridge_challenger|2026-05-26|MLB|pitcher_strikeouts|name:aaron nola|under|4.5|fanduel,2026-05-26|MLB|pitcher_strikeouts|name:aaron nola|under|4.5|fanduel,2026-05-26,aaron nola,mlbam_player:605400,mlbam_player:605400,605400,mlbam_player,aaron nola,MLB,pitcher_strikeouts,player_prop,pitcher_k,PHI,SD,FanDuel,fanduel,82e37a8a126f9724f8872ec1669446da,Under,under,4.5,122,MLB|pitcher_strikeouts|name:aaron nola|under|4.5,MLB|pitcher_strikeouts|name:aaron nola|under|4.5|fanduel,ridge_challenger,challenger,single_stage_direct_count_regression_ridge_shadow_alpha_0.01,mlb_pitcher_props_policy_v1,5.113321695601546,5.113321695601546,2.2614226448284858,7.965220746374607,2.8518990507730604,-0.6133216956015461,False,,,,5,,,2026-05-27T10:46:56.053157-04:00,current_workflow
2026-05-26|ridge_challenger|2026-05-26|MLB|pitcher_strikeouts|name:aaron nola|over|4.5|draftkings,2026-05-26|MLB|pitcher_strikeouts|name:aaron nola|over|4.5|draftkings,2026-05-26,aaron nola,mlbam_player:605400,mlbam_player:605400,605400,mlbam_player,aaron nola,MLB,pitcher_strikeouts,player_prop,pitcher_k,PHI,SD,DraftKings,draftkings,82e37a8a126f9724f8872ec1669446da,Over,over,4.5,-159,MLB|pitcher_strikeouts|name:aaron nola|over|4.5,MLB|pitcher_strikeouts|name:aaron nola|over|4.5|draftkings,ridge_challenger,challenger,single_stage_direct_count_regression_ridge_shadow_alpha_0.01,mlb_pitcher_props_policy_v1,5.113321695601546,5.113321695601546,2.2614226448284858,7.965220746374607,2.8518990507730604,0.6133216956015461,True,15.0,lean,low,5,W,0.6289308176100629,2026-05-27T10:46:56.053157-04:00,current_workflow
2026-05-26|ridge_challenger|2026-05-26|MLB|pitcher_strikeouts|name:aaron nola|under|4.5|draftkings,2026-05-26|MLB|pitcher_strikeouts|name:aaron nola|under|4.5|draftkings,2026-05-26,aaron nola,mlbam_player:605400,mlbam_player:605400,605400,mlbam_player,aaron nola,MLB,pitcher_strikeouts,player_prop,pitcher_k,PHI,SD,DraftKings,draftkings,82e37a8a126f9724f8872ec1669446da,Under,under,4.5,125,MLB|pitcher_strikeouts|name:aaron nola|under|4.5,MLB|pitcher_strikeouts|name:aaron nola|under|4.5|draftkings,ridge_challenger,challenger,single_stage_direct_count_regression_ridge_shadow_alpha_0.01,mlb_pitcher_props_policy_v1,5.113321695601546,5.113321695601546,2.2614226448284858,7.965220746374607,2.8518990507730604,-0.6133216956015461,False,,,,5,,,2026-05-27T10:46:56.053157-04:00,current_workflow
2026-05-26|ridge_challenger|2026-05-26|MLB|pitcher_strikeouts|name:aaron nola|over|5.5|betmgm,2026-05-26|MLB|pitcher_strikeouts|name:aaron nola|over|5.5|betmgm,2026-05-26,aaron nola,mlbam_player:605400,mlbam_player:605400,605400,mlbam_player,aaron nola,MLB,pitcher_strikeouts,player_prop,pitcher_k,PHI,SD,BetMGM,betmgm,82e37a8a126f9724f8872ec1669446da,Over,over,5.5,110,MLB|pitcher_strikeouts|name:aaron nola|over|5.5,MLB|pitcher_strikeouts|name:aaron nola|over|5.5|betmgm,ridge_challenger,challenger,single_stage_direct_count_regression_ridge_shadow_alpha_0.01,mlb_pitcher_props_policy_v1,5.113321695601546,5.113321695601546,2.2614226448284858,7.965220746374607,2.8518990507730604,-0.3866783043984538,False,,,,5,,,2026-05-27T10:46:56.053157-04:00,current_workflow
2026-05-26|ridge_challenger|2026-05-26|MLB|pitcher_strikeouts|name:aaron nola|under|5.5|betmgm,2026-05-26|MLB|pitcher_strikeouts|name:aaron nola|under|5.5|betmgm,2026-05-26,aaron nola,mlbam_player:605400,mlbam_player:605400,605400,mlbam_player,aaron nola,MLB,pitcher_strikeouts,player_prop,pitcher_k,PHI,SD,BetMGM,betmgm,82e37a8a126f9724f8872ec1669446da,Under,under,5.5,-150,MLB|pitcher_strikeouts|name:aaron nola|under|5.5,MLB|pitcher_strikeouts|name:aaron nola|under|5.5|betmgm,ridge_challenger,challenger,single_stage_direct_count_regression_ridge_shadow_alpha_0.01,mlb_pitcher_props_policy_v1,5.113321695601546,5.113321695601546,2.2614226448284858,7.965220746374607,2.8518990507730604,0.3866783043984538,False,,,,5,,,2026-05-27T10:46:56.053157-04:00,current_workflow
2026-05-26|ridge_challenger|2026-05-26|MLB|pitcher_strikeouts|name:randy vasquez|over|3.5|fanduel,2026-05-26|MLB|pitcher_strikeouts|name:randy vasquez|over|3.5|fanduel,2026-05-26,randy vasquez,mlbam_player:681190,mlbam_player:681190,681190,mlbam_player,randy vasquez,MLB,pitcher_strikeouts,player_prop,pitcher_k,SD,PHI,FanDuel,fanduel,82e37a8a126f9724f8872ec1669446da,Over,over,3.5,-158,MLB|pitcher_strikeouts|name:randy vasquez|over|3.5,MLB|pitcher_strikeouts|name:randy vasquez|over|3.5|fanduel,ridge_challenger,challenger,single_stage_direct_count_regression_ridge_shadow_alpha_0.01,mlb_pitcher_props_policy_v1,4.322849329769257,4.322849329769257,0.677403222648254,7.96829543689026,3.645446107121003,0.822849329769257,False,,,,2,,,2026-05-27T10:46:56.053157-04:00,current_workflow
2026-05-26|ridge_challenger|2026-05-26|MLB|pitcher_strikeouts|name:randy vasquez|under|3.5|fanduel,2026-05-26|MLB|pitcher_strikeouts|name:randy vasquez|under|3.5|fanduel,2026-05-26,randy vasquez,mlbam_player:681190,mlbam_player:681190,681190,mlbam_player,randy vasquez,MLB,pitcher_strikeouts,player_prop,pitcher_k,SD,PHI,FanDuel,fanduel,82e37a8a126f9724f8872ec1669446da,Under,under,3.5,128,MLB|pitcher_strikeouts|name:randy vasquez|under|3.5,MLB|pitcher_strikeouts|name:randy vasquez|under|3.5|fanduel,ridge_challenger,challenger,single_stage_direct_count_regression_ridge_shadow_alpha_0.01,mlb_pitcher_props_policy_v1,4.322849329769257,4.322849329769257,0.677403222648254,7.96829543689026,3.645446107121003,-0.822849329769257,False,,,,2,,,2026-05-27T10:46:56.053157-04:00,current_workflow
2026-05-26|ridge_challenger|2026-05-26|MLB|pitcher_strikeouts|name:randy vasquez|over|3.5|draftkings,2026-05-26|MLB|pitcher_strikeouts|name:randy vasquez|over|3.5|draftkings,2026-05-26,randy vasquez,mlbam_player:681190,mlbam_player:681190,681190,mlbam_player,randy vasquez,MLB,pitcher_strikeouts,player_prop,pitcher_k,SD,PHI,DraftKings,draftkings,82e37a8a126f9724f8872ec1669446da,Over,over,3.5,-143,MLB|pitcher_strikeouts|name:randy vasquez|over|3.5,MLB|pitcher_strikeouts|name:randy vasquez|over|3.5|draftkings,ridge_challenger,challenger,single_stage_direct_count_regression_ridge_shadow_alpha_0.01,mlb_pitcher_props_policy_v1,4.322849329769257,4.322849329769257,0.677403222648254,7.96829543689026,3.645446107121003,0.822849329769257,True,12.0,official,medium,2,L,-1.0,2026-05-27T10:46:56.053157-04:00,current_workflow
2026-05-26|ridge_challenger|2026-05-26|MLB|pitcher_strikeouts|name:randy vasquez|under|3.5|draftkings,2026-05-26|MLB|pitcher_strikeouts|name:randy vasquez|under|3.5|draftkings,2026-05-26,randy vasquez,mlbam_player:681190,mlbam_player:681190,681190,mlbam_player,randy vasquez,MLB,pitcher_strikeouts,player_prop,pitcher_k,SD,PHI,DraftKings,draftkings,82e37a8a126f9724f8872ec1669446da,Under,under,3.5,112,MLB|pitcher_strikeouts|name:randy vasquez|under|3.5,MLB|pitcher_strikeouts|name:randy vasquez|under|3.5|draftkings,ridge_challenger,challenger,single_stage_direct_count_regression_ridge_shadow_alpha_0.01,mlb_pitcher_props_policy_v1,4.322849329769257,4.322849329769257,0.677403222648254,7.96829543689026,3.645446107121003,-0.822849329769257,False,,,,2,,,2026-05-27T10:46:56.053157-04:00,current_workflow
2026-05-26|ridge_challenger|2026-05-26|MLB|pitcher_strikeouts|name:randy vasquez|over|4.5|betmgm,2026-05-26|MLB|pitcher_strikeouts|name:randy vasquez|over|4.5|betmgm,2026-05-26,randy vasquez,mlbam_player:681190,mlbam_player:681190,681190,mlbam_player,randy vasquez,MLB,pitcher_strikeouts,player_prop,pitcher_k,SD,PHI,BetMGM,betmgm,82e37a8a126f9724f8872ec1669446da,Over,over,4.5,125,MLB|pitcher_strikeouts|name:randy vasquez|over|4.5,MLB|pitcher_strikeouts|name:randy vasquez|over|4.5|betmgm,ridge_challenger,challenger,single_stage_direct_count_regression_ridge_shadow_alpha_0.01,mlb_pitcher_props_policy_v1,4.322849329769257,4.322849329769257,0.677403222648254,7.96829543689026,3.645446107121003,-0.177150670230743,False,,,,2,,,2026-05-27T10:46:56.053157-04:00,current_workflow
2026-05-26|ridge_challenger|2026-05-26|MLB|pitcher_strikeouts|name:randy vasquez|under|4.5|betmgm,2026-05-26|MLB|pitcher_strikeouts|name:randy vasquez|under|4.5|betmgm,2026-05-26,randy vasquez,mlbam_player:681190,mlbam_player:681190,681190,mlbam_player,randy vasquez,MLB,pitcher_strikeouts,player_prop,pitcher_k,SD,PHI,BetMGM,betmgm,82e37a8a126f9724f8872ec1669446da,Under,under,4.5,-165,MLB|pitcher_strikeouts|name:randy vasquez|under|4.5,MLB|pitcher_strikeouts|name:randy vasquez|under|4.5|betmgm,ridge_challenger,challenger,single_stage_direct_count_regression_ridge_shadow_alpha_0.01,mlb_pitcher_props_policy_v1,4.322849329769257,4.322849329769257,0.677403222648254,7.96829543689026,3.645446107121003,0.177150670230743,False,,,,2,,,2026-05-27T10:46:56.053157-04:00,current_workflow
2026-05-26|ridge_challenger|2026-05-26|MLB|pitcher_strikeouts|name:jordan wicks|over|3.5|fanduel,2026-05-26|MLB|pitcher_strikeouts|name:jordan wicks|over|3.5|fanduel,2026-05-26,jordan wicks,mlbam_player:696136,mlbam_player:696136,696136,mlbam_player,jordan wicks,MLB,pitcher_strikeouts,player_prop,pitcher_k,CHC,PIT,FanDuel,fanduel,2a617b3c38b4cfff06d9866d761bb481,Over,over,3.5,-136,MLB|pitcher_strikeouts|name:jordan wicks|over|3.5,MLB|pitcher_strikeouts|name:jordan wicks|over|3.5|fanduel,ridge_challenger,challenger,single_stage_direct_count_regression_ridge_shadow_alpha_0.01,mlb_pitcher_props_policy_v1,3.6434729871107554,3.6434729871107554,1.3942233814735543,5.8927225927479565,2.249249605637201,0.1434729871107554,False,,,,5,,,2026-05-27T10:46:56.053157-04:00,current_workflow
2026-05-26|ridge_challenger|2026-05-26|MLB|pitcher_strikeouts|name:jordan wicks|under|3.5|fanduel,2026-05-26|MLB|pitcher_strikeouts|name:jordan wicks|under|3.5|fanduel,2026-05-26,jordan wicks,mlbam_player:696136,mlbam_player:696136,696136,mlbam_player,jordan wicks,MLB,pitcher_strikeouts,player_prop,pitcher_k,CHC,PIT,FanDuel,fanduel,2a617b3c38b4cfff06d9866d761bb481,Under,under,3.5,102,MLB|pitcher_strikeouts|name:jordan wicks|under|3.5,MLB|pitcher_strikeouts|name:jordan wicks|under|3.5|fanduel,ridge_challenger,challenger,single_stage_direct_count_regression_ridge_shadow_alpha_0.01,mlb_pitcher_props_policy_v1,3.6434729871107554,3.6434729871107554,1.3942233814735543,5.8927225927479565,2.249249605637201,-0.1434729871107554,False,,,,5,,,2026-05-27T10:46:56.053157-04:00,current_workflow
2026-05-26|ridge_challenger|2026-05-26|MLB|pitcher_strikeouts|name:jordan wicks|over|3.5|draftkings,2026-05-26|MLB|pitcher_strikeouts|name:jordan wicks|over|3.5|draftkings,2026-05-26,jordan wicks,mlbam_player:696136,mlbam_player:696136,696136,mlbam_player,jordan wicks,MLB,pitcher_strikeouts,player_prop,pitcher_k,CHC,PIT,DraftKings,draftkings,2a617b3c38b4cfff06d9866d761bb481,Over,over,3.5,-115,MLB|pitcher_strikeouts|name:jordan wicks|over|3.5,MLB|pitcher_strikeouts|name:jordan wicks|over|3.5|draftkings,ridge_challenger,challenger,single_stage_direct_count_regression_ridge_shadow_alpha_0.01,mlb_pitcher_props_policy_v1,3.6434729871107554,3.6434729871107554,1.3942233814735543,5.8927225927479565,2.249249605637201,0.1434729871107554,False,,,,5,,,2026-05-27T10:46:56.053157-04:00,current_workflow
2026-05-26|ridge_challenger|2026-05-26|MLB|pitcher_strikeouts|name:jordan wicks|under|3.5|draftkings,2026-05-26|MLB|pitcher_strikeouts|name:jordan wicks|under|3.5|draftkings,2026-05-26,jordan wicks,mlbam_player:696136,mlbam_player:696136,696136,mlbam_player,jordan wicks,MLB,pitcher_strikeouts,player_prop,pitcher_k,CHC,PIT,DraftKings,draftkings,2a617b3c38b4cfff06d9866d761bb481,Under,under,3.5,-111,MLB|pitcher_strikeouts|name:jordan wicks|under|3.5,MLB|pitcher_strikeouts|name:jordan wicks|under|3.5|draftkings,ridge_challenger,challenger,single_stage_direct_count_regression_ridge_shadow_alpha_0.01,mlb_pitcher_props_policy_v1,3.6434729871107554,3.6434729871107554,1.3942233814735543,5.8927225927479565,2.249249605637201,-0.1434729871107554,False,,,,5,,,2026-05-27T10:46:56.053157-04:00,current_workflow
2026-05-26|ridge_challenger|2026-05-26|MLB|pitcher_strikeouts|name:jordan wicks|over|3.5|betmgm,2026-05-26|MLB|pitcher_strikeouts|name:jordan wicks|over|3.5|betmgm,2026-05-26,jordan wicks,mlbam_player:696136,mlbam_player:696136,696136,mlbam_player,jordan wicks,MLB,pitcher_strikeouts,player_prop,pitcher_k,CHC,PIT,BetMGM,betmgm,2a617b3c38b4cfff06d9866d761bb481,Over,over,3.5,-140,MLB|pitcher_strikeouts|name:jordan wicks|over|3.5,MLB|pitcher_strikeouts|name:jordan wicks|over|3.5|betmgm,ridge_challenger,challenger,single_stage_direct_count_regression_ridge_shadow_alpha_0.01,mlb_pitcher_props_policy_v1,3.6434729871107554,3.6434729871107554,1.3942233814735543,5.8927225927479565,2.249249605637201,0.1434729871107554,False,,,,5,,,2026-05-27T10:46:56.053157-04:00,current_workflow
2026-05-26|ridge_challenger|2026-05-26|MLB|pitcher_strikeouts|name:jordan wicks|under|3.5|betmgm,2026-05-26|MLB|pitcher_strikeouts|name:jordan wicks|under|3.5|betmgm,2026-05-26,jordan wicks,mlbam_player:696136,mlbam_player:696136,696136,mlbam_player,jordan wicks,MLB,pitcher_strikeouts,player_prop,pitcher_k,CHC,PIT,BetMGM,betmgm,2a617b3c38b4cfff06d9866d761bb481,Under,under,3.5,105,MLB|pitcher_strikeouts|name:jordan wicks|under|3.5,MLB|pitcher_strikeouts|name:jordan wicks|under|3.5|betmgm,ridge_challenger,challenger,single_stage_direct_count_regression_ridge_shadow_alpha_0.01,mlb_pitcher_props_policy_v1,3.6434729871107554,3.6434729871107554,1.3942233814735543,5.8927225927479565,2.249249605637201,-0.1434729871107554,False,,,,5,,,2026-05-27T10:46:56.053157-04:00,current_workflow
2026-05-26|ridge_challenger|2026-05-26|MLB|pitcher_strikeouts|name:braxton ashcraft|over|5.5|fanduel,2026-05-26|MLB|pitcher_strikeouts|name:braxton ashcraft|over|5.5|fanduel,2026-05-26,braxton ashcraft,mlbam_player:677952,mlbam_player:677952,677952,mlbam_player,braxton ashcraft,MLB,pitcher_strikeouts,player_prop,pitcher_k,PIT,CHC,FanDuel,fanduel,2a617b3c38b4cfff06d9866d761bb481,Over,over,5.5,-105,MLB|pitcher_strikeouts|name:braxton ashcraft|over|5.5,MLB|pitcher_strikeouts|name:braxton ashcraft|over|5.5|fanduel,ridge_challenger,challenger,single_stage_direct_count_regression_ridge_shadow_alpha_0.01,mlb_pitcher_props_policy_v1,4.806325125308272,4.806325125308272,3.1306357942375085,6.482014456379036,1.675689331070764,-0.6936748746917276,False,,,,5,,,2026-05-27T10:46:56.053157-04:00,current_workflow
2026-05-26|ridge_challenger|2026-05-26|MLB|pitcher_strikeouts|name:braxton ashcraft|under|5.5|fanduel,2026-05-26|MLB|pitcher_strikeouts|name:braxton ashcraft|under|5.5|fanduel,2026-05-26,braxton ashcraft,mlbam_player:677952,mlbam_player:677952,677952,mlbam_player,braxton ashcraft,MLB,pitcher_strikeouts,player_prop,pitcher_k,PIT,CHC,FanDuel,fanduel,2a617b3c38b4cfff06d9866d761bb481,Under,under,5.5,-115,MLB|pitcher_strikeouts|name:braxton ashcraft|under|5.5,MLB|pitcher_strikeouts|name:braxton ashcraft|under|5.5|fanduel,ridge_challenger,challenger,single_stage_direct_count_regression_ridge_shadow_alpha_0.01,mlb_pitcher_props_policy_v1,4.806325125308272,4.806325125308272,3.1306357942375085,6.482014456379036,1.675689331070764,0.6936748746917276,False,,,,5,,,2026-05-27T10:46:56.053157-04:00,current_workflow
2026-05-26|ridge_challenger|2026-05-26|MLB|pitcher_strikeouts|name:braxton ashcraft|over|5.5|draftkings,2026-05-26|MLB|pitcher_strikeouts|name:braxton ashcraft|over|5.5|draftkings,2026-05-26,braxton ashcraft,mlbam_player:677952,mlbam_player:677952,677952,mlbam_player,braxton ashcraft,MLB,pitcher_strikeouts,player_prop,pitcher_k,PIT,CHC,DraftKings,draftkings,2a617b3c38b4cfff06d9866d761bb481,Over,over,5.5,-129,MLB|pitcher_strikeouts|name:braxton ashcraft|over|5.5,MLB|pitcher_strikeouts|name:braxton ashcraft|over|5.5|draftkings,ridge_challenger,challenger,single_stage_direct_count_regression_ridge_shadow_alpha_0.01,mlb_pitcher_props_policy_v1,4.806325125308272,4.806325125308272,3.1306357942375085,6.482014456379036,1.675689331070764,-0.6936748746917276,False,,,,5,,,2026-05-27T10:46:56.053157-04:00,current_workflow
2026-05-26|ridge_challenger|2026-05-26|MLB|pitcher_strikeouts|name:braxton ashcraft|under|5.5|draftkings,2026-05-26|MLB|pitcher_strikeouts|name:braxton ashcraft|under|5.5|draftkings,2026-05-26,braxton ashcraft,mlbam_player:677952,mlbam_player:677952,677952,mlbam_player,braxton ashcraft,MLB,pitcher_strikeouts,player_prop,pitcher_k,PIT,CHC,DraftKings,draftkings,2a617b3c38b4cfff06d9866d761bb481,Under,under,5.5,101,MLB|pitcher_strikeouts|name:braxton ashcraft|under|5.5,MLB|pitcher_strikeouts|name:braxton ashcraft|under|5.5|draftkings,ridge_challenger,challenger,single_stage_direct_count_regression_ridge_shadow_alpha_0.01,mlb_pitcher_props_policy_v1,4.806325125308272,4.806325125308272,3.1306357942375085,6.482014456379036,1.675689331070764,0.6936748746917276,True,13.0,lean,medium,5,W,1.01,2026-05-27T10:46:56.053157-04:00,current_workflow
2026-05-26|ridge_challenger|2026-05-26|MLB|pitcher_strikeouts|name:braxton ashcraft|over|5.5|betmgm,2026-05-26|MLB|pitcher_strikeouts|name:braxton ashcraft|over|5.5|betmgm,2026-05-26,braxton ashcraft,mlbam_player:677952,mlbam_player:677952,677952,mlbam_player,braxton ashcraft,MLB,pitcher_strikeouts,player_prop,pitcher_k,PIT,CHC,BetMGM,betmgm,2a617b3c38b4cfff06d9866d761bb481,Over,over,5.5,-105,MLB|pitcher_strikeouts|name:braxton ashcraft|over|5.5,MLB|pitcher_strikeouts|name:braxton ashcraft|over|5.5|betmgm,ridge_challenger,challenger,single_stage_direct_count_regression_ridge_shadow_alpha_0.01,mlb_pitcher_props_policy_v1,4.806325125308272,4.806325125308272,3.1306357942375085,6.482014456379036,1.675689331070764,-0.6936748746917276,False,,,,5,,,2026-05-27T10:46:56.053157-04:00,current_workflow
2026-05-26|ridge_challenger|2026-05-26|MLB|pitcher_strikeouts|name:braxton ashcraft|under|5.5|betmgm,2026-05-26|MLB|pitcher_strikeouts|name:braxton ashcraft|under|5.5|betmgm,2026-05-26,braxton ashcraft,mlbam_player:677952,mlbam_player:677952,677952,mlbam_player,braxton ashcraft,MLB,pitcher_strikeouts,player_prop,pitcher_k,PIT,CHC,BetMGM,betmgm,2a617b3c38b4cfff06d9866d761bb481,Under,under,5.5,-125,MLB|pitcher_strikeouts|name:braxton ashcraft|under|5.5,MLB|pitcher_strikeouts|name:braxton ashcraft|under|5.5|betmgm,ridge_challenger,challenger,single_stage_direct_count_regression_ridge_shadow_alpha_0.01,mlb_pitcher_props_policy_v1,4.806325125308272,4.806325125308272,3.1306357942375085,6.482014456379036,1.675689331070764,0.6936748746917276,False,,,,5,,,2026-05-27T10:46:56.053157-04:00,current_workflow
2026-05-26|ridge_challenger|2026-05-26|MLB|pitcher_strikeouts|name:chase burns|over|6.5|fanduel,2026-05-26|MLB|pitcher_strikeouts|name:chase burns|over|6.5|fanduel,2026-05-26,chase burns,mlbam_player:695505,mlbam_player:695505,695505,mlbam_player,chase burns,MLB,pitcher_strikeouts,player_prop,pitcher_k,CIN,NYM,FanDuel,fanduel,42ec808f3f2b51bde3830094a2d31f59,Over,over,6.5,-118,MLB|pitcher_strikeouts|name:chase burns|over|6.5,MLB|pitcher_strikeouts|name:chase burns|over|6.5|fanduel,ridge_challenger,challenger,single_stage_direct_count_regression_ridge_shadow_alpha_0.01,mlb_pitcher_props_policy_v1,8.052431300736275,8.052431300736275,6.164652110529618,9.940210490942931,1.887779190206658,1.552431300736275,False,,,,8,,,2026-05-27T10:46:56.053157-04:00,current_workflow
2026-05-26|ridge_challenger|2026-05-26|MLB|pitcher_strikeouts|name:chase burns|under|6.5|fanduel,2026-05-26|MLB|pitcher_strikeouts|name:chase burns|under|6.5|fanduel,2026-05-26,chase burns,mlbam_player:695505,mlbam_player:695505,695505,mlbam_player,chase burns,MLB,pitcher_strikeouts,player_prop,pitcher_k,CIN,NYM,FanDuel,fanduel,42ec808f3f2b51bde3830094a2d31f59,Under,under,6.5,-114,MLB|pitcher_strikeouts|name:chase burns|under|6.5,MLB|pitcher_strikeouts|name:chase burns|under|6.5|fanduel,ridge_challenger,challenger,single_stage_direct_count_regression_ridge_shadow_alpha_0.01,mlb_pitcher_props_policy_v1,8.052431300736275,8.052431300736275,6.164652110529618,9.940210490942931,1.887779190206658,-1.552431300736275,False,,,,8,,,2026-05-27T10:46:56.053157-04:00,current_workflow
2026-05-26|ridge_challenger|2026-05-26|MLB|pitcher_strikeouts|name:chase burns|over|6.5|draftkings,2026-05-26|MLB|pitcher_strikeouts|name:chase burns|over|6.5|draftkings,2026-05-26,chase burns,mlbam_player:695505,mlbam_player:695505,695505,mlbam_player,chase burns,MLB,pitcher_strikeouts,player_prop,pitcher_k,CIN,NYM,DraftKings,draftkings,42ec808f3f2b51bde3830094a2d31f59,Over,over,6.5,-111,MLB|pitcher_strikeouts|name:chase burns|over|6.5,MLB|pitcher_strikeouts|name:chase burns|over|6.5|draftkings,ridge_challenger,challenger,single_stage_direct_count_regression_ridge_shadow_alpha_0.01,mlb_pitcher_props_policy_v1,8.052431300736275,8.052431300736275,6.164652110529618,9.940210490942931,1.887779190206658,1.552431300736275,False,,,,8,,,2026-05-27T10:46:56.053157-04:00,current_workflow
2026-05-26|ridge_challenger|2026-05-26|MLB|pitcher_strikeouts|name:chase burns|under|6.5|draftkings,2026-05-26|MLB|pitcher_strikeouts|name:chase burns|under|6.5|draftkings,2026-05-26,chase burns,mlbam_player:695505,mlbam_player:695505,695505,mlbam_player,chase burns,MLB,pitcher_strikeouts,player_prop,pitcher_k,CIN,NYM,DraftKings,draftkings,42ec808f3f2b51bde3830094a2d31f59,Under,under,6.5,-115,MLB|pitcher_strikeouts|name:chase burns|under|6.5,MLB|pitcher_strikeouts|name:chase burns|under|6.5|draftkings,ridge_challenger,challenger,single_stage_direct_count_regression_ridge_shadow_alpha_0.01,mlb_pitcher_props_policy_v1,8.052431300736275,8.052431300736275,6.164652110529618,9.940210490942931,1.887779190206658,-1.552431300736275,False,,,,8,,,2026-05-27T10:46:56.053157-04:00,current_workflow
2026-05-26|ridge_challenger|2026-05-26|MLB|pitcher_strikeouts|name:chase burns|over|6.5|betmgm,2026-05-26|MLB|pitcher_strikeouts|name:chase burns|over|6.5|betmgm,2026-05-26,chase burns,mlbam_player:695505,mlbam_player:695505,695505,mlbam_player,chase burns,MLB,pitcher_strikeouts,player_prop,pitcher_k,CIN,NYM,BetMGM,betmgm,42ec808f3f2b51bde3830094a2d31f59,Over,over,6.5,-110,MLB|pitcher_strikeouts|name:chase burns|over|6.5,MLB|pitcher_strikeouts|name:chase burns|over|6.5|betmgm,ridge_challenger,challenger,single_stage_direct_count_regression_ridge_shadow_alpha_0.01,mlb_pitcher_props_policy_v1,8.052431300736275,8.052431300736275,6.164652110529618,9.940210490942931,1.887779190206658,1.552431300736275,True,2.0,official,high,8,W,0.9090909090909092,2026-05-27T10:46:56.053157-04:00,current_workflow
2026-05-26|ridge_challenger|2026-05-26|MLB|pitcher_strikeouts|name:chase burns|under|6.5|betmgm,2026-05-26|MLB|pitcher_strikeouts|name:chase burns|under|6.5|betmgm,2026-05-26,chase burns,mlbam_player:695505,mlbam_player:695505,695505,mlbam_player,chase burns,MLB,pitcher_strikeouts,player_prop,pitcher_k,CIN,NYM,BetMGM,betmgm,42ec808f3f2b51bde3830094a2d31f59,Under,under,6.5,-120,MLB|pitcher_strikeouts|name:chase burns|under|6.5,MLB|pitcher_strikeouts|name:chase burns|under|6.5|betmgm,ridge_challenger,challenger,single_stage_direct_count_regression_ridge_shadow_alpha_0.01,mlb_pitcher_props_policy_v1,8.052431300736275,8.052431300736275,6.164652110529618,9.940210490942931,1.887779190206658,-1.552431300736275,False,,,,8,,,2026-05-27T10:46:56.053157-04:00,current_workflow
2026-05-26|ridge_challenger|2026-05-26|MLB|pitcher_strikeouts|name:michael mcgreevy|over|3.5|fanduel,2026-05-26|MLB|pitcher_strikeouts|name:michael mcgreevy|over|3.5|fanduel,2026-05-26,michael mcgreevy,mlbam_player:700241,mlbam_player:700241,700241,mlbam_player,michael mcgreevy,MLB,pitcher_strikeouts,player_prop,pitcher_k,STL,MIL,FanDuel,fanduel,99d8354792f828bd962e089d4ab8c5bf,Over,over,3.5,-122,MLB|pitcher_strikeouts|name:michael mcgreevy|over|3.5,MLB|pitcher_strikeouts|name:michael mcgreevy|over|3.5|fanduel,ridge_challenger,challenger,single_stage_direct_count_regression_ridge_shadow_alpha_0.01,mlb_pitcher_props_policy_v1,3.996746449294711,3.996746449294711,0.943970899456855,7.049521999132567,3.052775549837856,0.4967464492947111,False,,,,6,,,2026-05-27T10:46:56.053157-04:00,current_workflow
2026-05-26|ridge_challenger|2026-05-26|MLB|pitcher_strikeouts|name:michael mcgreevy|under|3.5|fanduel,2026-05-26|MLB|pitcher_strikeouts|name:michael mcgreevy|under|3.5|fanduel,2026-05-26,michael mcgreevy,mlbam_player:700241,mlbam_player:700241,700241,mlbam_player,michael mcgreevy,MLB,pitcher_strikeouts,player_prop,pitcher_k,STL,MIL,FanDuel,fanduel,99d8354792f828bd962e089d4ab8c5bf,Under,under,3.5,-108,MLB|pitcher_strikeouts|name:michael mcgreevy|under|3.5,MLB|pitcher_strikeouts|name:michael mcgreevy|under|3.5|fanduel,ridge_challenger,challenger,single_stage_direct_count_regression_ridge_shadow_alpha_0.01,mlb_pitcher_props_policy_v1,3.996746449294711,3.996746449294711,0.943970899456855,7.049521999132567,3.052775549837856,-0.4967464492947111,False,,,,6,,,2026-05-27T10:46:56.053157-04:00,current_workflow
2026-05-26|ridge_challenger|2026-05-26|MLB|pitcher_strikeouts|name:michael mcgreevy|over|3.5|draftkings,2026-05-26|MLB|pitcher_strikeouts|name:michael mcgreevy|over|3.5|draftkings,2026-05-26,michael mcgreevy,mlbam_player:700241,mlbam_player:700241,700241,mlbam_player,michael mcgreevy,MLB,pitcher_strikeouts,player_prop,pitcher_k,STL,MIL,DraftKings,draftkings,99d8354792f828bd962e089d4ab8c5bf,Over,over,3.5,-115,MLB|pitcher_strikeouts|name:michael mcgreevy|over|3.5,MLB|pitcher_strikeouts|name:michael mcgreevy|over|3.5|draftkings,ridge_challenger,challenger,single_stage_direct_count_regression_ridge_shadow_alpha_0.01,mlb_pitcher_props_policy_v1,3.996746449294711,3.996746449294711,0.943970899456855,7.049521999132567,3.052775549837856,0.4967464492947111,False,,,,6,,,2026-05-27T10:46:56.053157-04:00,current_workflow
2026-05-26|ridge_challenger|2026-05-26|MLB|pitcher_strikeouts|name:michael mcgreevy|under|3.5|draftkings,2026-05-26|MLB|pitcher_strikeouts|name:michael mcgreevy|under|3.5|draftkings,2026-05-26,michael mcgreevy,mlbam_player:700241,mlbam_player:700241,700241,mlbam_player,michael mcgreevy,MLB,pitcher_strikeouts,player_prop,pitcher_k,STL,MIL,DraftKings,draftkings,99d8354792f828bd962e089d4ab8c5bf,Under,under,3.5,-111,MLB|pitcher_strikeouts|name:michael mcgreevy|under|3.5,MLB|pitcher_strikeouts|name:michael mcgreevy|under|3.5|draftkings,ridge_challenger,challenger,single_stage_direct_count_regression_ridge_shadow_alpha_0.01,mlb_pitcher_props_policy_v1,3.996746449294711,3.996746449294711,0.943970899456855,7.049521999132567,3.052775549837856,-0.4967464492947111,False,,,,6,,,2026-05-27T10:46:56.053157-04:00,current_workflow
2026-05-26|ridge_challenger|2026-05-26|MLB|pitcher_strikeouts|name:michael mcgreevy|over|3.5|betmgm,2026-05-26|MLB|pitcher_strikeouts|name:michael mcgreevy|over|3.5|betmgm,2026-05-26,michael mcgreevy,mlbam_player:700241,mlbam_player:700241,700241,mlbam_player,michael mcgreevy,MLB,pitcher_strikeouts,player_prop,pitcher_k,STL,MIL,BetMGM,betmgm,99d8354792f828bd962e089d4ab8c5bf,Over,over,3.5,-110,MLB|pitcher_strikeouts|name:michael mcgreevy|over|3.5,MLB|pitcher_strikeouts|name:michael mcgreevy|over|3.5|betmgm,ridge_challenger,challenger,single_stage_direct_count_regression_ridge_shadow_alpha_0.01,mlb_pitcher_props_policy_v1,3.996746449294711,3.996746449294711,0.943970899456855,7.049521999132567,3.052775549837856,0.4967464492947111,True,16.0,lean,low,6,W,0.9090909090909092,2026-05-27T10:46:56.053157-04:00,current_workflow
2026-05-26|ridge_challenger|2026-05-26|MLB|pitcher_strikeouts|name:michael mcgreevy|under|3.5|betmgm,2026-05-26|MLB|pitcher_strikeouts|name:michael mcgreevy|under|3.5|betmgm,2026-05-26,michael mcgreevy,mlbam_player:700241,mlbam_player:700241,700241,mlbam_player,michael mcgreevy,MLB,pitcher_strikeouts,player_prop,pitcher_k,STL,MIL,BetMGM,betmgm,99d8354792f828bd962e089d4ab8c5bf,Under,under,3.5,-118,MLB|pitcher_strikeouts|name:michael mcgreevy|under|3.5,MLB|pitcher_strikeouts|name:michael mcgreevy|under|3.5|betmgm,ridge_challenger,challenger,single_stage_direct_count_regression_ridge_shadow_alpha_0.01,mlb_pitcher_props_policy_v1,3.996746449294711,3.996746449294711,0.943970899456855,7.049521999132567,3.052775549837856,-0.4967464492947111,False,,,,6,,,2026-05-27T10:46:56.053157-04:00,current_workflow
2026-05-26|ridge_challenger|2026-05-26|MLB|pitcher_strikeouts|name:kyle harrison|over|6.5|fanduel,2026-05-26|MLB|pitcher_strikeouts|name:kyle harrison|over|6.5|fanduel,2026-05-26,kyle harrison,mlbam_player:690986,mlbam_player:690986,690986,mlbam_player,kyle harrison,MLB,pitcher_strikeouts,player_prop,pitcher_k,MIL,STL,FanDuel,fanduel,99d8354792f828bd962e089d4ab8c5bf,Over,over,6.5,114,MLB|pitcher_strikeouts|name:kyle harrison|over|6.5,MLB|pitcher_strikeouts|name:kyle harrison|over|6.5|fanduel,ridge_challenger,challenger,single_stage_direct_count_regression_ridge_shadow_alpha_0.01,mlb_pitcher_props_policy_v1,4.591712746306901,4.591712746306901,2.2631469221996703,6.920278570414132,2.3285658241072307,-1.908287253693099,False,,,,2,,,2026-05-27T10:46:56.053157-04:00,current_workflow
2026-05-26|ridge_challenger|2026-05-26|MLB|pitcher_strikeouts|name:kyle harrison|under|6.5|fanduel,2026-05-26|MLB|pitcher_strikeouts|name:kyle harrison|under|6.5|fanduel,2026-05-26,kyle harrison,mlbam_player:690986,mlbam_player:690986,690986,mlbam_player,kyle harrison,MLB,pitcher_strikeouts,player_prop,pitcher_k,MIL,STL,FanDuel,fanduel,99d8354792f828bd962e089d4ab8c5bf,Under,under,6.5,-140,MLB|pitcher_strikeouts|name:kyle harrison|under|6.5,MLB|pitcher_strikeouts|name:kyle harrison|under|6.5|fanduel,ridge_challenger,challenger,single_stage_direct_count_regression_ridge_shadow_alpha_0.01,mlb_pitcher_props_policy_v1,4.591712746306901,4.591712746306901,2.2631469221996703,6.920278570414132,2.3285658241072307,1.908287253693099,False,,,,2,,,2026-05-27T10:46:56.053157-04:00,current_workflow
2026-05-26|ridge_challenger|2026-05-26|MLB|pitcher_strikeouts|name:kyle harrison|over|6.5|draftkings,2026-05-26|MLB|pitcher_strikeouts|name:kyle harrison|over|6.5|draftkings,2026-05-26,kyle harrison,mlbam_player:690986,mlbam_player:690986,690986,mlbam_player,kyle harrison,MLB,pitcher_strikeouts,player_prop,pitcher_k,MIL,STL,DraftKings,draftkings,99d8354792f828bd962e089d4ab8c5bf,Over,over,6.5,110,MLB|pitcher_strikeouts|name:kyle harrison|over|6.5,MLB|pitcher_strikeouts|name:kyle harrison|over|6.5|draftkings,ridge_challenger,challenger,single_stage_direct_count_regression_ridge_shadow_alpha_0.01,mlb_pitcher_props_policy_v1,4.591712746306901,4.591712746306901,2.2631469221996703,6.920278570414132,2.3285658241072307,-1.908287253693099,False,,,,2,,,2026-05-27T10:46:56.053157-04:00,current_workflow
2026-05-26|ridge_challenger|2026-05-26|MLB|pitcher_strikeouts|name:kyle harrison|under|6.5|draftkings,2026-05-26|MLB|pitcher_strikeouts|name:kyle harrison|under|6.5|draftkings,2026-05-26,kyle harrison,mlbam_player:690986,mlbam_player:690986,690986,mlbam_player,kyle harrison,MLB,pitcher_strikeouts,player_prop,pitcher_k,MIL,STL,DraftKings,draftkings,99d8354792f828bd962e089d4ab8c5bf,Under,under,6.5,-140,MLB|pitcher_strikeouts|name:kyle harrison|under|6.5,MLB|pitcher_strikeouts|name:kyle harrison|under|6.5|draftkings,ridge_challenger,challenger,single_stage_direct_count_regression_ridge_shadow_alpha_0.01,mlb_pitcher_props_policy_v1,4.591712746306901,4.591712746306901,2.2631469221996703,6.920278570414132,2.3285658241072307,1.908287253693099,False,,,,2,,,2026-05-27T10:46:56.053157-04:00,current_workflow
2026-05-26|ridge_challenger|2026-05-26|MLB|pitcher_strikeouts|name:kyle harrison|over|6.5|betmgm,2026-05-26|MLB|pitcher_strikeouts|name:kyle harrison|over|6.5|betmgm,2026-05-26,kyle harrison,mlbam_player:690986,mlbam_player:690986,690986,mlbam_player,kyle harrison,MLB,pitcher_strikeouts,player_prop,pitcher_k,MIL,STL,BetMGM,betmgm,99d8354792f828bd962e089d4ab8c5bf,Over,over,6.5,-105,MLB|pitcher_strikeouts|name:kyle harrison|over|6.5,MLB|pitcher_strikeouts|name:kyle harrison|over|6.5|betmgm,ridge_challenger,challenger,single_stage_direct_count_regression_ridge_shadow_alpha_0.01,mlb_pitcher_props_policy_v1,4.591712746306901,4.591712746306901,2.2631469221996703,6.920278570414132,2.3285658241072307,-1.908287253693099,False,,,,2,,,2026-05-27T10:46:56.053157-04:00,current_workflow
2026-05-26|ridge_challenger|2026-05-26|MLB|pitcher_strikeouts|name:kyle harrison|under|6.5|betmgm,2026-05-26|MLB|pitcher_strikeouts|name:kyle harrison|under|6.5|betmgm,2026-05-26,kyle harrison,mlbam_player:690986,mlbam_player:690986,690986,mlbam_player,kyle harrison,MLB,pitcher_strikeouts,player_prop,pitcher_k,MIL,STL,BetMGM,betmgm,99d8354792f828bd962e089d4ab8c5bf,Under,under,6.5,-125,MLB|pitcher_strikeouts|name:kyle harrison|under|6.5,MLB|pitcher_strikeouts|name:kyle harrison|under|6.5|betmgm,ridge_challenger,challenger,single_stage_direct_count_regression_ridge_shadow_alpha_0.01,mlb_pitcher_props_policy_v1,4.591712746306901,4.591712746306901,2.2631469221996703,6.920278570414132,2.3285658241072307,1.908287253693099,True,1.0,official,high,2,W,0.8,2026-05-27T10:46:56.053157-04:00,current_workflow
2026-05-26|ridge_challenger|2026-05-26|MLB|pitcher_strikeouts|name:kyle freeland|over|3.5|fanduel,2026-05-26|MLB|pitcher_strikeouts|name:kyle freeland|over|3.5|fanduel,2026-05-26,kyle freeland,mlbam_player:607536,mlbam_player:607536,607536,mlbam_player,kyle freeland,MLB,pitcher_strikeouts,player_prop,pitcher_k,COL,LAD,FanDuel,fanduel,acd23c21d644ac44611a206f197cdd6b,Over,over,3.5,-140,MLB|pitcher_strikeouts|name:kyle freeland|over|3.5,MLB|pitcher_strikeouts|name:kyle freeland|over|3.5|fanduel,ridge_challenger,challenger,single_stage_direct_count_regression_ridge_shadow_alpha_0.01,mlb_pitcher_props_policy_v1,4.820738553407689,4.820738553407689,1.0737832999623107,8.567693806853068,3.7469552534453774,1.320738553407689,False,,,,4,,,2026-05-27T10:46:56.053157-04:00,current_workflow
2026-05-26|ridge_challenger|2026-05-26|MLB|pitcher_strikeouts|name:kyle freeland|under|3.5|fanduel,2026-05-26|MLB|pitcher_strikeouts|name:kyle freeland|under|3.5|fanduel,2026-05-26,kyle freeland,mlbam_player:607536,mlbam_player:607536,607536,mlbam_player,kyle freeland,MLB,pitcher_strikeouts,player_prop,pitcher_k,COL,LAD,FanDuel,fanduel,acd23c21d644ac44611a206f197cdd6b,Under,under,3.5,106,MLB|pitcher_strikeouts|name:kyle freeland|under|3.5,MLB|pitcher_strikeouts|name:kyle freeland|under|3.5|fanduel,ridge_challenger,challenger,single_stage_direct_count_regression_ridge_shadow_alpha_0.01,mlb_pitcher_props_policy_v1,4.820738553407689,4.820738553407689,1.0737832999623107,8.567693806853068,3.7469552534453774,-1.320738553407689,False,,,,4,,,2026-05-27T10:46:56.053157-04:00,current_workflow
2026-05-26|ridge_challenger|2026-05-26|MLB|pitcher_strikeouts|name:kyle freeland|over|3.5|draftkings,2026-05-26|MLB|pitcher_strikeouts|name:kyle freeland|over|3.5|draftkings,2026-05-26,kyle freeland,mlbam_player:607536,mlbam_player:607536,607536,mlbam_player,kyle freeland,MLB,pitcher_strikeouts,player_prop,pitcher_k,COL,LAD,DraftKings,draftkings,acd23c21d644ac44611a206f197cdd6b,Over,over,3.5,-133,MLB|pitcher_strikeouts|name:kyle freeland|over|3.5,MLB|pitcher_strikeouts|name:kyle freeland|over|3.5|draftkings,ridge_challenger,challenger,single_stage_direct_count_regression_ridge_shadow_alpha_0.01,mlb_pitcher_props_policy_v1,4.820738553407689,4.820738553407689,1.0737832999623107,8.567693806853068,3.7469552534453774,1.320738553407689,True,5.0,official,high,4,W,0.7518796992481203,2026-05-27T10:46:56.053157-04:00,current_workflow
2026-05-26|ridge_challenger|2026-05-26|MLB|pitcher_strikeouts|name:kyle freeland|under|3.5|draftkings,2026-05-26|MLB|pitcher_strikeouts|name:kyle freeland|under|3.5|draftkings,2026-05-26,kyle freeland,mlbam_player:607536,mlbam_player:607536,607536,mlbam_player,kyle freeland,MLB,pitcher_strikeouts,player_prop,pitcher_k,COL,LAD,DraftKings,draftkings,acd23c21d644ac44611a206f197cdd6b,Under,under,3.5,104,MLB|pitcher_strikeouts|name:kyle freeland|under|3.5,MLB|pitcher_strikeouts|name:kyle freeland|under|3.5|draftkings,ridge_challenger,challenger,single_stage_direct_count_regression_ridge_shadow_alpha_0.01,mlb_pitcher_props_policy_v1,4.820738553407689,4.820738553407689,1.0737832999623107,8.567693806853068,3.7469552534453774,-1.320738553407689,False,,,,4,,,2026-05-27T10:46:56.053157-04:00,current_workflow
2026-05-26|ridge_challenger|2026-05-26|MLB|pitcher_strikeouts|name:kyle freeland|over|3.5|betmgm,2026-05-26|MLB|pitcher_strikeouts|name:kyle freeland|over|3.5|betmgm,2026-05-26,kyle freeland,mlbam_player:607536,mlbam_player:607536,607536,mlbam_player,kyle freeland,MLB,pitcher_strikeouts,player_prop,pitcher_k,COL,LAD,BetMGM,betmgm,acd23c21d644ac44611a206f197cdd6b,Over,over,3.5,-135,MLB|pitcher_strikeouts|name:kyle freeland|over|3.5,MLB|pitcher_strikeouts|name:kyle freeland|over|3.5|betmgm,ridge_challenger,challenger,single_stage_direct_count_regression_ridge_shadow_alpha_0.01,mlb_pitcher_props_policy_v1,4.820738553407689,4.820738553407689,1.0737832999623107,8.567693806853068,3.7469552534453774,1.320738553407689,False,,,,4,,,2026-05-27T10:46:56.053157-04:00,current_workflow
2026-05-26|ridge_challenger|2026-05-26|MLB|pitcher_strikeouts|name:kyle freeland|under|3.5|betmgm,2026-05-26|MLB|pitcher_strikeouts|name:kyle freeland|under|3.5|betmgm,2026-05-26,kyle freeland,mlbam_player:607536,mlbam_player:607536,607536,mlbam_player,kyle freeland,MLB,pitcher_strikeouts,player_prop,pitcher_k,COL,LAD,BetMGM,betmgm,acd23c21d644ac44611a206f197cdd6b,Under,under,3.5,100,MLB|pitcher_strikeouts|name:kyle freeland|under|3.5,MLB|pitcher_strikeouts|name:kyle freeland|under|3.5|betmgm,ridge_challenger,challenger,single_stage_direct_count_regression_ridge_shadow_alpha_0.01,mlb_pitcher_props_policy_v1,4.820738553407689,4.820738553407689,1.0737832999623107,8.567693806853068,3.7469552534453774,-1.320738553407689,False,,,,4,,,2026-05-27T10:46:56.053157-04:00,current_workflow
2026-05-26|ridge_challenger|2026-05-26|MLB|pitcher_strikeouts|name:cam schlittler|over|5.5|fanduel,2026-05-26|MLB|pitcher_strikeouts|name:cam schlittler|over|5.5|fanduel,2026-05-26,cam schlittler,mlbam_player:693645,mlbam_player:693645,693645,mlbam_player,cam schlittler,MLB,pitcher_strikeouts,player_prop,pitcher_k,NYY,KC,FanDuel,fanduel,ba00397c03fc2b6ae2ee60c76dbab901,Over,over,5.5,-154,MLB|pitcher_strikeouts|name:cam schlittler|over|5.5,MLB|pitcher_strikeouts|name:cam schlittler|over|5.5|fanduel,ridge_challenger,challenger,single_stage_direct_count_regression_ridge_shadow_alpha_0.01,mlb_pitcher_props_policy_v1,5.782293105740654,5.782293105740654,2.4417662108767133,9.122820000604596,3.3405268948639404,0.2822931057406537,False,,,,6,,,2026-05-27T10:46:56.053157-04:00,current_workflow
2026-05-26|ridge_challenger|2026-05-26|MLB|pitcher_strikeouts|name:cam schlittler|under|5.5|fanduel,2026-05-26|MLB|pitcher_strikeouts|name:cam schlittler|under|5.5|fanduel,2026-05-26,cam schlittler,mlbam_player:693645,mlbam_player:693645,693645,mlbam_player,cam schlittler,MLB,pitcher_strikeouts,player_prop,pitcher_k,NYY,KC,FanDuel,fanduel,ba00397c03fc2b6ae2ee60c76dbab901,Under,under,5.5,116,MLB|pitcher_strikeouts|name:cam schlittler|under|5.5,MLB|pitcher_strikeouts|name:cam schlittler|under|5.5|fanduel,ridge_challenger,challenger,single_stage_direct_count_regression_ridge_shadow_alpha_0.01,mlb_pitcher_props_policy_v1,5.782293105740654,5.782293105740654,2.4417662108767133,9.122820000604596,3.3405268948639404,-0.2822931057406537,False,,,,6,,,2026-05-27T10:46:56.053157-04:00,current_workflow
2026-05-26|ridge_challenger|2026-05-26|MLB|pitcher_strikeouts|name:cam schlittler|over|5.5|draftkings,2026-05-26|MLB|pitcher_strikeouts|name:cam schlittler|over|5.5|draftkings,2026-05-26,cam schlittler,mlbam_player:693645,mlbam_player:693645,693645,mlbam_player,cam schlittler,MLB,pitcher_strikeouts,player_prop,pitcher_k,NYY,KC,DraftKings,draftkings,ba00397c03fc2b6ae2ee60c76dbab901,Over,over,5.5,-149,MLB|pitcher_strikeouts|name:cam schlittler|over|5.5,MLB|pitcher_strikeouts|name:cam schlittler|over|5.5|draftkings,ridge_challenger,challenger,single_stage_direct_count_regression_ridge_shadow_alpha_0.01,mlb_pitcher_props_policy_v1,5.782293105740654,5.782293105740654,2.4417662108767133,9.122820000604596,3.3405268948639404,0.2822931057406537,False,,,,6,,,2026-05-27T10:46:56.053157-04:00,current_workflow
2026-05-26|ridge_challenger|2026-05-26|MLB|pitcher_strikeouts|name:cam schlittler|under|5.5|draftkings,2026-05-26|MLB|pitcher_strikeouts|name:cam schlittler|under|5.5|draftkings,2026-05-26,cam schlittler,mlbam_player:693645,mlbam_player:693645,693645,mlbam_player,cam schlittler,MLB,pitcher_strikeouts,player_prop,pitcher_k,NYY,KC,DraftKings,draftkings,ba00397c03fc2b6ae2ee60c76dbab901,Under,under,5.5,117,MLB|pitcher_strikeouts|name:cam schlittler|under|5.5,MLB|pitcher_strikeouts|name:cam schlittler|under|5.5|draftkings,ridge_challenger,challenger,single_stage_direct_count_regression_ridge_shadow_alpha_0.01,mlb_pitcher_props_policy_v1,5.782293105740654,5.782293105740654,2.4417662108767133,9.122820000604596,3.3405268948639404,-0.2822931057406537,False,,,,6,,,2026-05-27T10:46:56.053157-04:00,current_workflow
2026-05-26|ridge_challenger|2026-05-26|MLB|pitcher_strikeouts|name:cam schlittler|over|6.5|betmgm,2026-05-26|MLB|pitcher_strikeouts|name:cam schlittler|over|6.5|betmgm,2026-05-26,cam schlittler,mlbam_player:693645,mlbam_player:693645,693645,mlbam_player,cam schlittler,MLB,pitcher_strikeouts,player_prop,pitcher_k,NYY,KC,BetMGM,betmgm,ba00397c03fc2b6ae2ee60c76dbab901,Over,over,6.5,115,MLB|pitcher_strikeouts|name:cam schlittler|over|6.5,MLB|pitcher_strikeouts|name:cam schlittler|over|6.5|betmgm,ridge_challenger,challenger,single_stage_direct_count_regression_ridge_shadow_alpha_0.01,mlb_pitcher_props_policy_v1,5.782293105740654,5.782293105740654,2.4417662108767133,9.122820000604596,3.3405268948639404,-0.7177068942593463,False,,,,6,,,2026-05-27T10:46:56.053157-04:00,current_workflow
2026-05-26|ridge_challenger|2026-05-26|MLB|pitcher_strikeouts|name:cam schlittler|under|6.5|betmgm,2026-05-26|MLB|pitcher_strikeouts|name:cam schlittler|under|6.5|betmgm,2026-05-26,cam schlittler,mlbam_player:693645,mlbam_player:693645,693645,mlbam_player,cam schlittler,MLB,pitcher_strikeouts,player_prop,pitcher_k,NYY,KC,BetMGM,betmgm,ba00397c03fc2b6ae2ee60c76dbab901,Under,under,6.5,-155,MLB|pitcher_strikeouts|name:cam schlittler|under|6.5,MLB|pitcher_strikeouts|name:cam schlittler|under|6.5|betmgm,ridge_challenger,challenger,single_stage_direct_count_regression_ridge_shadow_alpha_0.01,mlb_pitcher_props_policy_v1,5.782293105740654,5.782293105740654,2.4417662108767133,9.122820000604596,3.3405268948639404,0.7177068942593463,True,14.0,lean,low,6,W,0.6451612903225806,2026-05-27T10:46:56.053157-04:00,current_workflow
2026-05-26|ridge_challenger|2026-05-26|MLB|pitcher_strikeouts|name:jack kochanowicz|over|3.5|fanduel,2026-05-26|MLB|pitcher_strikeouts|name:jack kochanowicz|over|3.5|fanduel,2026-05-26,jack kochanowicz,mlbam_player:686799,mlbam_player:686799,686799,mlbam_player,jack kochanowicz,MLB,pitcher_strikeouts,player_prop,pitcher_k,LAA,DET,FanDuel,fanduel,6c64b931bb7cda75b570159a5a4ed328,Over,over,3.5,-136,MLB|pitcher_strikeouts|name:jack kochanowicz|over|3.5,MLB|pitcher_strikeouts|name:jack kochanowicz|over|3.5|fanduel,ridge_challenger,challenger,single_stage_direct_count_regression_ridge_shadow_alpha_0.01,mlb_pitcher_props_policy_v1,4.27648662016799,4.27648662016799,1.149289967878084,7.403683272457896,3.127196652289906,0.7764866201679901,False,,,,4,,,2026-05-27T10:46:56.053157-04:00,current_workflow
2026-05-26|ridge_challenger|2026-05-26|MLB|pitcher_strikeouts|name:jack kochanowicz|under|3.5|fanduel,2026-05-26|MLB|pitcher_strikeouts|name:jack kochanowicz|under|3.5|fanduel,2026-05-26,jack kochanowicz,mlbam_player:686799,mlbam_player:686799,686799,mlbam_player,jack kochanowicz,MLB,pitcher_strikeouts,player_prop,pitcher_k,LAA,DET,FanDuel,fanduel,6c64b931bb7cda75b570159a5a4ed328,Under,under,3.5,102,MLB|pitcher_strikeouts|name:jack kochanowicz|under|3.5,MLB|pitcher_strikeouts|name:jack kochanowicz|under|3.5|fanduel,ridge_challenger,challenger,single_stage_direct_count_regression_ridge_shadow_alpha_0.01,mlb_pitcher_props_policy_v1,4.27648662016799,4.27648662016799,1.149289967878084,7.403683272457896,3.127196652289906,-0.7764866201679901,False,,,,4,,,2026-05-27T10:46:56.053157-04:00,current_workflow
2026-05-26|ridge_challenger|2026-05-26|MLB|pitcher_strikeouts|name:jack kochanowicz|over|3.5|draftkings,2026-05-26|MLB|pitcher_strikeouts|name:jack kochanowicz|over|3.5|draftkings,2026-05-26,jack kochanowicz,mlbam_player:686799,mlbam_player:686799,686799,mlbam_player,jack kochanowicz,MLB,pitcher_strikeouts,player_prop,pitcher_k,LAA,DET,DraftKings,draftkings,6c64b931bb7cda75b570159a5a4ed328,Over,over,3.5,-141,MLB|pitcher_strikeouts|name:jack kochanowicz|over|3.5,MLB|pitcher_strikeouts|name:jack kochanowicz|over|3.5|draftkings,ridge_challenger,challenger,single_stage_direct_count_regression_ridge_shadow_alpha_0.01,mlb_pitcher_props_policy_v1,4.27648662016799,4.27648662016799,1.149289967878084,7.403683272457896,3.127196652289906,0.7764866201679901,False,,,,4,,,2026-05-27T10:46:56.053157-04:00,current_workflow
2026-05-26|ridge_challenger|2026-05-26|MLB|pitcher_strikeouts|name:jack kochanowicz|under|3.5|draftkings,2026-05-26|MLB|pitcher_strikeouts|name:jack kochanowicz|under|3.5|draftkings,2026-05-26,jack kochanowicz,mlbam_player:686799,mlbam_player:686799,686799,mlbam_player,jack kochanowicz,MLB,pitcher_strikeouts,player_prop,pitcher_k,LAA,DET,DraftKings,draftkings,6c64b931bb7cda75b570159a5a4ed328,Under,under,3.5,111,MLB|pitcher_strikeouts|name:jack kochanowicz|under|3.5,MLB|pitcher_strikeouts|name:jack kochanowicz|under|3.5|draftkings,ridge_challenger,challenger,single_stage_direct_count_regression_ridge_shadow_alpha_0.01,mlb_pitcher_props_policy_v1,4.27648662016799,4.27648662016799,1.149289967878084,7.403683272457896,3.127196652289906,-0.7764866201679901,False,,,,4,,,2026-05-27T10:46:56.053157-04:00,current_workflow
2026-05-26|ridge_challenger|2026-05-26|MLB|pitcher_strikeouts|name:jack kochanowicz|over|3.5|betmgm,2026-05-26|MLB|pitcher_strikeouts|name:jack kochanowicz|over|3.5|betmgm,2026-05-26,jack kochanowicz,mlbam_player:686799,mlbam_player:686799,686799,mlbam_player,jack kochanowicz,MLB,pitcher_strikeouts,player_prop,pitcher_k,LAA,DET,BetMGM,betmgm,6c64b931bb7cda75b570159a5a4ed328,Over,over,3.5,-125,MLB|pitcher_strikeouts|name:jack kochanowicz|over|3.5,MLB|pitcher_strikeouts|name:jack kochanowicz|over|3.5|betmgm,ridge_challenger,challenger,single_stage_direct_count_regression_ridge_shadow_alpha_0.01,mlb_pitcher_props_policy_v1,4.27648662016799,4.27648662016799,1.149289967878084,7.403683272457896,3.127196652289906,0.7764866201679901,True,11.0,official,medium,4,W,0.8,2026-05-27T10:46:56.053157-04:00,current_workflow
2026-05-26|ridge_challenger|2026-05-26|MLB|pitcher_strikeouts|name:jack kochanowicz|under|3.5|betmgm,2026-05-26|MLB|pitcher_strikeouts|name:jack kochanowicz|under|3.5|betmgm,2026-05-26,jack kochanowicz,mlbam_player:686799,mlbam_player:686799,686799,mlbam_player,jack kochanowicz,MLB,pitcher_strikeouts,player_prop,pitcher_k,LAA,DET,BetMGM,betmgm,6c64b931bb7cda75b570159a5a4ed328,Under,under,3.5,-105,MLB|pitcher_strikeouts|name:jack kochanowicz|under|3.5,MLB|pitcher_strikeouts|name:jack kochanowicz|under|3.5|betmgm,ridge_challenger,challenger,single_stage_direct_count_regression_ridge_shadow_alpha_0.01,mlb_pitcher_props_policy_v1,4.27648662016799,4.27648662016799,1.149289967878084,7.403683272457896,3.127196652289906,-0.7764866201679901,False,,,,4,,,2026-05-27T10:46:56.053157-04:00,current_workflow
2026-05-26|ridge_challenger|2026-05-26|MLB|pitcher_strikeouts|name:keider montero|over|4.5|fanduel,2026-05-26|MLB|pitcher_strikeouts|name:keider montero|over|4.5|fanduel,2026-05-26,keider montero,mlbam_player:672456,mlbam_player:672456,672456,mlbam_player,keider montero,MLB,pitcher_strikeouts,player_prop,pitcher_k,DET,LAA,FanDuel,fanduel,6c64b931bb7cda75b570159a5a4ed328,Over,over,4.5,124,MLB|pitcher_strikeouts|name:keider montero|over|4.5,MLB|pitcher_strikeouts|name:keider montero|over|4.5|fanduel,ridge_challenger,challenger,single_stage_direct_count_regression_ridge_shadow_alpha_0.01,mlb_pitcher_props_policy_v1,4.904607099114589,4.904607099114589,2.4495353801821267,7.359678818047051,2.4550717189324622,0.4046070991145889,True,17.0,lean,low,7,W,1.24,2026-05-27T10:46:56.053157-04:00,current_workflow
2026-05-26|ridge_challenger|2026-05-26|MLB|pitcher_strikeouts|name:keider montero|under|4.5|fanduel,2026-05-26|MLB|pitcher_strikeouts|name:keider montero|under|4.5|fanduel,2026-05-26,keider montero,mlbam_player:672456,mlbam_player:672456,672456,mlbam_player,keider montero,MLB,pitcher_strikeouts,player_prop,pitcher_k,DET,LAA,FanDuel,fanduel,6c64b931bb7cda75b570159a5a4ed328,Under,under,4.5,-152,MLB|pitcher_strikeouts|name:keider montero|under|4.5,MLB|pitcher_strikeouts|name:keider montero|under|4.5|fanduel,ridge_challenger,challenger,single_stage_direct_count_regression_ridge_shadow_alpha_0.01,mlb_pitcher_props_policy_v1,4.904607099114589,4.904607099114589,2.4495353801821267,7.359678818047051,2.4550717189324622,-0.4046070991145889,False,,,,7,,,2026-05-27T10:46:56.053157-04:00,current_workflow
2026-05-26|ridge_challenger|2026-05-26|MLB|pitcher_strikeouts|name:keider montero|over|4.5|draftkings,2026-05-26|MLB|pitcher_strikeouts|name:keider montero|over|4.5|draftkings,2026-05-26,keider montero,mlbam_player:672456,mlbam_player:672456,672456,mlbam_player,keider montero,MLB,pitcher_strikeouts,player_prop,pitcher_k,DET,LAA,DraftKings,draftkings,6c64b931bb7cda75b570159a5a4ed328,Over,over,4.5,117,MLB|pitcher_strikeouts|name:keider montero|over|4.5,MLB|pitcher_strikeouts|name:keider montero|over|4.5|draftkings,ridge_challenger,challenger,single_stage_direct_count_regression_ridge_shadow_alpha_0.01,mlb_pitcher_props_policy_v1,4.904607099114589,4.904607099114589,2.4495353801821267,7.359678818047051,2.4550717189324622,0.4046070991145889,False,,,,7,,,2026-05-27T10:46:56.053157-04:00,current_workflow
2026-05-26|ridge_challenger|2026-05-26|MLB|pitcher_strikeouts|name:keider montero|under|4.5|draftkings,2026-05-26|MLB|pitcher_strikeouts|name:keider montero|under|4.5|draftkings,2026-05-26,keider montero,mlbam_player:672456,mlbam_player:672456,672456,mlbam_player,keider montero,MLB,pitcher_strikeouts,player_prop,pitcher_k,DET,LAA,DraftKings,draftkings,6c64b931bb7cda75b570159a5a4ed328,Under,under,4.5,-149,MLB|pitcher_strikeouts|name:keider montero|under|4.5,MLB|pitcher_strikeouts|name:keider montero|under|4.5|draftkings,ridge_challenger,challenger,single_stage_direct_count_regression_ridge_shadow_alpha_0.01,mlb_pitcher_props_policy_v1,4.904607099114589,4.904607099114589,2.4495353801821267,7.359678818047051,2.4550717189324622,-0.4046070991145889,False,,,,7,,,2026-05-27T10:46:56.053157-04:00,current_workflow
2026-05-26|ridge_challenger|2026-05-26|MLB|pitcher_strikeouts|name:keider montero|over|4.5|betmgm,2026-05-26|MLB|pitcher_strikeouts|name:keider montero|over|4.5|betmgm,2026-05-26,keider montero,mlbam_player:672456,mlbam_player:672456,672456,mlbam_player,keider montero,MLB,pitcher_strikeouts,player_prop,pitcher_k,DET,LAA,BetMGM,betmgm,6c64b931bb7cda75b570159a5a4ed328,Over,over,4.5,110,MLB|pitcher_strikeouts|name:keider montero|over|4.5,MLB|pitcher_strikeouts|name:keider montero|over|4.5|betmgm,ridge_challenger,challenger,single_stage_direct_count_regression_ridge_shadow_alpha_0.01,mlb_pitcher_props_policy_v1,4.904607099114589,4.904607099114589,2.4495353801821267,7.359678818047051,2.4550717189324622,0.4046070991145889,False,,,,7,,,2026-05-27T10:46:56.053157-04:00,current_workflow
2026-05-26|ridge_challenger|2026-05-26|MLB|pitcher_strikeouts|name:keider montero|under|4.5|betmgm,2026-05-26|MLB|pitcher_strikeouts|name:keider montero|under|4.5|betmgm,2026-05-26,keider montero,mlbam_player:672456,mlbam_player:672456,672456,mlbam_player,keider montero,MLB,pitcher_strikeouts,player_prop,pitcher_k,DET,LAA,BetMGM,betmgm,6c64b931bb7cda75b570159a5a4ed328,Under,under,4.5,-150,MLB|pitcher_strikeouts|name:keider montero|under|4.5,MLB|pitcher_strikeouts|name:keider montero|under|4.5|betmgm,ridge_challenger,challenger,single_stage_direct_count_regression_ridge_shadow_alpha_0.01,mlb_pitcher_props_policy_v1,4.904607099114589,4.904607099114589,2.4495353801821267,7.359678818047051,2.4550717189324622,-0.4046070991145889,False,,,,7,,,2026-05-27T10:46:56.053157-04:00,current_workflow
2026-05-26|ridge_challenger|2026-05-26|MLB|pitcher_strikeouts|name:cade cavalli|over|4.5|fanduel,2026-05-26|MLB|pitcher_strikeouts|name:cade cavalli|over|4.5|fanduel,2026-05-26,cade cavalli,mlbam_player:676917,mlbam_player:676917,676917,mlbam_player,cade cavalli,MLB,pitcher_strikeouts,player_prop,pitcher_k,WSH,CLE,FanDuel,fanduel,e3e38b1f0ba0517d7e95030e6f0b6a8d,Over,over,4.5,-146,MLB|pitcher_strikeouts|name:cade cavalli|over|4.5,MLB|pitcher_strikeouts|name:cade cavalli|over|4.5|fanduel,ridge_challenger,challenger,single_stage_direct_count_regression_ridge_shadow_alpha_0.01,mlb_pitcher_props_policy_v1,4.596932466155521,4.596932466155521,1.993516729762228,7.200348202548815,2.603415736393293,0.096932466155521,False,,,,7,,,2026-05-27T10:46:56.053157-04:00,current_workflow
2026-05-26|ridge_challenger|2026-05-26|MLB|pitcher_strikeouts|name:cade cavalli|under|4.5|fanduel,2026-05-26|MLB|pitcher_strikeouts|name:cade cavalli|under|4.5|fanduel,2026-05-26,cade cavalli,mlbam_player:676917,mlbam_player:676917,676917,mlbam_player,cade cavalli,MLB,pitcher_strikeouts,player_prop,pitcher_k,WSH,CLE,FanDuel,fanduel,e3e38b1f0ba0517d7e95030e6f0b6a8d,Under,under,4.5,110,MLB|pitcher_strikeouts|name:cade cavalli|under|4.5,MLB|pitcher_strikeouts|name:cade cavalli|under|4.5|fanduel,ridge_challenger,challenger,single_stage_direct_count_regression_ridge_shadow_alpha_0.01,mlb_pitcher_props_policy_v1,4.596932466155521,4.596932466155521,1.993516729762228,7.200348202548815,2.603415736393293,-0.096932466155521,False,,,,7,,,2026-05-27T10:46:56.053157-04:00,current_workflow
2026-05-26|ridge_challenger|2026-05-26|MLB|pitcher_strikeouts|name:cade cavalli|over|4.5|draftkings,2026-05-26|MLB|pitcher_strikeouts|name:cade cavalli|over|4.5|draftkings,2026-05-26,cade cavalli,mlbam_player:676917,mlbam_player:676917,676917,mlbam_player,cade cavalli,MLB,pitcher_strikeouts,player_prop,pitcher_k,WSH,CLE,DraftKings,draftkings,e3e38b1f0ba0517d7e95030e6f0b6a8d,Over,over,4.5,-150,MLB|pitcher_strikeouts|name:cade cavalli|over|4.5,MLB|pitcher_strikeouts|name:cade cavalli|over|4.5|draftkings,ridge_challenger,challenger,single_stage_direct_count_regression_ridge_shadow_alpha_0.01,mlb_pitcher_props_policy_v1,4.596932466155521,4.596932466155521,1.993516729762228,7.200348202548815,2.603415736393293,0.096932466155521,False,,,,7,,,2026-05-27T10:46:56.053157-04:00,current_workflow
2026-05-26|ridge_challenger|2026-05-26|MLB|pitcher_strikeouts|name:cade cavalli|under|4.5|draftkings,2026-05-26|MLB|pitcher_strikeouts|name:cade cavalli|under|4.5|draftkings,2026-05-26,cade cavalli,mlbam_player:676917,mlbam_player:676917,676917,mlbam_player,cade cavalli,MLB,pitcher_strikeouts,player_prop,pitcher_k,WSH,CLE,DraftKings,draftkings,e3e38b1f0ba0517d7e95030e6f0b6a8d,Under,under,4.5,118,MLB|pitcher_strikeouts|name:cade cavalli|under|4.5,MLB|pitcher_strikeouts|name:cade cavalli|under|4.5|draftkings,ridge_challenger,challenger,single_stage_direct_count_regression_ridge_shadow_alpha_0.01,mlb_pitcher_props_policy_v1,4.596932466155521,4.596932466155521,1.993516729762228,7.200348202548815,2.603415736393293,-0.096932466155521,False,,,,7,,,2026-05-27T10:46:56.053157-04:00,current_workflow
2026-05-26|ridge_challenger|2026-05-26|MLB|pitcher_strikeouts|name:cade cavalli|over|4.5|betmgm,2026-05-26|MLB|pitcher_strikeouts|name:cade cavalli|over|4.5|betmgm,2026-05-26,cade cavalli,mlbam_player:676917,mlbam_player:676917,676917,mlbam_player,cade cavalli,MLB,pitcher_strikeouts,player_prop,pitcher_k,WSH,CLE,BetMGM,betmgm,e3e38b1f0ba0517d7e95030e6f0b6a8d,Over,over,4.5,-155,MLB|pitcher_strikeouts|name:cade cavalli|over|4.5,MLB|pitcher_strikeouts|name:cade cavalli|over|4.5|betmgm,ridge_challenger,challenger,single_stage_direct_count_regression_ridge_shadow_alpha_0.01,mlb_pitcher_props_policy_v1,4.596932466155521,4.596932466155521,1.993516729762228,7.200348202548815,2.603415736393293,0.096932466155521,False,,,,7,,,2026-05-27T10:46:56.053157-04:00,current_workflow
2026-05-26|ridge_challenger|2026-05-26|MLB|pitcher_strikeouts|name:cade cavalli|under|4.5|betmgm,2026-05-26|MLB|pitcher_strikeouts|name:cade cavalli|under|4.5|betmgm,2026-05-26,cade cavalli,mlbam_player:676917,mlbam_player:676917,676917,mlbam_player,cade cavalli,MLB,pitcher_strikeouts,player_prop,pitcher_k,WSH,CLE,BetMGM,betmgm,e3e38b1f0ba0517d7e95030e6f0b6a8d,Under,under,4.5,115,MLB|pitcher_strikeouts|name:cade cavalli|under|4.5,MLB|pitcher_strikeouts|name:cade cavalli|under|4.5|betmgm,ridge_challenger,challenger,single_stage_direct_count_regression_ridge_shadow_alpha_0.01,mlb_pitcher_props_policy_v1,4.596932466155521,4.596932466155521,1.993516729762228,7.200348202548815,2.603415736393293,-0.096932466155521,False,,,,7,,,2026-05-27T10:46:56.053157-04:00,current_workflow
2026-05-26|ridge_challenger|2026-05-26|MLB|pitcher_strikeouts|name:joey cantillo|over|4.5|fanduel,2026-05-26|MLB|pitcher_strikeouts|name:joey cantillo|over|4.5|fanduel,2026-05-26,joey cantillo,mlbam_player:676282,mlbam_player:676282,676282,mlbam_player,joey cantillo,MLB,pitcher_strikeouts,player_prop,pitcher_k,CLE,WSH,FanDuel,fanduel,e3e38b1f0ba0517d7e95030e6f0b6a8d,Over,over,4.5,-160,MLB|pitcher_strikeouts|name:joey cantillo|over|4.5,MLB|pitcher_strikeouts|name:joey cantillo|over|4.5|fanduel,ridge_challenger,challenger,single_stage_direct_count_regression_ridge_shadow_alpha_0.01,mlb_pitcher_props_policy_v1,5.481278094738647,5.481278094738647,2.5129274507866377,8.449628738690656,2.968350643952009,0.9812780947386468,True,10.0,official,medium,1,L,-1.0,2026-05-27T10:46:56.053157-04:00,current_workflow
2026-05-26|ridge_challenger|2026-05-26|MLB|pitcher_strikeouts|name:joey cantillo|under|4.5|fanduel,2026-05-26|MLB|pitcher_strikeouts|name:joey cantillo|under|4.5|fanduel,2026-05-26,joey cantillo,mlbam_player:676282,mlbam_player:676282,676282,mlbam_player,joey cantillo,MLB,pitcher_strikeouts,player_prop,pitcher_k,CLE,WSH,FanDuel,fanduel,e3e38b1f0ba0517d7e95030e6f0b6a8d,Under,under,4.5,130,MLB|pitcher_strikeouts|name:joey cantillo|under|4.5,MLB|pitcher_strikeouts|name:joey cantillo|under|4.5|fanduel,ridge_challenger,challenger,single_stage_direct_count_regression_ridge_shadow_alpha_0.01,mlb_pitcher_props_policy_v1,5.481278094738647,5.481278094738647,2.5129274507866377,8.449628738690656,2.968350643952009,-0.9812780947386468,False,,,,1,,,2026-05-27T10:46:56.053157-04:00,current_workflow
2026-05-26|ridge_challenger|2026-05-26|MLB|pitcher_strikeouts|name:joey cantillo|over|4.5|draftkings,2026-05-26|MLB|pitcher_strikeouts|name:joey cantillo|over|4.5|draftkings,2026-05-26,joey cantillo,mlbam_player:676282,mlbam_player:676282,676282,mlbam_player,joey cantillo,MLB,pitcher_strikeouts,player_prop,pitcher_k,CLE,WSH,DraftKings,draftkings,e3e38b1f0ba0517d7e95030e6f0b6a8d,Over,over,4.5,-165,MLB|pitcher_strikeouts|name:joey cantillo|over|4.5,MLB|pitcher_strikeouts|name:joey cantillo|over|4.5|draftkings,ridge_challenger,challenger,single_stage_direct_count_regression_ridge_shadow_alpha_0.01,mlb_pitcher_props_policy_v1,5.481278094738647,5.481278094738647,2.5129274507866377,8.449628738690656,2.968350643952009,0.9812780947386468,False,,,,1,,,2026-05-27T10:46:56.053157-04:00,current_workflow
2026-05-26|ridge_challenger|2026-05-26|MLB|pitcher_strikeouts|name:joey cantillo|under|4.5|draftkings,2026-05-26|MLB|pitcher_strikeouts|name:joey cantillo|under|4.5|draftkings,2026-05-26,joey cantillo,mlbam_player:676282,mlbam_player:676282,676282,mlbam_player,joey cantillo,MLB,pitcher_strikeouts,player_prop,pitcher_k,CLE,WSH,DraftKings,draftkings,e3e38b1f0ba0517d7e95030e6f0b6a8d,Under,under,4.5,129,MLB|pitcher_strikeouts|name:joey cantillo|under|4.5,MLB|pitcher_strikeouts|name:joey cantillo|under|4.5|draftkings,ridge_challenger,challenger,single_stage_direct_count_regression_ridge_shadow_alpha_0.01,mlb_pitcher_props_policy_v1,5.481278094738647,5.481278094738647,2.5129274507866377,8.449628738690656,2.968350643952009,-0.9812780947386468,False,,,,1,,,2026-05-27T10:46:56.053157-04:00,current_workflow
2026-05-26|ridge_challenger|2026-05-26|MLB|pitcher_strikeouts|name:joey cantillo|over|5.5|betmgm,2026-05-26|MLB|pitcher_strikeouts|name:joey cantillo|over|5.5|betmgm,2026-05-26,joey cantillo,mlbam_player:676282,mlbam_player:676282,676282,mlbam_player,joey cantillo,MLB,pitcher_strikeouts,player_prop,pitcher_k,CLE,WSH,BetMGM,betmgm,e3e38b1f0ba0517d7e95030e6f0b6a8d,Over,over,5.5,105,MLB|pitcher_strikeouts|name:joey cantillo|over|5.5,MLB|pitcher_strikeouts|name:joey cantillo|over|5.5|betmgm,ridge_challenger,challenger,single_stage_direct_count_regression_ridge_shadow_alpha_0.01,mlb_pitcher_props_policy_v1,5.481278094738647,5.481278094738647,2.5129274507866377,8.449628738690656,2.968350643952009,-0.0187219052613532,False,,,,1,,,2026-05-27T10:46:56.053157-04:00,current_workflow
2026-05-26|ridge_challenger|2026-05-26|MLB|pitcher_strikeouts|name:joey cantillo|under|5.5|betmgm,2026-05-26|MLB|pitcher_strikeouts|name:joey cantillo|under|5.5|betmgm,2026-05-26,joey cantillo,mlbam_player:676282,mlbam_player:676282,676282,mlbam_player,joey cantillo,MLB,pitcher_strikeouts,player_prop,pitcher_k,CLE,WSH,BetMGM,betmgm,e3e38b1f0ba0517d7e95030e6f0b6a8d,Under,under,5.5,-140,MLB|pitcher_strikeouts|name:joey cantillo|under|5.5,MLB|pitcher_strikeouts|name:joey cantillo|under|5.5|betmgm,ridge_challenger,challenger,single_stage_direct_count_regression_ridge_shadow_alpha_0.01,mlb_pitcher_props_policy_v1,5.481278094738647,5.481278094738647,2.5129274507866377,8.449628738690656,2.968350643952009,0.0187219052613532,False,,,,1,,,2026-05-27T10:46:56.053157-04:00,current_workflow
2026-05-26|ridge_challenger|2026-05-26|MLB|pitcher_strikeouts|name:joe ryan|over|6.5|fanduel,2026-05-26|MLB|pitcher_strikeouts|name:joe ryan|over|6.5|fanduel,2026-05-26,joe ryan,mlbam_player:657746,mlbam_player:657746,657746,mlbam_player,joe ryan,MLB,pitcher_strikeouts,player_prop,pitcher_k,MIN,CWS,FanDuel,fanduel,57c63aa916ea5b39518da155c32b24ee,Over,over,6.5,138,MLB|pitcher_strikeouts|name:joe ryan|over|6.5,MLB|pitcher_strikeouts|name:joe ryan|over|6.5|fanduel,ridge_challenger,challenger,single_stage_direct_count_regression_ridge_shadow_alpha_0.01,mlb_pitcher_props_policy_v1,5.549516044490077,5.549516044490077,2.433951906112409,8.665080182867746,3.115564138377668,-0.9504839555099228,False,,,,9,,,2026-05-27T10:46:56.053157-04:00,current_workflow
2026-05-26|ridge_challenger|2026-05-26|MLB|pitcher_strikeouts|name:joe ryan|under|6.5|fanduel,2026-05-26|MLB|pitcher_strikeouts|name:joe ryan|under|6.5|fanduel,2026-05-26,joe ryan,mlbam_player:657746,mlbam_player:657746,657746,mlbam_player,joe ryan,MLB,pitcher_strikeouts,player_prop,pitcher_k,MIN,CWS,FanDuel,fanduel,57c63aa916ea5b39518da155c32b24ee,Under,under,6.5,-186,MLB|pitcher_strikeouts|name:joe ryan|under|6.5,MLB|pitcher_strikeouts|name:joe ryan|under|6.5|fanduel,ridge_challenger,challenger,single_stage_direct_count_regression_ridge_shadow_alpha_0.01,mlb_pitcher_props_policy_v1,5.549516044490077,5.549516044490077,2.433951906112409,8.665080182867746,3.115564138377668,0.9504839555099228,False,,,,9,,,2026-05-27T10:46:56.053157-04:00,current_workflow
2026-05-26|ridge_challenger|2026-05-26|MLB|pitcher_strikeouts|name:joe ryan|over|6.5|draftkings,2026-05-26|MLB|pitcher_strikeouts|name:joe ryan|over|6.5|draftkings,2026-05-26,joe ryan,mlbam_player:657746,mlbam_player:657746,657746,mlbam_player,joe ryan,MLB,pitcher_strikeouts,player_prop,pitcher_k,MIN,CWS,DraftKings,draftkings,57c63aa916ea5b39518da155c32b24ee,Over,over,6.5,119,MLB|pitcher_strikeouts|name:joe ryan|over|6.5,MLB|pitcher_strikeouts|name:joe ryan|over|6.5|draftkings,ridge_challenger,challenger,single_stage_direct_count_regression_ridge_shadow_alpha_0.01,mlb_pitcher_props_policy_v1,5.549516044490077,5.549516044490077,2.433951906112409,8.665080182867746,3.115564138377668,-0.9504839555099228,False,,,,9,,,2026-05-27T10:46:56.053157-04:00,current_workflow
2026-05-26|ridge_challenger|2026-05-26|MLB|pitcher_strikeouts|name:joe ryan|under|6.5|draftkings,2026-05-26|MLB|pitcher_strikeouts|name:joe ryan|under|6.5|draftkings,2026-05-26,joe ryan,mlbam_player:657746,mlbam_player:657746,657746,mlbam_player,joe ryan,MLB,pitcher_strikeouts,player_prop,pitcher_k,MIN,CWS,DraftKings,draftkings,57c63aa916ea5b39518da155c32b24ee,Under,under,6.5,-152,MLB|pitcher_strikeouts|name:joe ryan|under|6.5,MLB|pitcher_strikeouts|name:joe ryan|under|6.5|draftkings,ridge_challenger,challenger,single_stage_direct_count_regression_ridge_shadow_alpha_0.01,mlb_pitcher_props_policy_v1,5.549516044490077,5.549516044490077,2.433951906112409,8.665080182867746,3.115564138377668,0.9504839555099228,True,9.0,official,medium,9,L,-1.0,2026-05-27T10:46:56.053157-04:00,current_workflow
2026-05-26|ridge_challenger|2026-05-26|MLB|pitcher_strikeouts|name:joe ryan|over|6.5|betmgm,2026-05-26|MLB|pitcher_strikeouts|name:joe ryan|over|6.5|betmgm,2026-05-26,joe ryan,mlbam_player:657746,mlbam_player:657746,657746,mlbam_player,joe ryan,MLB,pitcher_strikeouts,player_prop,pitcher_k,MIN,CWS,BetMGM,betmgm,57c63aa916ea5b39518da155c32b24ee,Over,over,6.5,130,MLB|pitcher_strikeouts|name:joe ryan|over|6.5,MLB|pitcher_strikeouts|name:joe ryan|over|6.5|betmgm,ridge_challenger,challenger,single_stage_direct_count_regression_ridge_shadow_alpha_0.01,mlb_pitcher_props_policy_v1,5.549516044490077,5.549516044490077,2.433951906112409,8.665080182867746,3.115564138377668,-0.9504839555099228,False,,,,9,,,2026-05-27T10:46:56.053157-04:00,current_workflow
2026-05-26|ridge_challenger|2026-05-26|MLB|pitcher_strikeouts|name:joe ryan|under|6.5|betmgm,2026-05-26|MLB|pitcher_strikeouts|name:joe ryan|under|6.5|betmgm,2026-05-26,joe ryan,mlbam_player:657746,mlbam_player:657746,657746,mlbam_player,joe ryan,MLB,pitcher_strikeouts,player_prop,pitcher_k,MIN,CWS,BetMGM,betmgm,57c63aa916ea5b39518da155c32b24ee,Under,under,6.5,-175,MLB|pitcher_strikeouts|name:joe ryan|under|6.5,MLB|pitcher_strikeouts|name:joe ryan|under|6.5|betmgm,ridge_challenger,challenger,single_stage_direct_count_regression_ridge_shadow_alpha_0.01,mlb_pitcher_props_policy_v1,5.549516044490077,5.549516044490077,2.433951906112409,8.665080182867746,3.115564138377668,0.9504839555099228,False,,,,9,,,2026-05-27T10:46:56.053157-04:00,current_workflow
2026-05-26|ridge_challenger|2026-05-26|MLB|pitcher_strikeouts|name:sean burke|over|4.5|fanduel,2026-05-26|MLB|pitcher_strikeouts|name:sean burke|over|4.5|fanduel,2026-05-26,sean burke,mlbam_player:680732,mlbam_player:680732,680732,mlbam_player,sean burke,MLB,pitcher_strikeouts,player_prop,pitcher_k,CWS,MIN,FanDuel,fanduel,57c63aa916ea5b39518da155c32b24ee,Over,over,4.5,-152,MLB|pitcher_strikeouts|name:sean burke|over|4.5,MLB|pitcher_strikeouts|name:sean burke|over|4.5|fanduel,ridge_challenger,challenger,single_stage_direct_count_regression_ridge_shadow_alpha_0.01,mlb_pitcher_props_policy_v1,5.848413877654853,5.848413877654853,2.675113559518219,9.021714195791484,3.1733003181366337,1.3484138776548529,False,,,,8,,,2026-05-27T10:46:56.053157-04:00,current_workflow
2026-05-26|ridge_challenger|2026-05-26|MLB|pitcher_strikeouts|name:sean burke|under|4.5|fanduel,2026-05-26|MLB|pitcher_strikeouts|name:sean burke|under|4.5|fanduel,2026-05-26,sean burke,mlbam_player:680732,mlbam_player:680732,680732,mlbam_player,sean burke,MLB,pitcher_strikeouts,player_prop,pitcher_k,CWS,MIN,FanDuel,fanduel,57c63aa916ea5b39518da155c32b24ee,Under,under,4.5,124,MLB|pitcher_strikeouts|name:sean burke|under|4.5,MLB|pitcher_strikeouts|name:sean burke|under|4.5|fanduel,ridge_challenger,challenger,single_stage_direct_count_regression_ridge_shadow_alpha_0.01,mlb_pitcher_props_policy_v1,5.848413877654853,5.848413877654853,2.675113559518219,9.021714195791484,3.1733003181366337,-1.3484138776548529,False,,,,8,,,2026-05-27T10:46:56.053157-04:00,current_workflow
2026-05-26|ridge_challenger|2026-05-26|MLB|pitcher_strikeouts|name:sean burke|over|4.5|draftkings,2026-05-26|MLB|pitcher_strikeouts|name:sean burke|over|4.5|draftkings,2026-05-26,sean burke,mlbam_player:680732,mlbam_player:680732,680732,mlbam_player,sean burke,MLB,pitcher_strikeouts,player_prop,pitcher_k,CWS,MIN,DraftKings,draftkings,57c63aa916ea5b39518da155c32b24ee,Over,over,4.5,-149,MLB|pitcher_strikeouts|name:sean burke|over|4.5,MLB|pitcher_strikeouts|name:sean burke|over|4.5|draftkings,ridge_challenger,challenger,single_stage_direct_count_regression_ridge_shadow_alpha_0.01,mlb_pitcher_props_policy_v1,5.848413877654853,5.848413877654853,2.675113559518219,9.021714195791484,3.1733003181366337,1.3484138776548529,False,,,,8,,,2026-05-27T10:46:56.053157-04:00,current_workflow
2026-05-26|ridge_challenger|2026-05-26|MLB|pitcher_strikeouts|name:sean burke|under|4.5|draftkings,2026-05-26|MLB|pitcher_strikeouts|name:sean burke|under|4.5|draftkings,2026-05-26,sean burke,mlbam_player:680732,mlbam_player:680732,680732,mlbam_player,sean burke,MLB,pitcher_strikeouts,player_prop,pitcher_k,CWS,MIN,DraftKings,draftkings,57c63aa916ea5b39518da155c32b24ee,Under,under,4.5,117,MLB|pitcher_strikeouts|name:sean burke|under|4.5,MLB|pitcher_strikeouts|name:sean burke|under|4.5|draftkings,ridge_challenger,challenger,single_stage_direct_count_regression_ridge_shadow_alpha_0.01,mlb_pitcher_props_policy_v1,5.848413877654853,5.848413877654853,2.675113559518219,9.021714195791484,3.1733003181366337,-1.3484138776548529,False,,,,8,,,2026-05-27T10:46:56.053157-04:00,current_workflow
2026-05-26|ridge_challenger|2026-05-26|MLB|pitcher_strikeouts|name:sean burke|over|4.5|betmgm,2026-05-26|MLB|pitcher_strikeouts|name:sean burke|over|4.5|betmgm,2026-05-26,sean burke,mlbam_player:680732,mlbam_player:680732,680732,mlbam_player,sean burke,MLB,pitcher_strikeouts,player_prop,pitcher_k,CWS,MIN,BetMGM,betmgm,57c63aa916ea5b39518da155c32b24ee,Over,over,4.5,-145,MLB|pitcher_strikeouts|name:sean burke|over|4.5,MLB|pitcher_strikeouts|name:sean burke|over|4.5|betmgm,ridge_challenger,challenger,single_stage_direct_count_regression_ridge_shadow_alpha_0.01,mlb_pitcher_props_policy_v1,5.848413877654853,5.848413877654853,2.675113559518219,9.021714195791484,3.1733003181366337,1.3484138776548529,True,6.0,official,high,8,W,0.6896551724137931,2026-05-27T10:46:56.053157-04:00,current_workflow
2026-05-26|ridge_challenger|2026-05-26|MLB|pitcher_strikeouts|name:sean burke|under|4.5|betmgm,2026-05-26|MLB|pitcher_strikeouts|name:sean burke|under|4.5|betmgm,2026-05-26,sean burke,mlbam_player:680732,mlbam_player:680732,680732,mlbam_player,sean burke,MLB,pitcher_strikeouts,player_prop,pitcher_k,CWS,MIN,BetMGM,betmgm,57c63aa916ea5b39518da155c32b24ee,Under,under,4.5,105,MLB|pitcher_strikeouts|name:sean burke|under|4.5,MLB|pitcher_strikeouts|name:sean burke|under|4.5|betmgm,ridge_challenger,challenger,single_stage_direct_count_regression_ridge_shadow_alpha_0.01,mlb_pitcher_props_policy_v1,5.848413877654853,5.848413877654853,2.675113559518219,9.021714195791484,3.1733003181366337,-1.3484138776548529,False,,,,8,,,2026-05-27T10:46:56.053157-04:00,current_workflow
2026-05-26|ridge_challenger|2026-05-26|MLB|pitcher_strikeouts|name:spencer strider|over|6.5|fanduel,2026-05-26|MLB|pitcher_strikeouts|name:spencer strider|over|6.5|fanduel,2026-05-26,spencer strider,mlbam_player:675911,mlbam_player:675911,675911,mlbam_player,spencer strider,MLB,pitcher_strikeouts,player_prop,pitcher_k,ATL,BOS,FanDuel,fanduel,990789f1b2f666667f7dad0fe7d8b8b8,Over,over,6.5,114,MLB|pitcher_strikeouts|name:spencer strider|over|6.5,MLB|pitcher_strikeouts|name:spencer strider|over|6.5|fanduel,ridge_challenger,challenger,single_stage_direct_count_regression_ridge_shadow_alpha_0.01,mlb_pitcher_props_policy_v1,4.814432364050645,4.814432364050645,1.4199935379631277,8.208871190138161,3.394438826087517,-1.6855676359493552,False,,,,5,,,2026-05-27T10:46:56.053157-04:00,current_workflow
2026-05-26|ridge_challenger|2026-05-26|MLB|pitcher_strikeouts|name:spencer strider|under|6.5|fanduel,2026-05-26|MLB|pitcher_strikeouts|name:spencer strider|under|6.5|fanduel,2026-05-26,spencer strider,mlbam_player:675911,mlbam_player:675911,675911,mlbam_player,spencer strider,MLB,pitcher_strikeouts,player_prop,pitcher_k,ATL,BOS,FanDuel,fanduel,990789f1b2f666667f7dad0fe7d8b8b8,Under,under,6.5,-152,MLB|pitcher_strikeouts|name:spencer strider|under|6.5,MLB|pitcher_strikeouts|name:spencer strider|under|6.5|fanduel,ridge_challenger,challenger,single_stage_direct_count_regression_ridge_shadow_alpha_0.01,mlb_pitcher_props_policy_v1,4.814432364050645,4.814432364050645,1.4199935379631277,8.208871190138161,3.394438826087517,1.6855676359493552,False,,,,5,,,2026-05-27T10:46:56.053157-04:00,current_workflow
2026-05-26|ridge_challenger|2026-05-26|MLB|pitcher_strikeouts|name:spencer strider|over|6.5|draftkings,2026-05-26|MLB|pitcher_strikeouts|name:spencer strider|over|6.5|draftkings,2026-05-26,spencer strider,mlbam_player:675911,mlbam_player:675911,675911,mlbam_player,spencer strider,MLB,pitcher_strikeouts,player_prop,pitcher_k,ATL,BOS,DraftKings,draftkings,990789f1b2f666667f7dad0fe7d8b8b8,Over,over,6.5,119,MLB|pitcher_strikeouts|name:spencer strider|over|6.5,MLB|pitcher_strikeouts|name:spencer strider|over|6.5|draftkings,ridge_challenger,challenger,single_stage_direct_count_regression_ridge_shadow_alpha_0.01,mlb_pitcher_props_policy_v1,4.814432364050645,4.814432364050645,1.4199935379631277,8.208871190138161,3.394438826087517,-1.6855676359493552,False,,,,5,,,2026-05-27T10:46:56.053157-04:00,current_workflow
2026-05-26|ridge_challenger|2026-05-26|MLB|pitcher_strikeouts|name:spencer strider|under|6.5|draftkings,2026-05-26|MLB|pitcher_strikeouts|name:spencer strider|under|6.5|draftkings,2026-05-26,spencer strider,mlbam_player:675911,mlbam_player:675911,675911,mlbam_player,spencer strider,MLB,pitcher_strikeouts,player_prop,pitcher_k,ATL,BOS,DraftKings,draftkings,990789f1b2f666667f7dad0fe7d8b8b8,Under,under,6.5,-152,MLB|pitcher_strikeouts|name:spencer strider|under|6.5,MLB|pitcher_strikeouts|name:spencer strider|under|6.5|draftkings,ridge_challenger,challenger,single_stage_direct_count_regression_ridge_shadow_alpha_0.01,mlb_pitcher_props_policy_v1,4.814432364050645,4.814432364050645,1.4199935379631277,8.208871190138161,3.394438826087517,1.6855676359493552,False,,,,5,,,2026-05-27T10:46:56.053157-04:00,current_workflow
2026-05-26|ridge_challenger|2026-05-26|MLB|pitcher_strikeouts|name:spencer strider|over|6.5|betmgm,2026-05-26|MLB|pitcher_strikeouts|name:spencer strider|over|6.5|betmgm,2026-05-26,spencer strider,mlbam_player:675911,mlbam_player:675911,675911,mlbam_player,spencer strider,MLB,pitcher_strikeouts,player_prop,pitcher_k,ATL,BOS,BetMGM,betmgm,990789f1b2f666667f7dad0fe7d8b8b8,Over,over,6.5,110,MLB|pitcher_strikeouts|name:spencer strider|over|6.5,MLB|pitcher_strikeouts|name:spencer strider|over|6.5|betmgm,ridge_challenger,challenger,single_stage_direct_count_regression_ridge_shadow_alpha_0.01,mlb_pitcher_props_policy_v1,4.814432364050645,4.814432364050645,1.4199935379631277,8.208871190138161,3.394438826087517,-1.6855676359493552,False,,,,5,,,2026-05-27T10:46:56.053157-04:00,current_workflow
2026-05-26|ridge_challenger|2026-05-26|MLB|pitcher_strikeouts|name:spencer strider|under|6.5|betmgm,2026-05-26|MLB|pitcher_strikeouts|name:spencer strider|under|6.5|betmgm,2026-05-26,spencer strider,mlbam_player:675911,mlbam_player:675911,675911,mlbam_player,spencer strider,MLB,pitcher_strikeouts,player_prop,pitcher_k,ATL,BOS,BetMGM,betmgm,990789f1b2f666667f7dad0fe7d8b8b8,Under,under,6.5,-150,MLB|pitcher_strikeouts|name:spencer strider|under|6.5,MLB|pitcher_strikeouts|name:spencer strider|under|6.5|betmgm,ridge_challenger,challenger,single_stage_direct_count_regression_ridge_shadow_alpha_0.01,mlb_pitcher_props_policy_v1,4.814432364050645,4.814432364050645,1.4199935379631277,8.208871190138161,3.394438826087517,1.6855676359493552,True,3.0,official,high,5,W,0.6666666666666666,2026-05-27T10:46:56.053157-04:00,current_workflow
2026-05-26|ridge_challenger|2026-05-26|MLB|pitcher_strikeouts|name:ranger suarez|over|4.5|fanduel,2026-05-26|MLB|pitcher_strikeouts|name:ranger suarez|over|4.5|fanduel,2026-05-26,ranger suarez,mlbam_player:624133,mlbam_player:624133,624133,mlbam_player,ranger suarez,MLB,pitcher_strikeouts,player_prop,pitcher_k,BOS,ATL,FanDuel,fanduel,990789f1b2f666667f7dad0fe7d8b8b8,Over,over,4.5,-108,MLB|pitcher_strikeouts|name:ranger suarez|over|4.5,MLB|pitcher_strikeouts|name:ranger suarez|over|4.5|fanduel,ridge_challenger,challenger,single_stage_direct_count_regression_ridge_shadow_alpha_0.01,mlb_pitcher_props_policy_v1,4.773939510941369,4.773939510941369,0.0,10.47773761248749,5.703798101546121,0.2739395109413687,False,,,,4,,,2026-05-27T10:46:56.053157-04:00,current_workflow
2026-05-26|ridge_challenger|2026-05-26|MLB|pitcher_strikeouts|name:ranger suarez|under|4.5|fanduel,2026-05-26|MLB|pitcher_strikeouts|name:ranger suarez|under|4.5|fanduel,2026-05-26,ranger suarez,mlbam_player:624133,mlbam_player:624133,624133,mlbam_player,ranger suarez,MLB,pitcher_strikeouts,player_prop,pitcher_k,BOS,ATL,FanDuel,fanduel,990789f1b2f666667f7dad0fe7d8b8b8,Under,under,4.5,-114,MLB|pitcher_strikeouts|name:ranger suarez|under|4.5,MLB|pitcher_strikeouts|name:ranger suarez|under|4.5|fanduel,ridge_challenger,challenger,single_stage_direct_count_regression_ridge_shadow_alpha_0.01,mlb_pitcher_props_policy_v1,4.773939510941369,4.773939510941369,0.0,10.47773761248749,5.703798101546121,-0.2739395109413687,False,,,,4,,,2026-05-27T10:46:56.053157-04:00,current_workflow
2026-05-26|ridge_challenger|2026-05-26|MLB|pitcher_strikeouts|name:ranger suarez|over|4.5|draftkings,2026-05-26|MLB|pitcher_strikeouts|name:ranger suarez|over|4.5|draftkings,2026-05-26,ranger suarez,mlbam_player:624133,mlbam_player:624133,624133,mlbam_player,ranger suarez,MLB,pitcher_strikeouts,player_prop,pitcher_k,BOS,ATL,DraftKings,draftkings,990789f1b2f666667f7dad0fe7d8b8b8,Over,over,4.5,-118,MLB|pitcher_strikeouts|name:ranger suarez|over|4.5,MLB|pitcher_strikeouts|name:ranger suarez|over|4.5|draftkings,ridge_challenger,challenger,single_stage_direct_count_regression_ridge_shadow_alpha_0.01,mlb_pitcher_props_policy_v1,4.773939510941369,4.773939510941369,0.0,10.47773761248749,5.703798101546121,0.2739395109413687,False,,,,4,,,2026-05-27T10:46:56.053157-04:00,current_workflow
2026-05-26|ridge_challenger|2026-05-26|MLB|pitcher_strikeouts|name:ranger suarez|under|4.5|draftkings,2026-05-26|MLB|pitcher_strikeouts|name:ranger suarez|under|4.5|draftkings,2026-05-26,ranger suarez,mlbam_player:624133,mlbam_player:624133,624133,mlbam_player,ranger suarez,MLB,pitcher_strikeouts,player_prop,pitcher_k,BOS,ATL,DraftKings,draftkings,990789f1b2f666667f7dad0fe7d8b8b8,Under,under,4.5,-108,MLB|pitcher_strikeouts|name:ranger suarez|under|4.5,MLB|pitcher_strikeouts|name:ranger suarez|under|4.5|draftkings,ridge_challenger,challenger,single_stage_direct_count_regression_ridge_shadow_alpha_0.01,mlb_pitcher_props_policy_v1,4.773939510941369,4.773939510941369,0.0,10.47773761248749,5.703798101546121,-0.2739395109413687,False,,,,4,,,2026-05-27T10:46:56.053157-04:00,current_workflow
2026-05-26|ridge_challenger|2026-05-26|MLB|pitcher_strikeouts|name:ranger suarez|over|4.5|betmgm,2026-05-26|MLB|pitcher_strikeouts|name:ranger suarez|over|4.5|betmgm,2026-05-26,ranger suarez,mlbam_player:624133,mlbam_player:624133,624133,mlbam_player,ranger suarez,MLB,pitcher_strikeouts,player_prop,pitcher_k,BOS,ATL,BetMGM,betmgm,990789f1b2f666667f7dad0fe7d8b8b8,Over,over,4.5,-105,MLB|pitcher_strikeouts|name:ranger suarez|over|4.5,MLB|pitcher_strikeouts|name:ranger suarez|over|4.5|betmgm,ridge_challenger,challenger,single_stage_direct_count_regression_ridge_shadow_alpha_0.01,mlb_pitcher_props_policy_v1,4.773939510941369,4.773939510941369,0.0,10.47773761248749,5.703798101546121,0.2739395109413687,False,,,,4,,,2026-05-27T10:46:56.053157-04:00,current_workflow
2026-05-26|ridge_challenger|2026-05-26|MLB|pitcher_strikeouts|name:ranger suarez|under|4.5|betmgm,2026-05-26|MLB|pitcher_strikeouts|name:ranger suarez|under|4.5|betmgm,2026-05-26,ranger suarez,mlbam_player:624133,mlbam_player:624133,624133,mlbam_player,ranger suarez,MLB,pitcher_strikeouts,player_prop,pitcher_k,BOS,ATL,BetMGM,betmgm,990789f1b2f666667f7dad0fe7d8b8b8,Under,under,4.5,-125,MLB|pitcher_strikeouts|name:ranger suarez|under|4.5,MLB|pitcher_strikeouts|name:ranger suarez|under|4.5|betmgm,ridge_challenger,challenger,single_stage_direct_count_regression_ridge_shadow_alpha_0.01,mlb_pitcher_props_policy_v1,4.773939510941369,4.773939510941369,0.0,10.47773761248749,5.703798101546121,-0.2739395109413687,False,,,,4,,,2026-05-27T10:46:56.053157-04:00,current_workflow
2026-05-26|ridge_challenger|2026-05-26|MLB|pitcher_strikeouts|name:shane baz|over|4.5|fanduel,2026-05-26|MLB|pitcher_strikeouts|name:shane baz|over|4.5|fanduel,2026-05-26,shane baz,mlbam_player:669358,mlbam_player:669358,669358,mlbam_player,shane baz,MLB,pitcher_strikeouts,player_prop,pitcher_k,BAL,TB,FanDuel,fanduel,3612f76561632387afb3c6779ef370b1,Over,over,4.5,-118,MLB|pitcher_strikeouts|name:shane baz|over|4.5,MLB|pitcher_strikeouts|name:shane baz|over|4.5|fanduel,ridge_challenger,challenger,single_stage_direct_count_regression_ridge_shadow_alpha_0.01,mlb_pitcher_props_policy_v1,5.433655222460977,5.433655222460977,2.245135151213133,8.622175293708821,3.188520071247844,0.9336552224609768,True,8.0,official,medium,9,W,0.847457627118644,2026-05-27T10:46:56.053157-04:00,current_workflow
2026-05-26|ridge_challenger|2026-05-26|MLB|pitcher_strikeouts|name:shane baz|under|4.5|fanduel,2026-05-26|MLB|pitcher_strikeouts|name:shane baz|under|4.5|fanduel,2026-05-26,shane baz,mlbam_player:669358,mlbam_player:669358,669358,mlbam_player,shane baz,MLB,pitcher_strikeouts,player_prop,pitcher_k,BAL,TB,FanDuel,fanduel,3612f76561632387afb3c6779ef370b1,Under,under,4.5,-104,MLB|pitcher_strikeouts|name:shane baz|under|4.5,MLB|pitcher_strikeouts|name:shane baz|under|4.5|fanduel,ridge_challenger,challenger,single_stage_direct_count_regression_ridge_shadow_alpha_0.01,mlb_pitcher_props_policy_v1,5.433655222460977,5.433655222460977,2.245135151213133,8.622175293708821,3.188520071247844,-0.9336552224609768,False,,,,9,,,2026-05-27T10:46:56.053157-04:00,current_workflow
2026-05-26|ridge_challenger|2026-05-26|MLB|pitcher_strikeouts|name:shane baz|over|4.5|draftkings,2026-05-26|MLB|pitcher_strikeouts|name:shane baz|over|4.5|draftkings,2026-05-26,shane baz,mlbam_player:669358,mlbam_player:669358,669358,mlbam_player,shane baz,MLB,pitcher_strikeouts,player_prop,pitcher_k,BAL,TB,DraftKings,draftkings,3612f76561632387afb3c6779ef370b1,Over,over,4.5,-131,MLB|pitcher_strikeouts|name:shane baz|over|4.5,MLB|pitcher_strikeouts|name:shane baz|over|4.5|draftkings,ridge_challenger,challenger,single_stage_direct_count_regression_ridge_shadow_alpha_0.01,mlb_pitcher_props_policy_v1,5.433655222460977,5.433655222460977,2.245135151213133,8.622175293708821,3.188520071247844,0.9336552224609768,False,,,,9,,,2026-05-27T10:46:56.053157-04:00,current_workflow
2026-05-26|ridge_challenger|2026-05-26|MLB|pitcher_strikeouts|name:shane baz|under|4.5|draftkings,2026-05-26|MLB|pitcher_strikeouts|name:shane baz|under|4.5|draftkings,2026-05-26,shane baz,mlbam_player:669358,mlbam_player:669358,669358,mlbam_player,shane baz,MLB,pitcher_strikeouts,player_prop,pitcher_k,BAL,TB,DraftKings,draftkings,3612f76561632387afb3c6779ef370b1,Under,under,4.5,102,MLB|pitcher_strikeouts|name:shane baz|under|4.5,MLB|pitcher_strikeouts|name:shane baz|under|4.5|draftkings,ridge_challenger,challenger,single_stage_direct_count_regression_ridge_shadow_alpha_0.01,mlb_pitcher_props_policy_v1,5.433655222460977,5.433655222460977,2.245135151213133,8.622175293708821,3.188520071247844,-0.9336552224609768,False,,,,9,,,2026-05-27T10:46:56.053157-04:00,current_workflow
2026-05-26|ridge_challenger|2026-05-26|MLB|pitcher_strikeouts|name:shane baz|over|4.5|betmgm,2026-05-26|MLB|pitcher_strikeouts|name:shane baz|over|4.5|betmgm,2026-05-26,shane baz,mlbam_player:669358,mlbam_player:669358,669358,mlbam_player,shane baz,MLB,pitcher_strikeouts,player_prop,pitcher_k,BAL,TB,BetMGM,betmgm,3612f76561632387afb3c6779ef370b1,Over,over,4.5,-135,MLB|pitcher_strikeouts|name:shane baz|over|4.5,MLB|pitcher_strikeouts|name:shane baz|over|4.5|betmgm,ridge_challenger,challenger,single_stage_direct_count_regression_ridge_shadow_alpha_0.01,mlb_pitcher_props_policy_v1,5.433655222460977,5.433655222460977,2.245135151213133,8.622175293708821,3.188520071247844,0.9336552224609768,False,,,,9,,,2026-05-27T10:46:56.053157-04:00,current_workflow
2026-05-26|ridge_challenger|2026-05-26|MLB|pitcher_strikeouts|name:shane baz|under|4.5|betmgm,2026-05-26|MLB|pitcher_strikeouts|name:shane baz|under|4.5|betmgm,2026-05-26,shane baz,mlbam_player:669358,mlbam_player:669358,669358,mlbam_player,shane baz,MLB,pitcher_strikeouts,player_prop,pitcher_k,BAL,TB,BetMGM,betmgm,3612f76561632387afb3c6779ef370b1,Under,under,4.5,100,MLB|pitcher_strikeouts|name:shane baz|under|4.5,MLB|pitcher_strikeouts|name:shane baz|under|4.5|betmgm,ridge_challenger,challenger,single_stage_direct_count_regression_ridge_shadow_alpha_0.01,mlb_pitcher_props_policy_v1,5.433655222460977,5.433655222460977,2.245135151213133,8.622175293708821,3.188520071247844,-0.9336552224609768,False,,,,9,,,2026-05-27T10:46:56.053157-04:00,current_workflow
2026-05-26|ridge_challenger|2026-05-26|MLB|pitcher_strikeouts|name:emerson hancock|over|4.5|fanduel,2026-05-26|MLB|pitcher_strikeouts|name:emerson hancock|over|4.5|fanduel,2026-05-26,emerson hancock,mlbam_player:676106,mlbam_player:676106,676106,mlbam_player,emerson hancock,MLB,pitcher_strikeouts,player_prop,pitcher_k,SEA,ATH,FanDuel,fanduel,a688baa4f466d96e091e81af30a03a59,Over,over,4.5,-132,MLB|pitcher_strikeouts|name:emerson hancock|over|4.5,MLB|pitcher_strikeouts|name:emerson hancock|over|4.5|fanduel,ridge_challenger,challenger,single_stage_direct_count_regression_ridge_shadow_alpha_0.01,mlb_pitcher_props_policy_v1,4.535773083880987,4.535773083880987,1.8590073415797688,7.212538826182206,2.676765742301218,0.0357730838809873,False,,,,3,,,2026-05-27T10:46:56.053157-04:00,current_workflow
2026-05-26|ridge_challenger|2026-05-26|MLB|pitcher_strikeouts|name:emerson hancock|under|4.5|fanduel,2026-05-26|MLB|pitcher_strikeouts|name:emerson hancock|under|4.5|fanduel,2026-05-26,emerson hancock,mlbam_player:676106,mlbam_player:676106,676106,mlbam_player,emerson hancock,MLB,pitcher_strikeouts,player_prop,pitcher_k,SEA,ATH,FanDuel,fanduel,a688baa4f466d96e091e81af30a03a59,Under,under,4.5,100,MLB|pitcher_strikeouts|name:emerson hancock|under|4.5,MLB|pitcher_strikeouts|name:emerson hancock|under|4.5|fanduel,ridge_challenger,challenger,single_stage_direct_count_regression_ridge_shadow_alpha_0.01,mlb_pitcher_props_policy_v1,4.535773083880987,4.535773083880987,1.8590073415797688,7.212538826182206,2.676765742301218,-0.0357730838809873,False,,,,3,,,2026-05-27T10:46:56.053157-04:00,current_workflow
2026-05-26|ridge_challenger|2026-05-26|MLB|pitcher_strikeouts|name:emerson hancock|over|4.5|draftkings,2026-05-26|MLB|pitcher_strikeouts|name:emerson hancock|over|4.5|draftkings,2026-05-26,emerson hancock,mlbam_player:676106,mlbam_player:676106,676106,mlbam_player,emerson hancock,MLB,pitcher_strikeouts,player_prop,pitcher_k,SEA,ATH,DraftKings,draftkings,a688baa4f466d96e091e81af30a03a59,Over,over,4.5,-123,MLB|pitcher_strikeouts|name:emerson hancock|over|4.5,MLB|pitcher_strikeouts|name:emerson hancock|over|4.5|draftkings,ridge_challenger,challenger,single_stage_direct_count_regression_ridge_shadow_alpha_0.01,mlb_pitcher_props_policy_v1,4.535773083880987,4.535773083880987,1.8590073415797688,7.212538826182206,2.676765742301218,0.0357730838809873,False,,,,3,,,2026-05-27T10:46:56.053157-04:00,current_workflow
2026-05-26|ridge_challenger|2026-05-26|MLB|pitcher_strikeouts|name:emerson hancock|under|4.5|draftkings,2026-05-26|MLB|pitcher_strikeouts|name:emerson hancock|under|4.5|draftkings,2026-05-26,emerson hancock,mlbam_player:676106,mlbam_player:676106,676106,mlbam_player,emerson hancock,MLB,pitcher_strikeouts,player_prop,pitcher_k,SEA,ATH,DraftKings,draftkings,a688baa4f466d96e091e81af30a03a59,Under,under,4.5,-103,MLB|pitcher_strikeouts|name:emerson hancock|under|4.5,MLB|pitcher_strikeouts|name:emerson hancock|under|4.5|draftkings,ridge_challenger,challenger,single_stage_direct_count_regression_ridge_shadow_alpha_0.01,mlb_pitcher_props_policy_v1,4.535773083880987,4.535773083880987,1.8590073415797688,7.212538826182206,2.676765742301218,-0.0357730838809873,False,,,,3,,,2026-05-27T10:46:56.053157-04:00,current_workflow
2026-05-26|ridge_challenger|2026-05-26|MLB|pitcher_strikeouts|name:emerson hancock|over|4.5|betmgm,2026-05-26|MLB|pitcher_strikeouts|name:emerson hancock|over|4.5|betmgm,2026-05-26,emerson hancock,mlbam_player:676106,mlbam_player:676106,676106,mlbam_player,emerson hancock,MLB,pitcher_strikeouts,player_prop,pitcher_k,SEA,ATH,BetMGM,betmgm,a688baa4f466d96e091e81af30a03a59,Over,over,4.5,-135,MLB|pitcher_strikeouts|name:emerson hancock|over|4.5,MLB|pitcher_strikeouts|name:emerson hancock|over|4.5|betmgm,ridge_challenger,challenger,single_stage_direct_count_regression_ridge_shadow_alpha_0.01,mlb_pitcher_props_policy_v1,4.535773083880987,4.535773083880987,1.8590073415797688,7.212538826182206,2.676765742301218,0.0357730838809873,False,,,,3,,,2026-05-27T10:46:56.053157-04:00,current_workflow
2026-05-26|ridge_challenger|2026-05-26|MLB|pitcher_strikeouts|name:emerson hancock|under|4.5|betmgm,2026-05-26|MLB|pitcher_strikeouts|name:emerson hancock|under|4.5|betmgm,2026-05-26,emerson hancock,mlbam_player:676106,mlbam_player:676106,676106,mlbam_player,emerson hancock,MLB,pitcher_strikeouts,player_prop,pitcher_k,SEA,ATH,BetMGM,betmgm,a688baa4f466d96e091e81af30a03a59,Under,under,4.5,100,MLB|pitcher_strikeouts|name:emerson hancock|under|4.5,MLB|pitcher_strikeouts|name:emerson hancock|under|4.5|betmgm,ridge_challenger,challenger,single_stage_direct_count_regression_ridge_shadow_alpha_0.01,mlb_pitcher_props_policy_v1,4.535773083880987,4.535773083880987,1.8590073415797688,7.212538826182206,2.676765742301218,-0.0357730838809873,False,,,,3,,,2026-05-27T10:46:56.053157-04:00,current_workflow
2026-05-26|ridge_challenger|2026-05-26|MLB|pitcher_strikeouts|name:luis severino|over|5.5|fanduel,2026-05-26|MLB|pitcher_strikeouts|name:luis severino|over|5.5|fanduel,2026-05-26,luis severino,mlbam_player:622663,mlbam_player:622663,622663,mlbam_player,luis severino,MLB,pitcher_strikeouts,player_prop,pitcher_k,ATH,SEA,FanDuel,fanduel,a688baa4f466d96e091e81af30a03a59,Over,over,5.5,100,MLB|pitcher_strikeouts|name:luis severino|over|5.5,MLB|pitcher_strikeouts|name:luis severino|over|5.5|fanduel,ridge_challenger,challenger,single_stage_direct_count_regression_ridge_shadow_alpha_0.01,mlb_pitcher_props_policy_v1,5.543461482035129,5.543461482035129,2.3969728722236208,8.689950091846637,3.146488609811508,0.0434614820351288,False,,,,,,,,current_workflow
2026-05-26|ridge_challenger|2026-05-26|MLB|pitcher_strikeouts|name:luis severino|under|5.5|fanduel,2026-05-26|MLB|pitcher_strikeouts|name:luis severino|under|5.5|fanduel,2026-05-26,luis severino,mlbam_player:622663,mlbam_player:622663,622663,mlbam_player,luis severino,MLB,pitcher_strikeouts,player_prop,pitcher_k,ATH,SEA,FanDuel,fanduel,a688baa4f466d96e091e81af30a03a59,Under,under,5.5,-122,MLB|pitcher_strikeouts|name:luis severino|under|5.5,MLB|pitcher_strikeouts|name:luis severino|under|5.5|fanduel,ridge_challenger,challenger,single_stage_direct_count_regression_ridge_shadow_alpha_0.01,mlb_pitcher_props_policy_v1,5.543461482035129,5.543461482035129,2.3969728722236208,8.689950091846637,3.146488609811508,-0.0434614820351288,False,,,,,,,,current_workflow
2026-05-26|ridge_challenger|2026-05-26|MLB|pitcher_strikeouts|name:luis severino|over|5.5|draftkings,2026-05-26|MLB|pitcher_strikeouts|name:luis severino|over|5.5|draftkings,2026-05-26,luis severino,mlbam_player:622663,mlbam_player:622663,622663,mlbam_player,luis severino,MLB,pitcher_strikeouts,player_prop,pitcher_k,ATH,SEA,DraftKings,draftkings,a688baa4f466d96e091e81af30a03a59,Over,over,5.5,103,MLB|pitcher_strikeouts|name:luis severino|over|5.5,MLB|pitcher_strikeouts|name:luis severino|over|5.5|draftkings,ridge_challenger,challenger,single_stage_direct_count_regression_ridge_shadow_alpha_0.01,mlb_pitcher_props_policy_v1,5.543461482035129,5.543461482035129,2.3969728722236208,8.689950091846637,3.146488609811508,0.0434614820351288,False,,,,,,,,current_workflow
2026-05-26|ridge_challenger|2026-05-26|MLB|pitcher_strikeouts|name:luis severino|under|5.5|draftkings,2026-05-26|MLB|pitcher_strikeouts|name:luis severino|under|5.5|draftkings,2026-05-26,luis severino,mlbam_player:622663,mlbam_player:622663,622663,mlbam_player,luis severino,MLB,pitcher_strikeouts,player_prop,pitcher_k,ATH,SEA,DraftKings,draftkings,a688baa4f466d96e091e81af30a03a59,Under,under,5.5,-131,MLB|pitcher_strikeouts|name:luis severino|under|5.5,MLB|pitcher_strikeouts|name:luis severino|under|5.5|draftkings,ridge_challenger,challenger,single_stage_direct_count_regression_ridge_shadow_alpha_0.01,mlb_pitcher_props_policy_v1,5.543461482035129,5.543461482035129,2.3969728722236208,8.689950091846637,3.146488609811508,-0.0434614820351288,False,,,,,,,,current_workflow
2026-05-26|ridge_challenger|2026-05-26|MLB|pitcher_strikeouts|name:luis severino|over|5.5|betmgm,2026-05-26|MLB|pitcher_strikeouts|name:luis severino|over|5.5|betmgm,2026-05-26,luis severino,mlbam_player:622663,mlbam_player:622663,622663,mlbam_player,luis severino,MLB,pitcher_strikeouts,player_prop,pitcher_k,ATH,SEA,BetMGM,betmgm,a688baa4f466d96e091e81af30a03a59,Over,over,5.5,100,MLB|pitcher_strikeouts|name:luis severino|over|5.5,MLB|pitcher_strikeouts|name:luis severino|over|5.5|betmgm,ridge_challenger,challenger,single_stage_direct_count_regression_ridge_shadow_alpha_0.01,mlb_pitcher_props_policy_v1,5.543461482035129,5.543461482035129,2.3969728722236208,8.689950091846637,3.146488609811508,0.0434614820351288,False,,,,,,,,current_workflow
2026-05-26|ridge_challenger|2026-05-26|MLB|pitcher_strikeouts|name:luis severino|under|5.5|betmgm,2026-05-26|MLB|pitcher_strikeouts|name:luis severino|under|5.5|betmgm,2026-05-26,luis severino,mlbam_player:622663,mlbam_player:622663,622663,mlbam_player,luis severino,MLB,pitcher_strikeouts,player_prop,pitcher_k,ATH,SEA,BetMGM,betmgm,a688baa4f466d96e091e81af30a03a59,Under,under,5.5,-135,MLB|pitcher_strikeouts|name:luis severino|under|5.5,MLB|pitcher_strikeouts|name:luis severino|under|5.5|betmgm,ridge_challenger,challenger,single_stage_direct_count_regression_ridge_shadow_alpha_0.01,mlb_pitcher_props_policy_v1,5.543461482035129,5.543461482035129,2.3969728722236208,8.689950091846637,3.146488609811508,-0.0434614820351288,False,,,,,,,,current_workflow
2026-05-27|xgboost_champion|2026-05-27|MLB|pitcher_strikeouts|name:eury perez|over|5.5|fanduel,2026-05-27|MLB|pitcher_strikeouts|name:eury perez|over|5.5|fanduel,2026-05-27,eury perez,mlbam_player:691587,mlbam_player:691587,691587,mlbam_player,eury perez,MLB,pitcher_strikeouts,player_prop,pitcher_k,MIA,TOR,FanDuel,fanduel,6dd8c66f2fcc65059e5f099901f4a42b,Over,over,5.5,120,MLB|pitcher_strikeouts|name:eury perez|over|5.5,MLB|pitcher_strikeouts|name:eury perez|over|5.5|fanduel,xgboost_champion,champion,pitcher_k_model_v1,mlb_pitcher_props_policy_v1,5.326361656188965,5.326361656188965,0.8710696973248027,9.781653615053129,4.455291958864162,-0.1736383438110351,False,,,,9,,,2026-05-28T11:42:47.951871-04:00,current_workflow
2026-05-27|xgboost_champion|2026-05-27|MLB|pitcher_strikeouts|name:eury perez|under|5.5|fanduel,2026-05-27|MLB|pitcher_strikeouts|name:eury perez|under|5.5|fanduel,2026-05-27,eury perez,mlbam_player:691587,mlbam_player:691587,691587,mlbam_player,eury perez,MLB,pitcher_strikeouts,player_prop,pitcher_k,MIA,TOR,FanDuel,fanduel,6dd8c66f2fcc65059e5f099901f4a42b,Under,under,5.5,-160,MLB|pitcher_strikeouts|name:eury perez|under|5.5,MLB|pitcher_strikeouts|name:eury perez|under|5.5|fanduel,xgboost_champion,champion,pitcher_k_model_v1,mlb_pitcher_props_policy_v1,5.326361656188965,5.326361656188965,0.8710696973248027,9.781653615053129,4.455291958864162,0.1736383438110351,False,,,,9,,,2026-05-28T11:42:47.951871-04:00,current_workflow
2026-05-27|xgboost_champion|2026-05-27|MLB|pitcher_strikeouts|name:eury perez|over|5.5|draftkings,2026-05-27|MLB|pitcher_strikeouts|name:eury perez|over|5.5|draftkings,2026-05-27,eury perez,mlbam_player:691587,mlbam_player:691587,691587,mlbam_player,eury perez,MLB,pitcher_strikeouts,player_prop,pitcher_k,MIA,TOR,DraftKings,draftkings,6dd8c66f2fcc65059e5f099901f4a42b,Over,over,5.5,126,MLB|pitcher_strikeouts|name:eury perez|over|5.5,MLB|pitcher_strikeouts|name:eury perez|over|5.5|draftkings,xgboost_champion,champion,pitcher_k_model_v1,mlb_pitcher_props_policy_v1,5.326361656188965,5.326361656188965,0.8710696973248027,9.781653615053129,4.455291958864162,-0.1736383438110351,False,,,,9,,,2026-05-28T11:42:47.951871-04:00,current_workflow
2026-05-27|xgboost_champion|2026-05-27|MLB|pitcher_strikeouts|name:eury perez|under|5.5|draftkings,2026-05-27|MLB|pitcher_strikeouts|name:eury perez|under|5.5|draftkings,2026-05-27,eury perez,mlbam_player:691587,mlbam_player:691587,691587,mlbam_player,eury perez,MLB,pitcher_strikeouts,player_prop,pitcher_k,MIA,TOR,DraftKings,draftkings,6dd8c66f2fcc65059e5f099901f4a42b,Under,under,5.5,-161,MLB|pitcher_strikeouts|name:eury perez|under|5.5,MLB|pitcher_strikeouts|name:eury perez|under|5.5|draftkings,xgboost_champion,champion,pitcher_k_model_v1,mlb_pitcher_props_policy_v1,5.326361656188965,5.326361656188965,0.8710696973248027,9.781653615053129,4.455291958864162,0.1736383438110351,False,,,,9,,,2026-05-28T11:42:47.951871-04:00,current_workflow
2026-05-27|xgboost_champion|2026-05-27|MLB|pitcher_strikeouts|name:eury perez|over|5.5|betmgm,2026-05-27|MLB|pitcher_strikeouts|name:eury perez|over|5.5|betmgm,2026-05-27,eury perez,mlbam_player:691587,mlbam_player:691587,691587,mlbam_player,eury perez,MLB,pitcher_strikeouts,player_prop,pitcher_k,MIA,TOR,BetMGM,betmgm,6dd8c66f2fcc65059e5f099901f4a42b,Over,over,5.5,110,MLB|pitcher_strikeouts|name:eury perez|over|5.5,MLB|pitcher_strikeouts|name:eury perez|over|5.5|betmgm,xgboost_champion,champion,pitcher_k_model_v1,mlb_pitcher_props_policy_v1,5.326361656188965,5.326361656188965,0.8710696973248027,9.781653615053129,4.455291958864162,-0.1736383438110351,False,,,,9,,,2026-05-28T11:42:47.951871-04:00,current_workflow
2026-05-27|xgboost_champion|2026-05-27|MLB|pitcher_strikeouts|name:eury perez|under|5.5|betmgm,2026-05-27|MLB|pitcher_strikeouts|name:eury perez|under|5.5|betmgm,2026-05-27,eury perez,mlbam_player:691587,mlbam_player:691587,691587,mlbam_player,eury perez,MLB,pitcher_strikeouts,player_prop,pitcher_k,MIA,TOR,BetMGM,betmgm,6dd8c66f2fcc65059e5f099901f4a42b,Under,under,5.5,-150,MLB|pitcher_strikeouts|name:eury perez|under|5.5,MLB|pitcher_strikeouts|name:eury perez|under|5.5|betmgm,xgboost_champion,champion,pitcher_k_model_v1,mlb_pitcher_props_policy_v1,5.326361656188965,5.326361656188965,0.8710696973248027,9.781653615053129,4.455291958864162,0.1736383438110351,False,,,,9,,,2026-05-28T11:42:47.951871-04:00,current_workflow
2026-05-27|xgboost_champion|2026-05-27|MLB|pitcher_strikeouts|name:kevin gausman|over|5.5|fanduel,2026-05-27|MLB|pitcher_strikeouts|name:kevin gausman|over|5.5|fanduel,2026-05-27,kevin gausman,mlbam_player:592332,mlbam_player:592332,592332,mlbam_player,kevin gausman,MLB,pitcher_strikeouts,player_prop,pitcher_k,TOR,MIA,FanDuel,fanduel,6dd8c66f2fcc65059e5f099901f4a42b,Over,over,5.5,-110,MLB|pitcher_strikeouts|name:kevin gausman|over|5.5,MLB|pitcher_strikeouts|name:kevin gausman|over|5.5|fanduel,xgboost_champion,champion,pitcher_k_model_v1,mlb_pitcher_props_policy_v1,5.773649215698242,5.773649215698242,2.970850159721187,8.576448271675297,2.802799055977056,0.2736492156982422,False,,,,5,,,2026-05-28T11:42:47.951871-04:00,current_workflow
2026-05-27|xgboost_champion|2026-05-27|MLB|pitcher_strikeouts|name:kevin gausman|under|5.5|fanduel,2026-05-27|MLB|pitcher_strikeouts|name:kevin gausman|under|5.5|fanduel,2026-05-27,kevin gausman,mlbam_player:592332,mlbam_player:592332,592332,mlbam_player,kevin gausman,MLB,pitcher_strikeouts,player_prop,pitcher_k,TOR,MIA,FanDuel,fanduel,6dd8c66f2fcc65059e5f099901f4a42b,Under,under,5.5,-110,MLB|pitcher_strikeouts|name:kevin gausman|under|5.5,MLB|pitcher_strikeouts|name:kevin gausman|under|5.5|fanduel,xgboost_champion,champion,pitcher_k_model_v1,mlb_pitcher_props_policy_v1,5.773649215698242,5.773649215698242,2.970850159721187,8.576448271675297,2.802799055977056,-0.2736492156982422,False,,,,5,,,2026-05-28T11:42:47.951871-04:00,current_workflow
2026-05-27|xgboost_champion|2026-05-27|MLB|pitcher_strikeouts|name:kevin gausman|over|5.5|draftkings,2026-05-27|MLB|pitcher_strikeouts|name:kevin gausman|over|5.5|draftkings,2026-05-27,kevin gausman,mlbam_player:592332,mlbam_player:592332,592332,mlbam_player,kevin gausman,MLB,pitcher_strikeouts,player_prop,pitcher_k,TOR,MIA,DraftKings,draftkings,6dd8c66f2fcc65059e5f099901f4a42b,Over,over,5.5,-111,MLB|pitcher_strikeouts|name:kevin gausman|over|5.5,MLB|pitcher_strikeouts|name:kevin gausman|over|5.5|draftkings,xgboost_champion,champion,pitcher_k_model_v1,mlb_pitcher_props_policy_v1,5.773649215698242,5.773649215698242,2.970850159721187,8.576448271675297,2.802799055977056,0.2736492156982422,False,,,,5,,,2026-05-28T11:42:47.951871-04:00,current_workflow
2026-05-27|xgboost_champion|2026-05-27|MLB|pitcher_strikeouts|name:kevin gausman|under|5.5|draftkings,2026-05-27|MLB|pitcher_strikeouts|name:kevin gausman|under|5.5|draftkings,2026-05-27,kevin gausman,mlbam_player:592332,mlbam_player:592332,592332,mlbam_player,kevin gausman,MLB,pitcher_strikeouts,player_prop,pitcher_k,TOR,MIA,DraftKings,draftkings,6dd8c66f2fcc65059e5f099901f4a42b,Under,under,5.5,-115,MLB|pitcher_strikeouts|name:kevin gausman|under|5.5,MLB|pitcher_strikeouts|name:kevin gausman|under|5.5|draftkings,xgboost_champion,champion,pitcher_k_model_v1,mlb_pitcher_props_policy_v1,5.773649215698242,5.773649215698242,2.970850159721187,8.576448271675297,2.802799055977056,-0.2736492156982422,False,,,,5,,,2026-05-28T11:42:47.951871-04:00,current_workflow
2026-05-27|xgboost_champion|2026-05-27|MLB|pitcher_strikeouts|name:kevin gausman|over|6.5|betmgm,2026-05-27|MLB|pitcher_strikeouts|name:kevin gausman|over|6.5|betmgm,2026-05-27,kevin gausman,mlbam_player:592332,mlbam_player:592332,592332,mlbam_player,kevin gausman,MLB,pitcher_strikeouts,player_prop,pitcher_k,TOR,MIA,BetMGM,betmgm,6dd8c66f2fcc65059e5f099901f4a42b,Over,over,6.5,135,MLB|pitcher_strikeouts|name:kevin gausman|over|6.5,MLB|pitcher_strikeouts|name:kevin gausman|over|6.5|betmgm,xgboost_champion,champion,pitcher_k_model_v1,mlb_pitcher_props_policy_v1,5.773649215698242,5.773649215698242,2.970850159721187,8.576448271675297,2.802799055977056,-0.7263507843017578,False,,,,5,,,2026-05-28T11:42:47.951871-04:00,current_workflow
2026-05-27|xgboost_champion|2026-05-27|MLB|pitcher_strikeouts|name:kevin gausman|under|6.5|betmgm,2026-05-27|MLB|pitcher_strikeouts|name:kevin gausman|under|6.5|betmgm,2026-05-27,kevin gausman,mlbam_player:592332,mlbam_player:592332,592332,mlbam_player,kevin gausman,MLB,pitcher_strikeouts,player_prop,pitcher_k,TOR,MIA,BetMGM,betmgm,6dd8c66f2fcc65059e5f099901f4a42b,Under,under,6.5,-185,MLB|pitcher_strikeouts|name:kevin gausman|under|6.5,MLB|pitcher_strikeouts|name:kevin gausman|under|6.5|betmgm,xgboost_champion,champion,pitcher_k_model_v1,mlb_pitcher_props_policy_v1,5.773649215698242,5.773649215698242,2.970850159721187,8.576448271675297,2.802799055977056,0.7263507843017578,True,10.0,lean,low,5,W,0.5405405405405406,2026-05-28T11:42:47.951871-04:00,current_workflow
2026-05-27|xgboost_champion|2026-05-27|MLB|pitcher_strikeouts|name:mike burrows|over|4.5|fanduel,2026-05-27|MLB|pitcher_strikeouts|name:mike burrows|over|4.5|fanduel,2026-05-27,mike burrows,mlbam_player:681347,mlbam_player:681347,681347,mlbam_player,mike burrows,MLB,pitcher_strikeouts,player_prop,pitcher_k,HOU,TEX,FanDuel,fanduel,228dd3c2e156b75b9ed49b10de2e6765,Over,over,4.5,-104,MLB|pitcher_strikeouts|name:mike burrows|over|4.5,MLB|pitcher_strikeouts|name:mike burrows|over|4.5|fanduel,xgboost_champion,champion,pitcher_k_model_v1,mlb_pitcher_props_policy_v1,4.571132183074951,4.571132183074951,1.905138502380733,7.237125863769169,2.665993680694218,0.0711321830749511,False,,,,6,,,2026-05-28T11:42:47.951871-04:00,current_workflow
2026-05-27|xgboost_champion|2026-05-27|MLB|pitcher_strikeouts|name:mike burrows|under|4.5|fanduel,2026-05-27|MLB|pitcher_strikeouts|name:mike burrows|under|4.5|fanduel,2026-05-27,mike burrows,mlbam_player:681347,mlbam_player:681347,681347,mlbam_player,mike burrows,MLB,pitcher_strikeouts,player_prop,pitcher_k,HOU,TEX,FanDuel,fanduel,228dd3c2e156b75b9ed49b10de2e6765,Under,under,4.5,-125,MLB|pitcher_strikeouts|name:mike burrows|under|4.5,MLB|pitcher_strikeouts|name:mike burrows|under|4.5|fanduel,xgboost_champion,champion,pitcher_k_model_v1,mlb_pitcher_props_policy_v1,4.571132183074951,4.571132183074951,1.905138502380733,7.237125863769169,2.665993680694218,-0.0711321830749511,False,,,,6,,,2026-05-28T11:42:47.951871-04:00,current_workflow
2026-05-27|xgboost_champion|2026-05-27|MLB|pitcher_strikeouts|name:mike burrows|over|4.5|draftkings,2026-05-27|MLB|pitcher_strikeouts|name:mike burrows|over|4.5|draftkings,2026-05-27,mike burrows,mlbam_player:681347,mlbam_player:681347,681347,mlbam_player,mike burrows,MLB,pitcher_strikeouts,player_prop,pitcher_k,HOU,TEX,DraftKings,draftkings,228dd3c2e156b75b9ed49b10de2e6765,Over,over,4.5,-105,MLB|pitcher_strikeouts|name:mike burrows|over|4.5,MLB|pitcher_strikeouts|name:mike burrows|over|4.5|draftkings,xgboost_champion,champion,pitcher_k_model_v1,mlb_pitcher_props_policy_v1,4.571132183074951,4.571132183074951,1.905138502380733,7.237125863769169,2.665993680694218,0.0711321830749511,False,,,,6,,,2026-05-28T11:42:47.951871-04:00,current_workflow
2026-05-27|xgboost_champion|2026-05-27|MLB|pitcher_strikeouts|name:mike burrows|under|4.5|draftkings,2026-05-27|MLB|pitcher_strikeouts|name:mike burrows|under|4.5|draftkings,2026-05-27,mike burrows,mlbam_player:681347,mlbam_player:681347,681347,mlbam_player,mike burrows,MLB,pitcher_strikeouts,player_prop,pitcher_k,HOU,TEX,DraftKings,draftkings,228dd3c2e156b75b9ed49b10de2e6765,Under,under,4.5,-122,MLB|pitcher_strikeouts|name:mike burrows|under|4.5,MLB|pitcher_strikeouts|name:mike burrows|under|4.5|draftkings,xgboost_champion,champion,pitcher_k_model_v1,mlb_pitcher_props_policy_v1,4.571132183074951,4.571132183074951,1.905138502380733,7.237125863769169,2.665993680694218,-0.0711321830749511,False,,,,6,,,2026-05-28T11:42:47.951871-04:00,current_workflow
2026-05-27|xgboost_champion|2026-05-27|MLB|pitcher_strikeouts|name:mike burrows|over|4.5|betmgm,2026-05-27|MLB|pitcher_strikeouts|name:mike burrows|over|4.5|betmgm,2026-05-27,mike burrows,mlbam_player:681347,mlbam_player:681347,681347,mlbam_player,mike burrows,MLB,pitcher_strikeouts,player_prop,pitcher_k,HOU,TEX,BetMGM,betmgm,228dd3c2e156b75b9ed49b10de2e6765,Over,over,4.5,-135,MLB|pitcher_strikeouts|name:mike burrows|over|4.5,MLB|pitcher_strikeouts|name:mike burrows|over|4.5|betmgm,xgboost_champion,champion,pitcher_k_model_v1,mlb_pitcher_props_policy_v1,4.571132183074951,4.571132183074951,1.905138502380733,7.237125863769169,2.665993680694218,0.0711321830749511,False,,,,6,,,2026-05-28T11:42:47.951871-04:00,current_workflow
2026-05-27|xgboost_champion|2026-05-27|MLB|pitcher_strikeouts|name:mike burrows|under|4.5|betmgm,2026-05-27|MLB|pitcher_strikeouts|name:mike burrows|under|4.5|betmgm,2026-05-27,mike burrows,mlbam_player:681347,mlbam_player:681347,681347,mlbam_player,mike burrows,MLB,pitcher_strikeouts,player_prop,pitcher_k,HOU,TEX,BetMGM,betmgm,228dd3c2e156b75b9ed49b10de2e6765,Under,under,4.5,100,MLB|pitcher_strikeouts|name:mike burrows|under|4.5,MLB|pitcher_strikeouts|name:mike burrows|under|4.5|betmgm,xgboost_champion,champion,pitcher_k_model_v1,mlb_pitcher_props_policy_v1,4.571132183074951,4.571132183074951,1.905138502380733,7.237125863769169,2.665993680694218,-0.0711321830749511,False,,,,6,,,2026-05-28T11:42:47.951871-04:00,current_workflow
2026-05-27|xgboost_champion|2026-05-27|MLB|pitcher_strikeouts|name:jacob degrom|over|6.5|fanduel,2026-05-27|MLB|pitcher_strikeouts|name:jacob degrom|over|6.5|fanduel,2026-05-27,jacob degrom,mlbam_player:594798,mlbam_player:594798,594798,mlbam_player,jacob degrom,MLB,pitcher_strikeouts,player_prop,pitcher_k,TEX,HOU,FanDuel,fanduel,228dd3c2e156b75b9ed49b10de2e6765,Over,over,6.5,-115,MLB|pitcher_strikeouts|name:jacob degrom|over|6.5,MLB|pitcher_strikeouts|name:jacob degrom|over|6.5|fanduel,xgboost_champion,champion,pitcher_k_model_v1,mlb_pitcher_props_policy_v1,6.282997131347656,6.282997131347656,3.4594209262302336,9.10657333646508,2.8235762051174227,-0.2170028686523437,False,,,,6,,,2026-05-28T11:42:47.951871-04:00,current_workflow
2026-05-27|xgboost_champion|2026-05-27|MLB|pitcher_strikeouts|name:jacob degrom|under|6.5|fanduel,2026-05-27|MLB|pitcher_strikeouts|name:jacob degrom|under|6.5|fanduel,2026-05-27,jacob degrom,mlbam_player:594798,mlbam_player:594798,594798,mlbam_player,jacob degrom,MLB,pitcher_strikeouts,player_prop,pitcher_k,TEX,HOU,FanDuel,fanduel,228dd3c2e156b75b9ed49b10de2e6765,Under,under,6.5,-105,MLB|pitcher_strikeouts|name:jacob degrom|under|6.5,MLB|pitcher_strikeouts|name:jacob degrom|under|6.5|fanduel,xgboost_champion,champion,pitcher_k_model_v1,mlb_pitcher_props_policy_v1,6.282997131347656,6.282997131347656,3.4594209262302336,9.10657333646508,2.8235762051174227,0.2170028686523437,False,,,,6,,,2026-05-28T11:42:47.951871-04:00,current_workflow
2026-05-27|xgboost_champion|2026-05-27|MLB|pitcher_strikeouts|name:jacob degrom|over|6.5|draftkings,2026-05-27|MLB|pitcher_strikeouts|name:jacob degrom|over|6.5|draftkings,2026-05-27,jacob degrom,mlbam_player:594798,mlbam_player:594798,594798,mlbam_player,jacob degrom,MLB,pitcher_strikeouts,player_prop,pitcher_k,TEX,HOU,DraftKings,draftkings,228dd3c2e156b75b9ed49b10de2e6765,Over,over,6.5,-112,MLB|pitcher_strikeouts|name:jacob degrom|over|6.5,MLB|pitcher_strikeouts|name:jacob degrom|over|6.5|draftkings,xgboost_champion,champion,pitcher_k_model_v1,mlb_pitcher_props_policy_v1,6.282997131347656,6.282997131347656,3.4594209262302336,9.10657333646508,2.8235762051174227,-0.2170028686523437,False,,,,6,,,2026-05-28T11:42:47.951871-04:00,current_workflow
2026-05-27|xgboost_champion|2026-05-27|MLB|pitcher_strikeouts|name:jacob degrom|under|6.5|draftkings,2026-05-27|MLB|pitcher_strikeouts|name:jacob degrom|under|6.5|draftkings,2026-05-27,jacob degrom,mlbam_player:594798,mlbam_player:594798,594798,mlbam_player,jacob degrom,MLB,pitcher_strikeouts,player_prop,pitcher_k,TEX,HOU,DraftKings,draftkings,228dd3c2e156b75b9ed49b10de2e6765,Under,under,6.5,-114,MLB|pitcher_strikeouts|name:jacob degrom|under|6.5,MLB|pitcher_strikeouts|name:jacob degrom|under|6.5|draftkings,xgboost_champion,champion,pitcher_k_model_v1,mlb_pitcher_props_policy_v1,6.282997131347656,6.282997131347656,3.4594209262302336,9.10657333646508,2.8235762051174227,0.2170028686523437,False,,,,6,,,2026-05-28T11:42:47.951871-04:00,current_workflow
2026-05-27|xgboost_champion|2026-05-27|MLB|pitcher_strikeouts|name:jacob degrom|over|6.5|betmgm,2026-05-27|MLB|pitcher_strikeouts|name:jacob degrom|over|6.5|betmgm,2026-05-27,jacob degrom,mlbam_player:594798,mlbam_player:594798,594798,mlbam_player,jacob degrom,MLB,pitcher_strikeouts,player_prop,pitcher_k,TEX,HOU,BetMGM,betmgm,228dd3c2e156b75b9ed49b10de2e6765,Over,over,6.5,-135,MLB|pitcher_strikeouts|name:jacob degrom|over|6.5,MLB|pitcher_strikeouts|name:jacob degrom|over|6.5|betmgm,xgboost_champion,champion,pitcher_k_model_v1,mlb_pitcher_props_policy_v1,6.282997131347656,6.282997131347656,3.4594209262302336,9.10657333646508,2.8235762051174227,-0.2170028686523437,False,,,,6,,,2026-05-28T11:42:47.951871-04:00,current_workflow
2026-05-27|xgboost_champion|2026-05-27|MLB|pitcher_strikeouts|name:jacob degrom|under|6.5|betmgm,2026-05-27|MLB|pitcher_strikeouts|name:jacob degrom|under|6.5|betmgm,2026-05-27,jacob degrom,mlbam_player:594798,mlbam_player:594798,594798,mlbam_player,jacob degrom,MLB,pitcher_strikeouts,player_prop,pitcher_k,TEX,HOU,BetMGM,betmgm,228dd3c2e156b75b9ed49b10de2e6765,Under,under,6.5,100,MLB|pitcher_strikeouts|name:jacob degrom|under|6.5,MLB|pitcher_strikeouts|name:jacob degrom|under|6.5|betmgm,xgboost_champion,champion,pitcher_k_model_v1,mlb_pitcher_props_policy_v1,6.282997131347656,6.282997131347656,3.4594209262302336,9.10657333646508,2.8235762051174227,0.2170028686523437,False,,,,6,,,2026-05-28T11:42:47.951871-04:00,current_workflow
2026-05-27|xgboost_champion|2026-05-27|MLB|pitcher_strikeouts|name:michael soroka|over|5.5|fanduel,2026-05-27|MLB|pitcher_strikeouts|name:michael soroka|over|5.5|fanduel,2026-05-27,michael soroka,mlbam_player:647336,mlbam_player:647336,647336,mlbam_player,michael soroka,MLB,pitcher_strikeouts,player_prop,pitcher_k,AZ,SF,FanDuel,fanduel,0bf247d0cff39f586755507c71b2d50c,Over,over,5.5,118,MLB|pitcher_strikeouts|name:michael soroka|over|5.5,MLB|pitcher_strikeouts|name:michael soroka|over|5.5|fanduel,xgboost_champion,champion,pitcher_k_model_v1,mlb_pitcher_props_policy_v1,5.387290000915527,5.387290000915527,2.147286389009354,8.6272936128217,3.240003611906173,-0.1127099990844726,False,,,,3,,,2026-05-28T11:42:47.951871-04:00,current_workflow
2026-05-27|xgboost_champion|2026-05-27|MLB|pitcher_strikeouts|name:michael soroka|under|5.5|fanduel,2026-05-27|MLB|pitcher_strikeouts|name:michael soroka|under|5.5|fanduel,2026-05-27,michael soroka,mlbam_player:647336,mlbam_player:647336,647336,mlbam_player,michael soroka,MLB,pitcher_strikeouts,player_prop,pitcher_k,AZ,SF,FanDuel,fanduel,0bf247d0cff39f586755507c71b2d50c,Under,under,5.5,-158,MLB|pitcher_strikeouts|name:michael soroka|under|5.5,MLB|pitcher_strikeouts|name:michael soroka|under|5.5|fanduel,xgboost_champion,champion,pitcher_k_model_v1,mlb_pitcher_props_policy_v1,5.387290000915527,5.387290000915527,2.147286389009354,8.6272936128217,3.240003611906173,0.1127099990844726,False,,,,3,,,2026-05-28T11:42:47.951871-04:00,current_workflow
2026-05-27|xgboost_champion|2026-05-27|MLB|pitcher_strikeouts|name:michael soroka|over|5.5|draftkings,2026-05-27|MLB|pitcher_strikeouts|name:michael soroka|over|5.5|draftkings,2026-05-27,michael soroka,mlbam_player:647336,mlbam_player:647336,647336,mlbam_player,michael soroka,MLB,pitcher_strikeouts,player_prop,pitcher_k,AZ,SF,DraftKings,draftkings,0bf247d0cff39f586755507c71b2d50c,Over,over,5.5,119,MLB|pitcher_strikeouts|name:michael soroka|over|5.5,MLB|pitcher_strikeouts|name:michael soroka|over|5.5|draftkings,xgboost_champion,champion,pitcher_k_model_v1,mlb_pitcher_props_policy_v1,5.387290000915527,5.387290000915527,2.147286389009354,8.6272936128217,3.240003611906173,-0.1127099990844726,False,,,,3,,,2026-05-28T11:42:47.951871-04:00,current_workflow
2026-05-27|xgboost_champion|2026-05-27|MLB|pitcher_strikeouts|name:michael soroka|under|5.5|draftkings,2026-05-27|MLB|pitcher_strikeouts|name:michael soroka|under|5.5|draftkings,2026-05-27,michael soroka,mlbam_player:647336,mlbam_player:647336,647336,mlbam_player,michael soroka,MLB,pitcher_strikeouts,player_prop,pitcher_k,AZ,SF,DraftKings,draftkings,0bf247d0cff39f586755507c71b2d50c,Under,under,5.5,-153,MLB|pitcher_strikeouts|name:michael soroka|under|5.5,MLB|pitcher_strikeouts|name:michael soroka|under|5.5|draftkings,xgboost_champion,champion,pitcher_k_model_v1,mlb_pitcher_props_policy_v1,5.387290000915527,5.387290000915527,2.147286389009354,8.6272936128217,3.240003611906173,0.1127099990844726,False,,,,3,,,2026-05-28T11:42:47.951871-04:00,current_workflow
2026-05-27|xgboost_champion|2026-05-27|MLB|pitcher_strikeouts|name:michael soroka|over|5.5|betmgm,2026-05-27|MLB|pitcher_strikeouts|name:michael soroka|over|5.5|betmgm,2026-05-27,michael soroka,mlbam_player:647336,mlbam_player:647336,647336,mlbam_player,michael soroka,MLB,pitcher_strikeouts,player_prop,pitcher_k,AZ,SF,BetMGM,betmgm,0bf247d0cff39f586755507c71b2d50c,Over,over,5.5,100,MLB|pitcher_strikeouts|name:michael soroka|over|5.5,MLB|pitcher_strikeouts|name:michael soroka|over|5.5|betmgm,xgboost_champion,champion,pitcher_k_model_v1,mlb_pitcher_props_policy_v1,5.387290000915527,5.387290000915527,2.147286389009354,8.6272936128217,3.240003611906173,-0.1127099990844726,False,,,,3,,,2026-05-28T11:42:47.951871-04:00,current_workflow
2026-05-27|xgboost_champion|2026-05-27|MLB|pitcher_strikeouts|name:michael soroka|under|5.5|betmgm,2026-05-27|MLB|pitcher_strikeouts|name:michael soroka|under|5.5|betmgm,2026-05-27,michael soroka,mlbam_player:647336,mlbam_player:647336,647336,mlbam_player,michael soroka,MLB,pitcher_strikeouts,player_prop,pitcher_k,AZ,SF,BetMGM,betmgm,0bf247d0cff39f586755507c71b2d50c,Under,under,5.5,-135,MLB|pitcher_strikeouts|name:michael soroka|under|5.5,MLB|pitcher_strikeouts|name:michael soroka|under|5.5|betmgm,xgboost_champion,champion,pitcher_k_model_v1,mlb_pitcher_props_policy_v1,5.387290000915527,5.387290000915527,2.147286389009354,8.6272936128217,3.240003611906173,0.1127099990844726,False,,,,3,,,2026-05-28T11:42:47.951871-04:00,current_workflow
2026-05-27|xgboost_champion|2026-05-27|MLB|pitcher_strikeouts|name:cristopher sanchez|over|6.5|fanduel,2026-05-27|MLB|pitcher_strikeouts|name:cristopher sanchez|over|6.5|fanduel,2026-05-27,cristopher sanchez,mlbam_player:650911,mlbam_player:650911,650911,mlbam_player,cristopher sanchez,MLB,pitcher_strikeouts,player_prop,pitcher_k,PHI,SD,FanDuel,fanduel,37259b2bbe7415ecdf587502c33a932d,Over,over,6.5,-112,MLB|pitcher_strikeouts|name:cristopher sanchez|over|6.5,MLB|pitcher_strikeouts|name:cristopher sanchez|over|6.5|fanduel,xgboost_champion,champion,pitcher_k_model_v1,mlb_pitcher_props_policy_v1,6.310803890228272,6.310803890228272,3.0997941822868644,9.52181359816968,3.211009707941407,-0.1891961097717285,False,,,,9,,,2026-05-28T11:42:47.951871-04:00,current_workflow
2026-05-27|xgboost_champion|2026-05-27|MLB|pitcher_strikeouts|name:cristopher sanchez|under|6.5|fanduel,2026-05-27|MLB|pitcher_strikeouts|name:cristopher sanchez|under|6.5|fanduel,2026-05-27,cristopher sanchez,mlbam_player:650911,mlbam_player:650911,650911,mlbam_player,cristopher sanchez,MLB,pitcher_strikeouts,player_prop,pitcher_k,PHI,SD,FanDuel,fanduel,37259b2bbe7415ecdf587502c33a932d,Under,under,6.5,-118,MLB|pitcher_strikeouts|name:cristopher sanchez|under|6.5,MLB|pitcher_strikeouts|name:cristopher sanchez|under|6.5|fanduel,xgboost_champion,champion,pitcher_k_model_v1,mlb_pitcher_props_policy_v1,6.310803890228272,6.310803890228272,3.0997941822868644,9.52181359816968,3.211009707941407,0.1891961097717285,False,,,,9,,,2026-05-28T11:42:47.951871-04:00,current_workflow
2026-05-27|xgboost_champion|2026-05-27|MLB|pitcher_strikeouts|name:cristopher sanchez|over|6.5|draftkings,2026-05-27|MLB|pitcher_strikeouts|name:cristopher sanchez|over|6.5|draftkings,2026-05-27,cristopher sanchez,mlbam_player:650911,mlbam_player:650911,650911,mlbam_player,cristopher sanchez,MLB,pitcher_strikeouts,player_prop,pitcher_k,PHI,SD,DraftKings,draftkings,37259b2bbe7415ecdf587502c33a932d,Over,over,6.5,-116,MLB|pitcher_strikeouts|name:cristopher sanchez|over|6.5,MLB|pitcher_strikeouts|name:cristopher sanchez|over|6.5|draftkings,xgboost_champion,champion,pitcher_k_model_v1,mlb_pitcher_props_policy_v1,6.310803890228272,6.310803890228272,3.0997941822868644,9.52181359816968,3.211009707941407,-0.1891961097717285,False,,,,9,,,2026-05-28T11:42:47.951871-04:00,current_workflow
2026-05-27|xgboost_champion|2026-05-27|MLB|pitcher_strikeouts|name:cristopher sanchez|under|6.5|draftkings,2026-05-27|MLB|pitcher_strikeouts|name:cristopher sanchez|under|6.5|draftkings,2026-05-27,cristopher sanchez,mlbam_player:650911,mlbam_player:650911,650911,mlbam_player,cristopher sanchez,MLB,pitcher_strikeouts,player_prop,pitcher_k,PHI,SD,DraftKings,draftkings,37259b2bbe7415ecdf587502c33a932d,Under,under,6.5,-109,MLB|pitcher_strikeouts|name:cristopher sanchez|under|6.5,MLB|pitcher_strikeouts|name:cristopher sanchez|under|6.5|draftkings,xgboost_champion,champion,pitcher_k_model_v1,mlb_pitcher_props_policy_v1,6.310803890228272,6.310803890228272,3.0997941822868644,9.52181359816968,3.211009707941407,0.1891961097717285,False,,,,9,,,2026-05-28T11:42:47.951871-04:00,current_workflow
2026-05-27|xgboost_champion|2026-05-27|MLB|pitcher_strikeouts|name:cristopher sanchez|over|6.5|betmgm,2026-05-27|MLB|pitcher_strikeouts|name:cristopher sanchez|over|6.5|betmgm,2026-05-27,cristopher sanchez,mlbam_player:650911,mlbam_player:650911,650911,mlbam_player,cristopher sanchez,MLB,pitcher_strikeouts,player_prop,pitcher_k,PHI,SD,BetMGM,betmgm,37259b2bbe7415ecdf587502c33a932d,Over,over,6.5,-105,MLB|pitcher_strikeouts|name:cristopher sanchez|over|6.5,MLB|pitcher_strikeouts|name:cristopher sanchez|over|6.5|betmgm,xgboost_champion,champion,pitcher_k_model_v1,mlb_pitcher_props_policy_v1,6.310803890228272,6.310803890228272,3.0997941822868644,9.52181359816968,3.211009707941407,-0.1891961097717285,False,,,,9,,,2026-05-28T11:42:47.951871-04:00,current_workflow
2026-05-27|xgboost_champion|2026-05-27|MLB|pitcher_strikeouts|name:cristopher sanchez|under|6.5|betmgm,2026-05-27|MLB|pitcher_strikeouts|name:cristopher sanchez|under|6.5|betmgm,2026-05-27,cristopher sanchez,mlbam_player:650911,mlbam_player:650911,650911,mlbam_player,cristopher sanchez,MLB,pitcher_strikeouts,player_prop,pitcher_k,PHI,SD,BetMGM,betmgm,37259b2bbe7415ecdf587502c33a932d,Under,under,6.5,-130,MLB|pitcher_strikeouts|name:cristopher sanchez|under|6.5,MLB|pitcher_strikeouts|name:cristopher sanchez|under|6.5|betmgm,xgboost_champion,champion,pitcher_k_model_v1,mlb_pitcher_props_policy_v1,6.310803890228272,6.310803890228272,3.0997941822868644,9.52181359816968,3.211009707941407,0.1891961097717285,False,,,,9,,,2026-05-28T11:42:47.951871-04:00,current_workflow
2026-05-27|xgboost_champion|2026-05-27|MLB|pitcher_strikeouts|name:walker buehler|over|4.5|fanduel,2026-05-27|MLB|pitcher_strikeouts|name:walker buehler|over|4.5|fanduel,2026-05-27,walker buehler,mlbam_player:621111,mlbam_player:621111,621111,mlbam_player,walker buehler,MLB,pitcher_strikeouts,player_prop,pitcher_k,SD,PHI,FanDuel,fanduel,37259b2bbe7415ecdf587502c33a932d,Over,over,4.5,124,MLB|pitcher_strikeouts|name:walker buehler|over|4.5,MLB|pitcher_strikeouts|name:walker buehler|over|4.5|fanduel,xgboost_champion,champion,pitcher_k_model_v1,mlb_pitcher_props_policy_v1,3.88066291809082,3.88066291809082,2.0142167951076004,5.74710904107404,1.86644612298322,-0.6193370819091797,False,,,,2,,,2026-05-28T11:42:47.951871-04:00,current_workflow
2026-05-27|xgboost_champion|2026-05-27|MLB|pitcher_strikeouts|name:walker buehler|under|4.5|fanduel,2026-05-27|MLB|pitcher_strikeouts|name:walker buehler|under|4.5|fanduel,2026-05-27,walker buehler,mlbam_player:621111,mlbam_player:621111,621111,mlbam_player,walker buehler,MLB,pitcher_strikeouts,player_prop,pitcher_k,SD,PHI,FanDuel,fanduel,37259b2bbe7415ecdf587502c33a932d,Under,under,4.5,-152,MLB|pitcher_strikeouts|name:walker buehler|under|4.5,MLB|pitcher_strikeouts|name:walker buehler|under|4.5|fanduel,xgboost_champion,champion,pitcher_k_model_v1,mlb_pitcher_props_policy_v1,3.88066291809082,3.88066291809082,2.0142167951076004,5.74710904107404,1.86644612298322,0.6193370819091797,True,9.0,lean,low,2,W,0.6578947368421053,2026-05-28T11:42:47.951871-04:00,current_workflow
2026-05-27|xgboost_champion|2026-05-27|MLB|pitcher_strikeouts|name:walker buehler|over|4.5|draftkings,2026-05-27|MLB|pitcher_strikeouts|name:walker buehler|over|4.5|draftkings,2026-05-27,walker buehler,mlbam_player:621111,mlbam_player:621111,621111,mlbam_player,walker buehler,MLB,pitcher_strikeouts,player_prop,pitcher_k,SD,PHI,DraftKings,draftkings,37259b2bbe7415ecdf587502c33a932d,Over,over,4.5,129,MLB|pitcher_strikeouts|name:walker buehler|over|4.5,MLB|pitcher_strikeouts|name:walker buehler|over|4.5|draftkings,xgboost_champion,champion,pitcher_k_model_v1,mlb_pitcher_props_policy_v1,3.88066291809082,3.88066291809082,2.0142167951076004,5.74710904107404,1.86644612298322,-0.6193370819091797,False,,,,2,,,2026-05-28T11:42:47.951871-04:00,current_workflow
2026-05-27|xgboost_champion|2026-05-27|MLB|pitcher_strikeouts|name:walker buehler|under|4.5|draftkings,2026-05-27|MLB|pitcher_strikeouts|name:walker buehler|under|4.5|draftkings,2026-05-27,walker buehler,mlbam_player:621111,mlbam_player:621111,621111,mlbam_player,walker buehler,MLB,pitcher_strikeouts,player_prop,pitcher_k,SD,PHI,DraftKings,draftkings,37259b2bbe7415ecdf587502c33a932d,Under,under,4.5,-165,MLB|pitcher_strikeouts|name:walker buehler|under|4.5,MLB|pitcher_strikeouts|name:walker buehler|under|4.5|draftkings,xgboost_champion,champion,pitcher_k_model_v1,mlb_pitcher_props_policy_v1,3.88066291809082,3.88066291809082,2.0142167951076004,5.74710904107404,1.86644612298322,0.6193370819091797,False,,,,2,,,2026-05-28T11:42:47.951871-04:00,current_workflow
2026-05-27|xgboost_champion|2026-05-27|MLB|pitcher_strikeouts|name:walker buehler|over|4.5|betmgm,2026-05-27|MLB|pitcher_strikeouts|name:walker buehler|over|4.5|betmgm,2026-05-27,walker buehler,mlbam_player:621111,mlbam_player:621111,621111,mlbam_player,walker buehler,MLB,pitcher_strikeouts,player_prop,pitcher_k,SD,PHI,BetMGM,betmgm,37259b2bbe7415ecdf587502c33a932d,Over,over,4.5,125,MLB|pitcher_strikeouts|name:walker buehler|over|4.5,MLB|pitcher_strikeouts|name:walker buehler|over|4.5|betmgm,xgboost_champion,champion,pitcher_k_model_v1,mlb_pitcher_props_policy_v1,3.88066291809082,3.88066291809082,2.0142167951076004,5.74710904107404,1.86644612298322,-0.6193370819091797,False,,,,2,,,2026-05-28T11:42:47.951871-04:00,current_workflow
2026-05-27|xgboost_champion|2026-05-27|MLB|pitcher_strikeouts|name:walker buehler|under|4.5|betmgm,2026-05-27|MLB|pitcher_strikeouts|name:walker buehler|under|4.5|betmgm,2026-05-27,walker buehler,mlbam_player:621111,mlbam_player:621111,621111,mlbam_player,walker buehler,MLB,pitcher_strikeouts,player_prop,pitcher_k,SD,PHI,BetMGM,betmgm,37259b2bbe7415ecdf587502c33a932d,Under,under,4.5,-165,MLB|pitcher_strikeouts|name:walker buehler|under|4.5,MLB|pitcher_strikeouts|name:walker buehler|under|4.5|betmgm,xgboost_champion,champion,pitcher_k_model_v1,mlb_pitcher_props_policy_v1,3.88066291809082,3.88066291809082,2.0142167951076004,5.74710904107404,1.86644612298322,0.6193370819091797,False,,,,2,,,2026-05-28T11:42:47.951871-04:00,current_workflow
2026-05-27|xgboost_champion|2026-05-27|MLB|pitcher_strikeouts|name:jameson taillon|over|4.5|fanduel,2026-05-27|MLB|pitcher_strikeouts|name:jameson taillon|over|4.5|fanduel,2026-05-27,jameson taillon,mlbam_player:592791,mlbam_player:592791,592791,mlbam_player,jameson taillon,MLB,pitcher_strikeouts,player_prop,pitcher_k,CHC,PIT,FanDuel,fanduel,2b326f001d0f02dd0d2032f5291d9966,Over,over,4.5,-102,MLB|pitcher_strikeouts|name:jameson taillon|over|4.5,MLB|pitcher_strikeouts|name:jameson taillon|over|4.5|fanduel,xgboost_champion,champion,pitcher_k_model_v1,mlb_pitcher_props_policy_v1,4.396041870117188,4.396041870117188,1.4948692226866438,7.297214517547731,2.901172647430544,-0.1039581298828125,False,,,,4,,,2026-05-28T11:42:47.951871-04:00,current_workflow
2026-05-27|xgboost_champion|2026-05-27|MLB|pitcher_strikeouts|name:jameson taillon|under|4.5|fanduel,2026-05-27|MLB|pitcher_strikeouts|name:jameson taillon|under|4.5|fanduel,2026-05-27,jameson taillon,mlbam_player:592791,mlbam_player:592791,592791,mlbam_player,jameson taillon,MLB,pitcher_strikeouts,player_prop,pitcher_k,CHC,PIT,FanDuel,fanduel,2b326f001d0f02dd0d2032f5291d9966,Under,under,4.5,-130,MLB|pitcher_strikeouts|name:jameson taillon|under|4.5,MLB|pitcher_strikeouts|name:jameson taillon|under|4.5|fanduel,xgboost_champion,champion,pitcher_k_model_v1,mlb_pitcher_props_policy_v1,4.396041870117188,4.396041870117188,1.4948692226866438,7.297214517547731,2.901172647430544,0.1039581298828125,False,,,,4,,,2026-05-28T11:42:47.951871-04:00,current_workflow
2026-05-27|xgboost_champion|2026-05-27|MLB|pitcher_strikeouts|name:jameson taillon|over|4.5|draftkings,2026-05-27|MLB|pitcher_strikeouts|name:jameson taillon|over|4.5|draftkings,2026-05-27,jameson taillon,mlbam_player:592791,mlbam_player:592791,592791,mlbam_player,jameson taillon,MLB,pitcher_strikeouts,player_prop,pitcher_k,CHC,PIT,DraftKings,draftkings,2b326f001d0f02dd0d2032f5291d9966,Over,over,4.5,-107,MLB|pitcher_strikeouts|name:jameson taillon|over|4.5,MLB|pitcher_strikeouts|name:jameson taillon|over|4.5|draftkings,xgboost_champion,champion,pitcher_k_model_v1,mlb_pitcher_props_policy_v1,4.396041870117188,4.396041870117188,1.4948692226866438,7.297214517547731,2.901172647430544,-0.1039581298828125,False,,,,4,,,2026-05-28T11:42:47.951871-04:00,current_workflow
2026-05-27|xgboost_champion|2026-05-27|MLB|pitcher_strikeouts|name:jameson taillon|under|4.5|draftkings,2026-05-27|MLB|pitcher_strikeouts|name:jameson taillon|under|4.5|draftkings,2026-05-27,jameson taillon,mlbam_player:592791,mlbam_player:592791,592791,mlbam_player,jameson taillon,MLB,pitcher_strikeouts,player_prop,pitcher_k,CHC,PIT,DraftKings,draftkings,2b326f001d0f02dd0d2032f5291d9966,Under,under,4.5,-119,MLB|pitcher_strikeouts|name:jameson taillon|under|4.5,MLB|pitcher_strikeouts|name:jameson taillon|under|4.5|draftkings,xgboost_champion,champion,pitcher_k_model_v1,mlb_pitcher_props_policy_v1,4.396041870117188,4.396041870117188,1.4948692226866438,7.297214517547731,2.901172647430544,0.1039581298828125,False,,,,4,,,2026-05-28T11:42:47.951871-04:00,current_workflow
2026-05-27|xgboost_champion|2026-05-27|MLB|pitcher_strikeouts|name:jameson taillon|over|4.5|betmgm,2026-05-27|MLB|pitcher_strikeouts|name:jameson taillon|over|4.5|betmgm,2026-05-27,jameson taillon,mlbam_player:592791,mlbam_player:592791,592791,mlbam_player,jameson taillon,MLB,pitcher_strikeouts,player_prop,pitcher_k,CHC,PIT,BetMGM,betmgm,2b326f001d0f02dd0d2032f5291d9966,Over,over,4.5,-105,MLB|pitcher_strikeouts|name:jameson taillon|over|4.5,MLB|pitcher_strikeouts|name:jameson taillon|over|4.5|betmgm,xgboost_champion,champion,pitcher_k_model_v1,mlb_pitcher_props_policy_v1,4.396041870117188,4.396041870117188,1.4948692226866438,7.297214517547731,2.901172647430544,-0.1039581298828125,False,,,,4,,,2026-05-28T11:42:47.951871-04:00,current_workflow
2026-05-27|xgboost_champion|2026-05-27|MLB|pitcher_strikeouts|name:jameson taillon|under|4.5|betmgm,2026-05-27|MLB|pitcher_strikeouts|name:jameson taillon|under|4.5|betmgm,2026-05-27,jameson taillon,mlbam_player:592791,mlbam_player:592791,592791,mlbam_player,jameson taillon,MLB,pitcher_strikeouts,player_prop,pitcher_k,CHC,PIT,BetMGM,betmgm,2b326f001d0f02dd0d2032f5291d9966,Under,under,4.5,-125,MLB|pitcher_strikeouts|name:jameson taillon|under|4.5,MLB|pitcher_strikeouts|name:jameson taillon|under|4.5|betmgm,xgboost_champion,champion,pitcher_k_model_v1,mlb_pitcher_props_policy_v1,4.396041870117188,4.396041870117188,1.4948692226866438,7.297214517547731,2.901172647430544,0.1039581298828125,False,,,,4,,,2026-05-28T11:42:47.951871-04:00,current_workflow
2026-05-27|xgboost_champion|2026-05-27|MLB|pitcher_strikeouts|name:bubba chandler|over|4.5|fanduel,2026-05-27|MLB|pitcher_strikeouts|name:bubba chandler|over|4.5|fanduel,2026-05-27,bubba chandler,mlbam_player:696149,mlbam_player:696149,696149,mlbam_player,bubba chandler,MLB,pitcher_strikeouts,player_prop,pitcher_k,PIT,CHC,FanDuel,fanduel,2b326f001d0f02dd0d2032f5291d9966,Over,over,4.5,-110,MLB|pitcher_strikeouts|name:bubba chandler|over|4.5,MLB|pitcher_strikeouts|name:bubba chandler|over|4.5|fanduel,xgboost_champion,champion,pitcher_k_model_v1,mlb_pitcher_props_policy_v1,4.968456268310547,4.968456268310547,2.40241387496598,7.534498661655114,2.566042393344566,0.4684562683105469,False,,,,5,,,2026-05-28T11:42:47.951871-04:00,current_workflow
2026-05-27|xgboost_champion|2026-05-27|MLB|pitcher_strikeouts|name:bubba chandler|under|4.5|fanduel,2026-05-27|MLB|pitcher_strikeouts|name:bubba chandler|under|4.5|fanduel,2026-05-27,bubba chandler,mlbam_player:696149,mlbam_player:696149,696149,mlbam_player,bubba chandler,MLB,pitcher_strikeouts,player_prop,pitcher_k,PIT,CHC,FanDuel,fanduel,2b326f001d0f02dd0d2032f5291d9966,Under,under,4.5,-110,MLB|pitcher_strikeouts|name:bubba chandler|under|4.5,MLB|pitcher_strikeouts|name:bubba chandler|under|4.5|fanduel,xgboost_champion,champion,pitcher_k_model_v1,mlb_pitcher_props_policy_v1,4.968456268310547,4.968456268310547,2.40241387496598,7.534498661655114,2.566042393344566,-0.4684562683105469,False,,,,5,,,2026-05-28T11:42:47.951871-04:00,current_workflow
2026-05-27|xgboost_champion|2026-05-27|MLB|pitcher_strikeouts|name:bubba chandler|over|4.5|draftkings,2026-05-27|MLB|pitcher_strikeouts|name:bubba chandler|over|4.5|draftkings,2026-05-27,bubba chandler,mlbam_player:696149,mlbam_player:696149,696149,mlbam_player,bubba chandler,MLB,pitcher_strikeouts,player_prop,pitcher_k,PIT,CHC,DraftKings,draftkings,2b326f001d0f02dd0d2032f5291d9966,Over,over,4.5,-115,MLB|pitcher_strikeouts|name:bubba chandler|over|4.5,MLB|pitcher_strikeouts|name:bubba chandler|over|4.5|draftkings,xgboost_champion,champion,pitcher_k_model_v1,mlb_pitcher_props_policy_v1,4.968456268310547,4.968456268310547,2.40241387496598,7.534498661655114,2.566042393344566,0.4684562683105469,False,,,,5,,,2026-05-28T11:42:47.951871-04:00,current_workflow
2026-05-27|xgboost_champion|2026-05-27|MLB|pitcher_strikeouts|name:bubba chandler|under|4.5|draftkings,2026-05-27|MLB|pitcher_strikeouts|name:bubba chandler|under|4.5|draftkings,2026-05-27,bubba chandler,mlbam_player:696149,mlbam_player:696149,696149,mlbam_player,bubba chandler,MLB,pitcher_strikeouts,player_prop,pitcher_k,PIT,CHC,DraftKings,draftkings,2b326f001d0f02dd0d2032f5291d9966,Under,under,4.5,-111,MLB|pitcher_strikeouts|name:bubba chandler|under|4.5,MLB|pitcher_strikeouts|name:bubba chandler|under|4.5|draftkings,xgboost_champion,champion,pitcher_k_model_v1,mlb_pitcher_props_policy_v1,4.968456268310547,4.968456268310547,2.40241387496598,7.534498661655114,2.566042393344566,-0.4684562683105469,False,,,,5,,,2026-05-28T11:42:47.951871-04:00,current_workflow
2026-05-27|xgboost_champion|2026-05-27|MLB|pitcher_strikeouts|name:bubba chandler|over|4.5|betmgm,2026-05-27|MLB|pitcher_strikeouts|name:bubba chandler|over|4.5|betmgm,2026-05-27,bubba chandler,mlbam_player:696149,mlbam_player:696149,696149,mlbam_player,bubba chandler,MLB,pitcher_strikeouts,player_prop,pitcher_k,PIT,CHC,BetMGM,betmgm,2b326f001d0f02dd0d2032f5291d9966,Over,over,4.5,100,MLB|pitcher_strikeouts|name:bubba chandler|over|4.5,MLB|pitcher_strikeouts|name:bubba chandler|over|4.5|betmgm,xgboost_champion,champion,pitcher_k_model_v1,mlb_pitcher_props_policy_v1,4.968456268310547,4.968456268310547,2.40241387496598,7.534498661655114,2.566042393344566,0.4684562683105469,True,12.0,lean,low,5,W,1.0,2026-05-28T11:42:47.951871-04:00,current_workflow
2026-05-27|xgboost_champion|2026-05-27|MLB|pitcher_strikeouts|name:bubba chandler|under|4.5|betmgm,2026-05-27|MLB|pitcher_strikeouts|name:bubba chandler|under|4.5|betmgm,2026-05-27,bubba chandler,mlbam_player:696149,mlbam_player:696149,696149,mlbam_player,bubba chandler,MLB,pitcher_strikeouts,player_prop,pitcher_k,PIT,CHC,BetMGM,betmgm,2b326f001d0f02dd0d2032f5291d9966,Under,under,4.5,-135,MLB|pitcher_strikeouts|name:bubba chandler|under|4.5,MLB|pitcher_strikeouts|name:bubba chandler|under|4.5|betmgm,xgboost_champion,champion,pitcher_k_model_v1,mlb_pitcher_props_policy_v1,4.968456268310547,4.968456268310547,2.40241387496598,7.534498661655114,2.566042393344566,-0.4684562683105469,False,,,,5,,,2026-05-28T11:42:47.951871-04:00,current_workflow
2026-05-27|xgboost_champion|2026-05-27|MLB|pitcher_strikeouts|name:andrew abbott|over|4.5|fanduel,2026-05-27|MLB|pitcher_strikeouts|name:andrew abbott|over|4.5|fanduel,2026-05-27,andrew abbott,mlbam_player:671096,mlbam_player:671096,671096,mlbam_player,andrew abbott,MLB,pitcher_strikeouts,player_prop,pitcher_k,CIN,NYM,FanDuel,fanduel,ded9b9a083989d5a8249364b1eb5a293,Over,over,4.5,116,MLB|pitcher_strikeouts|name:andrew abbott|over|4.5,MLB|pitcher_strikeouts|name:andrew abbott|over|4.5|fanduel,xgboost_champion,champion,pitcher_k_model_v1,mlb_pitcher_props_policy_v1,5.035650253295898,5.035650253295898,2.4724916294350745,7.598808877156722,2.563158623860824,0.5356502532958984,False,,,,4,,,2026-05-28T11:42:47.951871-04:00,current_workflow
2026-05-27|xgboost_champion|2026-05-27|MLB|pitcher_strikeouts|name:andrew abbott|under|4.5|fanduel,2026-05-27|MLB|pitcher_strikeouts|name:andrew abbott|under|4.5|fanduel,2026-05-27,andrew abbott,mlbam_player:671096,mlbam_player:671096,671096,mlbam_player,andrew abbott,MLB,pitcher_strikeouts,player_prop,pitcher_k,CIN,NYM,FanDuel,fanduel,ded9b9a083989d5a8249364b1eb5a293,Under,under,4.5,-154,MLB|pitcher_strikeouts|name:andrew abbott|under|4.5,MLB|pitcher_strikeouts|name:andrew abbott|under|4.5|fanduel,xgboost_champion,champion,pitcher_k_model_v1,mlb_pitcher_props_policy_v1,5.035650253295898,5.035650253295898,2.4724916294350745,7.598808877156722,2.563158623860824,-0.5356502532958984,False,,,,4,,,2026-05-28T11:42:47.951871-04:00,current_workflow
2026-05-27|xgboost_champion|2026-05-27|MLB|pitcher_strikeouts|name:andrew abbott|over|4.5|draftkings,2026-05-27|MLB|pitcher_strikeouts|name:andrew abbott|over|4.5|draftkings,2026-05-27,andrew abbott,mlbam_player:671096,mlbam_player:671096,671096,mlbam_player,andrew abbott,MLB,pitcher_strikeouts,player_prop,pitcher_k,CIN,NYM,DraftKings,draftkings,ded9b9a083989d5a8249364b1eb5a293,Over,over,4.5,127,MLB|pitcher_strikeouts|name:andrew abbott|over|4.5,MLB|pitcher_strikeouts|name:andrew abbott|over|4.5|draftkings,xgboost_champion,champion,pitcher_k_model_v1,mlb_pitcher_props_policy_v1,5.035650253295898,5.035650253295898,2.4724916294350745,7.598808877156722,2.563158623860824,0.5356502532958984,True,8.0,lean,low,4,L,-1.0,2026-05-28T11:42:47.951871-04:00,current_workflow
2026-05-27|xgboost_champion|2026-05-27|MLB|pitcher_strikeouts|name:andrew abbott|under|4.5|draftkings,2026-05-27|MLB|pitcher_strikeouts|name:andrew abbott|under|4.5|draftkings,2026-05-27,andrew abbott,mlbam_player:671096,mlbam_player:671096,671096,mlbam_player,andrew abbott,MLB,pitcher_strikeouts,player_prop,pitcher_k,CIN,NYM,DraftKings,draftkings,ded9b9a083989d5a8249364b1eb5a293,Under,under,4.5,-163,MLB|pitcher_strikeouts|name:andrew abbott|under|4.5,MLB|pitcher_strikeouts|name:andrew abbott|under|4.5|draftkings,xgboost_champion,champion,pitcher_k_model_v1,mlb_pitcher_props_policy_v1,5.035650253295898,5.035650253295898,2.4724916294350745,7.598808877156722,2.563158623860824,-0.5356502532958984,False,,,,4,,,2026-05-28T11:42:47.951871-04:00,current_workflow
2026-05-27|xgboost_champion|2026-05-27|MLB|pitcher_strikeouts|name:andrew abbott|over|4.5|betmgm,2026-05-27|MLB|pitcher_strikeouts|name:andrew abbott|over|4.5|betmgm,2026-05-27,andrew abbott,mlbam_player:671096,mlbam_player:671096,671096,mlbam_player,andrew abbott,MLB,pitcher_strikeouts,player_prop,pitcher_k,CIN,NYM,BetMGM,betmgm,ded9b9a083989d5a8249364b1eb5a293,Over,over,4.5,105,MLB|pitcher_strikeouts|name:andrew abbott|over|4.5,MLB|pitcher_strikeouts|name:andrew abbott|over|4.5|betmgm,xgboost_champion,champion,pitcher_k_model_v1,mlb_pitcher_props_policy_v1,5.035650253295898,5.035650253295898,2.4724916294350745,7.598808877156722,2.563158623860824,0.5356502532958984,False,,,,4,,,2026-05-28T11:42:47.951871-04:00,current_workflow
2026-05-27|xgboost_champion|2026-05-27|MLB|pitcher_strikeouts|name:andrew abbott|under|4.5|betmgm,2026-05-27|MLB|pitcher_strikeouts|name:andrew abbott|under|4.5|betmgm,2026-05-27,andrew abbott,mlbam_player:671096,mlbam_player:671096,671096,mlbam_player,andrew abbott,MLB,pitcher_strikeouts,player_prop,pitcher_k,CIN,NYM,BetMGM,betmgm,ded9b9a083989d5a8249364b1eb5a293,Under,under,4.5,-140,MLB|pitcher_strikeouts|name:andrew abbott|under|4.5,MLB|pitcher_strikeouts|name:andrew abbott|under|4.5|betmgm,xgboost_champion,champion,pitcher_k_model_v1,mlb_pitcher_props_policy_v1,5.035650253295898,5.035650253295898,2.4724916294350745,7.598808877156722,2.563158623860824,-0.5356502532958984,False,,,,4,,,2026-05-28T11:42:47.951871-04:00,current_workflow
2026-05-27|xgboost_champion|2026-05-27|MLB|pitcher_strikeouts|name:dustin may|over|4.5|fanduel,2026-05-27|MLB|pitcher_strikeouts|name:dustin may|over|4.5|fanduel,2026-05-27,dustin may,mlbam_player:669160,mlbam_player:669160,669160,mlbam_player,dustin may,MLB,pitcher_strikeouts,player_prop,pitcher_k,STL,MIL,FanDuel,fanduel,08f2eded5b37b8a80dd09b88ff5a13bc,Over,over,4.5,-132,MLB|pitcher_strikeouts|name:dustin may|over|4.5,MLB|pitcher_strikeouts|name:dustin may|over|4.5|fanduel,xgboost_champion,champion,pitcher_k_model_v1,mlb_pitcher_props_policy_v1,4.591277122497559,4.591277122497559,1.2552789795229575,7.92727526547216,3.335998142974601,0.0912771224975586,False,,,,9,,,2026-05-28T11:42:47.951871-04:00,current_workflow
2026-05-27|xgboost_champion|2026-05-27|MLB|pitcher_strikeouts|name:dustin may|under|4.5|fanduel,2026-05-27|MLB|pitcher_strikeouts|name:dustin may|under|4.5|fanduel,2026-05-27,dustin may,mlbam_player:669160,mlbam_player:669160,669160,mlbam_player,dustin may,MLB,pitcher_strikeouts,player_prop,pitcher_k,STL,MIL,FanDuel,fanduel,08f2eded5b37b8a80dd09b88ff5a13bc,Under,under,4.5,100,MLB|pitcher_strikeouts|name:dustin may|under|4.5,MLB|pitcher_strikeouts|name:dustin may|under|4.5|fanduel,xgboost_champion,champion,pitcher_k_model_v1,mlb_pitcher_props_policy_v1,4.591277122497559,4.591277122497559,1.2552789795229575,7.92727526547216,3.335998142974601,-0.0912771224975586,False,,,,9,,,2026-05-28T11:42:47.951871-04:00,current_workflow
2026-05-27|xgboost_champion|2026-05-27|MLB|pitcher_strikeouts|name:dustin may|over|4.5|draftkings,2026-05-27|MLB|pitcher_strikeouts|name:dustin may|over|4.5|draftkings,2026-05-27,dustin may,mlbam_player:669160,mlbam_player:669160,669160,mlbam_player,dustin may,MLB,pitcher_strikeouts,player_prop,pitcher_k,STL,MIL,DraftKings,draftkings,08f2eded5b37b8a80dd09b88ff5a13bc,Over,over,4.5,-127,MLB|pitcher_strikeouts|name:dustin may|over|4.5,MLB|pitcher_strikeouts|name:dustin may|over|4.5|draftkings,xgboost_champion,champion,pitcher_k_model_v1,mlb_pitcher_props_policy_v1,4.591277122497559,4.591277122497559,1.2552789795229575,7.92727526547216,3.335998142974601,0.0912771224975586,False,,,,9,,,2026-05-28T11:42:47.951871-04:00,current_workflow
2026-05-27|xgboost_champion|2026-05-27|MLB|pitcher_strikeouts|name:dustin may|under|4.5|draftkings,2026-05-27|MLB|pitcher_strikeouts|name:dustin may|under|4.5|draftkings,2026-05-27,dustin may,mlbam_player:669160,mlbam_player:669160,669160,mlbam_player,dustin may,MLB,pitcher_strikeouts,player_prop,pitcher_k,STL,MIL,DraftKings,draftkings,08f2eded5b37b8a80dd09b88ff5a13bc,Under,under,4.5,-101,MLB|pitcher_strikeouts|name:dustin may|under|4.5,MLB|pitcher_strikeouts|name:dustin may|under|4.5|draftkings,xgboost_champion,champion,pitcher_k_model_v1,mlb_pitcher_props_policy_v1,4.591277122497559,4.591277122497559,1.2552789795229575,7.92727526547216,3.335998142974601,-0.0912771224975586,False,,,,9,,,2026-05-28T11:42:47.951871-04:00,current_workflow
2026-05-27|xgboost_champion|2026-05-27|MLB|pitcher_strikeouts|name:dustin may|over|4.5|betmgm,2026-05-27|MLB|pitcher_strikeouts|name:dustin may|over|4.5|betmgm,2026-05-27,dustin may,mlbam_player:669160,mlbam_player:669160,669160,mlbam_player,dustin may,MLB,pitcher_strikeouts,player_prop,pitcher_k,STL,MIL,BetMGM,betmgm,08f2eded5b37b8a80dd09b88ff5a13bc,Over,over,4.5,-135,MLB|pitcher_strikeouts|name:dustin may|over|4.5,MLB|pitcher_strikeouts|name:dustin may|over|4.5|betmgm,xgboost_champion,champion,pitcher_k_model_v1,mlb_pitcher_props_policy_v1,4.591277122497559,4.591277122497559,1.2552789795229575,7.92727526547216,3.335998142974601,0.0912771224975586,False,,,,9,,,2026-05-28T11:42:47.951871-04:00,current_workflow
2026-05-27|xgboost_champion|2026-05-27|MLB|pitcher_strikeouts|name:dustin may|under|4.5|betmgm,2026-05-27|MLB|pitcher_strikeouts|name:dustin may|under|4.5|betmgm,2026-05-27,dustin may,mlbam_player:669160,mlbam_player:669160,669160,mlbam_player,dustin may,MLB,pitcher_strikeouts,player_prop,pitcher_k,STL,MIL,BetMGM,betmgm,08f2eded5b37b8a80dd09b88ff5a13bc,Under,under,4.5,100,MLB|pitcher_strikeouts|name:dustin may|under|4.5,MLB|pitcher_strikeouts|name:dustin may|under|4.5|betmgm,xgboost_champion,champion,pitcher_k_model_v1,mlb_pitcher_props_policy_v1,4.591277122497559,4.591277122497559,1.2552789795229575,7.92727526547216,3.335998142974601,-0.0912771224975586,False,,,,9,,,2026-05-28T11:42:47.951871-04:00,current_workflow
2026-05-27|xgboost_champion|2026-05-27|MLB|pitcher_strikeouts|name:tomoyuki sugano|over|2.5|fanduel,2026-05-27|MLB|pitcher_strikeouts|name:tomoyuki sugano|over|2.5|fanduel,2026-05-27,tomoyuki sugano,mlbam_player:608372,mlbam_player:608372,608372,mlbam_player,tomoyuki sugano,MLB,pitcher_strikeouts,player_prop,pitcher_k,COL,LAD,FanDuel,fanduel,77b3529d80cffeb203543f5f2201f8ff,Over,over,2.5,-172,MLB|pitcher_strikeouts|name:tomoyuki sugano|over|2.5,MLB|pitcher_strikeouts|name:tomoyuki sugano|over|2.5|fanduel,xgboost_champion,champion,pitcher_k_model_v1,mlb_pitcher_props_policy_v1,3.954864978790283,3.954864978790283,1.8751290813698904,6.034600876210677,2.079735897420393,1.4548649787902832,False,,,,3,,,2026-05-28T11:42:47.951871-04:00,current_workflow
2026-05-27|xgboost_champion|2026-05-27|MLB|pitcher_strikeouts|name:tomoyuki sugano|under|2.5|fanduel,2026-05-27|MLB|pitcher_strikeouts|name:tomoyuki sugano|under|2.5|fanduel,2026-05-27,tomoyuki sugano,mlbam_player:608372,mlbam_player:608372,608372,mlbam_player,tomoyuki sugano,MLB,pitcher_strikeouts,player_prop,pitcher_k,COL,LAD,FanDuel,fanduel,77b3529d80cffeb203543f5f2201f8ff,Under,under,2.5,128,MLB|pitcher_strikeouts|name:tomoyuki sugano|under|2.5,MLB|pitcher_strikeouts|name:tomoyuki sugano|under|2.5|fanduel,xgboost_champion,champion,pitcher_k_model_v1,mlb_pitcher_props_policy_v1,3.954864978790283,3.954864978790283,1.8751290813698904,6.034600876210677,2.079735897420393,-1.4548649787902832,False,,,,3,,,2026-05-28T11:42:47.951871-04:00,current_workflow
2026-05-27|xgboost_champion|2026-05-27|MLB|pitcher_strikeouts|name:tomoyuki sugano|over|2.5|draftkings,2026-05-27|MLB|pitcher_strikeouts|name:tomoyuki sugano|over|2.5|draftkings,2026-05-27,tomoyuki sugano,mlbam_player:608372,mlbam_player:608372,608372,mlbam_player,tomoyuki sugano,MLB,pitcher_strikeouts,player_prop,pitcher_k,COL,LAD,DraftKings,draftkings,77b3529d80cffeb203543f5f2201f8ff,Over,over,2.5,-171,MLB|pitcher_strikeouts|name:tomoyuki sugano|over|2.5,MLB|pitcher_strikeouts|name:tomoyuki sugano|over|2.5|draftkings,xgboost_champion,champion,pitcher_k_model_v1,mlb_pitcher_props_policy_v1,3.954864978790283,3.954864978790283,1.8751290813698904,6.034600876210677,2.079735897420393,1.4548649787902832,True,2.0,official,high,3,W,0.5847953216374269,2026-05-28T11:42:47.951871-04:00,current_workflow
2026-05-27|xgboost_champion|2026-05-27|MLB|pitcher_strikeouts|name:tomoyuki sugano|under|2.5|draftkings,2026-05-27|MLB|pitcher_strikeouts|name:tomoyuki sugano|under|2.5|draftkings,2026-05-27,tomoyuki sugano,mlbam_player:608372,mlbam_player:608372,608372,mlbam_player,tomoyuki sugano,MLB,pitcher_strikeouts,player_prop,pitcher_k,COL,LAD,DraftKings,draftkings,77b3529d80cffeb203543f5f2201f8ff,Under,under,2.5,134,MLB|pitcher_strikeouts|name:tomoyuki sugano|under|2.5,MLB|pitcher_strikeouts|name:tomoyuki sugano|under|2.5|draftkings,xgboost_champion,champion,pitcher_k_model_v1,mlb_pitcher_props_policy_v1,3.954864978790283,3.954864978790283,1.8751290813698904,6.034600876210677,2.079735897420393,-1.4548649787902832,False,,,,3,,,2026-05-28T11:42:47.951871-04:00,current_workflow
2026-05-27|xgboost_champion|2026-05-27|MLB|pitcher_strikeouts|name:tomoyuki sugano|over|2.5|betmgm,2026-05-27|MLB|pitcher_strikeouts|name:tomoyuki sugano|over|2.5|betmgm,2026-05-27,tomoyuki sugano,mlbam_player:608372,mlbam_player:608372,608372,mlbam_player,tomoyuki sugano,MLB,pitcher_strikeouts,player_prop,pitcher_k,COL,LAD,BetMGM,betmgm,77b3529d80cffeb203543f5f2201f8ff,Over,over,2.5,-175,MLB|pitcher_strikeouts|name:tomoyuki sugano|over|2.5,MLB|pitcher_strikeouts|name:tomoyuki sugano|over|2.5|betmgm,xgboost_champion,champion,pitcher_k_model_v1,mlb_pitcher_props_policy_v1,3.954864978790283,3.954864978790283,1.8751290813698904,6.034600876210677,2.079735897420393,1.4548649787902832,False,,,,3,,,2026-05-28T11:42:47.951871-04:00,current_workflow
2026-05-27|xgboost_champion|2026-05-27|MLB|pitcher_strikeouts|name:tomoyuki sugano|under|2.5|betmgm,2026-05-27|MLB|pitcher_strikeouts|name:tomoyuki sugano|under|2.5|betmgm,2026-05-27,tomoyuki sugano,mlbam_player:608372,mlbam_player:608372,608372,mlbam_player,tomoyuki sugano,MLB,pitcher_strikeouts,player_prop,pitcher_k,COL,LAD,BetMGM,betmgm,77b3529d80cffeb203543f5f2201f8ff,Under,under,2.5,130,MLB|pitcher_strikeouts|name:tomoyuki sugano|under|2.5,MLB|pitcher_strikeouts|name:tomoyuki sugano|under|2.5|betmgm,xgboost_champion,champion,pitcher_k_model_v1,mlb_pitcher_props_policy_v1,3.954864978790283,3.954864978790283,1.8751290813698904,6.034600876210677,2.079735897420393,-1.4548649787902832,False,,,,3,,,2026-05-28T11:42:47.951871-04:00,current_workflow
2026-05-27|xgboost_champion|2026-05-27|MLB|pitcher_strikeouts|name:shohei ohtani|over|7.5|fanduel,2026-05-27|MLB|pitcher_strikeouts|name:shohei ohtani|over|7.5|fanduel,2026-05-27,shohei ohtani,mlbam_player:660271,mlbam_player:660271,660271,mlbam_player,shohei ohtani,MLB,pitcher_strikeouts,player_prop,pitcher_k,LAD,COL,FanDuel,fanduel,77b3529d80cffeb203543f5f2201f8ff,Over,over,7.5,106,MLB|pitcher_strikeouts|name:shohei ohtani|over|7.5,MLB|pitcher_strikeouts|name:shohei ohtani|over|7.5|fanduel,xgboost_champion,champion,pitcher_k_model_v1,mlb_pitcher_props_policy_v1,5.832949638366699,5.832949638366699,2.6955967425616656,8.970302534171733,3.1373528958050336,-1.6670503616333008,False,,,,7,,,2026-05-28T11:42:47.951871-04:00,current_workflow
2026-05-27|xgboost_champion|2026-05-27|MLB|pitcher_strikeouts|name:shohei ohtani|under|7.5|fanduel,2026-05-27|MLB|pitcher_strikeouts|name:shohei ohtani|under|7.5|fanduel,2026-05-27,shohei ohtani,mlbam_player:660271,mlbam_player:660271,660271,mlbam_player,shohei ohtani,MLB,pitcher_strikeouts,player_prop,pitcher_k,LAD,COL,FanDuel,fanduel,77b3529d80cffeb203543f5f2201f8ff,Under,under,7.5,-130,MLB|pitcher_strikeouts|name:shohei ohtani|under|7.5,MLB|pitcher_strikeouts|name:shohei ohtani|under|7.5|fanduel,xgboost_champion,champion,pitcher_k_model_v1,mlb_pitcher_props_policy_v1,5.832949638366699,5.832949638366699,2.6955967425616656,8.970302534171733,3.1373528958050336,1.6670503616333008,True,1.0,official,high,7,W,0.7692307692307693,2026-05-28T11:42:47.951871-04:00,current_workflow
2026-05-27|xgboost_champion|2026-05-27|MLB|pitcher_strikeouts|name:shohei ohtani|over|7.5|draftkings,2026-05-27|MLB|pitcher_strikeouts|name:shohei ohtani|over|7.5|draftkings,2026-05-27,shohei ohtani,mlbam_player:660271,mlbam_player:660271,660271,mlbam_player,shohei ohtani,MLB,pitcher_strikeouts,player_prop,pitcher_k,LAD,COL,DraftKings,draftkings,77b3529d80cffeb203543f5f2201f8ff,Over,over,7.5,109,MLB|pitcher_strikeouts|name:shohei ohtani|over|7.5,MLB|pitcher_strikeouts|name:shohei ohtani|over|7.5|draftkings,xgboost_champion,champion,pitcher_k_model_v1,mlb_pitcher_props_policy_v1,5.832949638366699,5.832949638366699,2.6955967425616656,8.970302534171733,3.1373528958050336,-1.6670503616333008,False,,,,7,,,2026-05-28T11:42:47.951871-04:00,current_workflow
2026-05-27|xgboost_champion|2026-05-27|MLB|pitcher_strikeouts|name:shohei ohtani|under|7.5|draftkings,2026-05-27|MLB|pitcher_strikeouts|name:shohei ohtani|under|7.5|draftkings,2026-05-27,shohei ohtani,mlbam_player:660271,mlbam_player:660271,660271,mlbam_player,shohei ohtani,MLB,pitcher_strikeouts,player_prop,pitcher_k,LAD,COL,DraftKings,draftkings,77b3529d80cffeb203543f5f2201f8ff,Under,under,7.5,-138,MLB|pitcher_strikeouts|name:shohei ohtani|under|7.5,MLB|pitcher_strikeouts|name:shohei ohtani|under|7.5|draftkings,xgboost_champion,champion,pitcher_k_model_v1,mlb_pitcher_props_policy_v1,5.832949638366699,5.832949638366699,2.6955967425616656,8.970302534171733,3.1373528958050336,1.6670503616333008,False,,,,7,,,2026-05-28T11:42:47.951871-04:00,current_workflow
2026-05-27|xgboost_champion|2026-05-27|MLB|pitcher_strikeouts|name:shohei ohtani|over|7.5|betmgm,2026-05-27|MLB|pitcher_strikeouts|name:shohei ohtani|over|7.5|betmgm,2026-05-27,shohei ohtani,mlbam_player:660271,mlbam_player:660271,660271,mlbam_player,shohei ohtani,MLB,pitcher_strikeouts,player_prop,pitcher_k,LAD,COL,BetMGM,betmgm,77b3529d80cffeb203543f5f2201f8ff,Over,over,7.5,-105,MLB|pitcher_strikeouts|name:shohei ohtani|over|7.5,MLB|pitcher_strikeouts|name:shohei ohtani|over|7.5|betmgm,xgboost_champion,champion,pitcher_k_model_v1,mlb_pitcher_props_policy_v1,5.832949638366699,5.832949638366699,2.6955967425616656,8.970302534171733,3.1373528958050336,-1.6670503616333008,False,,,,7,,,2026-05-28T11:42:47.951871-04:00,current_workflow
2026-05-27|xgboost_champion|2026-05-27|MLB|pitcher_strikeouts|name:shohei ohtani|under|7.5|betmgm,2026-05-27|MLB|pitcher_strikeouts|name:shohei ohtani|under|7.5|betmgm,2026-05-27,shohei ohtani,mlbam_player:660271,mlbam_player:660271,660271,mlbam_player,shohei ohtani,MLB,pitcher_strikeouts,player_prop,pitcher_k,LAD,COL,BetMGM,betmgm,77b3529d80cffeb203543f5f2201f8ff,Under,under,7.5,-130,MLB|pitcher_strikeouts|name:shohei ohtani|under|7.5,MLB|pitcher_strikeouts|name:shohei ohtani|under|7.5|betmgm,xgboost_champion,champion,pitcher_k_model_v1,mlb_pitcher_props_policy_v1,5.832949638366699,5.832949638366699,2.6955967425616656,8.970302534171733,3.1373528958050336,1.6670503616333008,False,,,,7,,,2026-05-28T11:42:47.951871-04:00,current_workflow
2026-05-27|xgboost_champion|2026-05-27|MLB|pitcher_strikeouts|name:gerrit cole|over|4.5|fanduel,2026-05-27|MLB|pitcher_strikeouts|name:gerrit cole|over|4.5|fanduel,2026-05-27,gerrit cole,mlbam_player:543037,mlbam_player:543037,543037,mlbam_player,gerrit cole,MLB,pitcher_strikeouts,player_prop,pitcher_k,NYY,KC,FanDuel,fanduel,a9124c7ee5e65da688ee0e5e3c192445,Over,over,4.5,-104,MLB|pitcher_strikeouts|name:gerrit cole|over|4.5,MLB|pitcher_strikeouts|name:gerrit cole|over|4.5|fanduel,xgboost_champion,champion,pitcher_k_model_v1,mlb_pitcher_props_policy_v1,5.196062088012695,5.196062088012695,2.2311197864592005,8.161004389566191,2.964942301553495,0.6960620880126953,True,6.0,lean,medium,10,W,0.9615384615384616,2026-05-28T11:42:47.951871-04:00,current_workflow
2026-05-27|xgboost_champion|2026-05-27|MLB|pitcher_strikeouts|name:gerrit cole|under|4.5|fanduel,2026-05-27|MLB|pitcher_strikeouts|name:gerrit cole|under|4.5|fanduel,2026-05-27,gerrit cole,mlbam_player:543037,mlbam_player:543037,543037,mlbam_player,gerrit cole,MLB,pitcher_strikeouts,player_prop,pitcher_k,NYY,KC,FanDuel,fanduel,a9124c7ee5e65da688ee0e5e3c192445,Under,under,4.5,-128,MLB|pitcher_strikeouts|name:gerrit cole|under|4.5,MLB|pitcher_strikeouts|name:gerrit cole|under|4.5|fanduel,xgboost_champion,champion,pitcher_k_model_v1,mlb_pitcher_props_policy_v1,5.196062088012695,5.196062088012695,2.2311197864592005,8.161004389566191,2.964942301553495,-0.6960620880126953,False,,,,10,,,2026-05-28T11:42:47.951871-04:00,current_workflow
2026-05-27|xgboost_champion|2026-05-27|MLB|pitcher_strikeouts|name:gerrit cole|over|4.5|draftkings,2026-05-27|MLB|pitcher_strikeouts|name:gerrit cole|over|4.5|draftkings,2026-05-27,gerrit cole,mlbam_player:543037,mlbam_player:543037,543037,mlbam_player,gerrit cole,MLB,pitcher_strikeouts,player_prop,pitcher_k,NYY,KC,DraftKings,draftkings,a9124c7ee5e65da688ee0e5e3c192445,Over,over,4.5,-108,MLB|pitcher_strikeouts|name:gerrit cole|over|4.5,MLB|pitcher_strikeouts|name:gerrit cole|over|4.5|draftkings,xgboost_champion,champion,pitcher_k_model_v1,mlb_pitcher_props_policy_v1,5.196062088012695,5.196062088012695,2.2311197864592005,8.161004389566191,2.964942301553495,0.6960620880126953,False,,,,10,,,2026-05-28T11:42:47.951871-04:00,current_workflow
2026-05-27|xgboost_champion|2026-05-27|MLB|pitcher_strikeouts|name:gerrit cole|under|4.5|draftkings,2026-05-27|MLB|pitcher_strikeouts|name:gerrit cole|under|4.5|draftkings,2026-05-27,gerrit cole,mlbam_player:543037,mlbam_player:543037,543037,mlbam_player,gerrit cole,MLB,pitcher_strikeouts,player_prop,pitcher_k,NYY,KC,DraftKings,draftkings,a9124c7ee5e65da688ee0e5e3c192445,Under,under,4.5,-119,MLB|pitcher_strikeouts|name:gerrit cole|under|4.5,MLB|pitcher_strikeouts|name:gerrit cole|under|4.5|draftkings,xgboost_champion,champion,pitcher_k_model_v1,mlb_pitcher_props_policy_v1,5.196062088012695,5.196062088012695,2.2311197864592005,8.161004389566191,2.964942301553495,-0.6960620880126953,False,,,,10,,,2026-05-28T11:42:47.951871-04:00,current_workflow
2026-05-27|xgboost_champion|2026-05-27|MLB|pitcher_strikeouts|name:gerrit cole|over|4.5|betmgm,2026-05-27|MLB|pitcher_strikeouts|name:gerrit cole|over|4.5|betmgm,2026-05-27,gerrit cole,mlbam_player:543037,mlbam_player:543037,543037,mlbam_player,gerrit cole,MLB,pitcher_strikeouts,player_prop,pitcher_k,NYY,KC,BetMGM,betmgm,a9124c7ee5e65da688ee0e5e3c192445,Over,over,4.5,-105,MLB|pitcher_strikeouts|name:gerrit cole|over|4.5,MLB|pitcher_strikeouts|name:gerrit cole|over|4.5|betmgm,xgboost_champion,champion,pitcher_k_model_v1,mlb_pitcher_props_policy_v1,5.196062088012695,5.196062088012695,2.2311197864592005,8.161004389566191,2.964942301553495,0.6960620880126953,False,,,,10,,,2026-05-28T11:42:47.951871-04:00,current_workflow
2026-05-27|xgboost_champion|2026-05-27|MLB|pitcher_strikeouts|name:gerrit cole|under|4.5|betmgm,2026-05-27|MLB|pitcher_strikeouts|name:gerrit cole|under|4.5|betmgm,2026-05-27,gerrit cole,mlbam_player:543037,mlbam_player:543037,543037,mlbam_player,gerrit cole,MLB,pitcher_strikeouts,player_prop,pitcher_k,NYY,KC,BetMGM,betmgm,a9124c7ee5e65da688ee0e5e3c192445,Under,under,4.5,-125,MLB|pitcher_strikeouts|name:gerrit cole|under|4.5,MLB|pitcher_strikeouts|name:gerrit cole|under|4.5|betmgm,xgboost_champion,champion,pitcher_k_model_v1,mlb_pitcher_props_policy_v1,5.196062088012695,5.196062088012695,2.2311197864592005,8.161004389566191,2.964942301553495,-0.6960620880126953,False,,,,10,,,2026-05-28T11:42:47.951871-04:00,current_workflow
2026-05-27|xgboost_champion|2026-05-27|MLB|pitcher_strikeouts|name:noah cameron|over|4.5|fanduel,2026-05-27|MLB|pitcher_strikeouts|name:noah cameron|over|4.5|fanduel,2026-05-27,noah cameron,mlbam_player:702070,mlbam_player:702070,702070,mlbam_player,noah cameron,MLB,pitcher_strikeouts,player_prop,pitcher_k,KC,NYY,FanDuel,fanduel,a9124c7ee5e65da688ee0e5e3c192445,Over,over,4.5,-108,MLB|pitcher_strikeouts|name:noah cameron|over|4.5,MLB|pitcher_strikeouts|name:noah cameron|over|4.5|fanduel,xgboost_champion,champion,pitcher_k_model_v1,mlb_pitcher_props_policy_v1,5.177477836608887,5.177477836608887,1.428960188535744,8.92599548468203,3.748517648073143,0.6774778366088867,False,,,,4,,,2026-05-28T11:42:47.951871-04:00,current_workflow
2026-05-27|xgboost_champion|2026-05-27|MLB|pitcher_strikeouts|name:noah cameron|under|4.5|fanduel,2026-05-27|MLB|pitcher_strikeouts|name:noah cameron|under|4.5|fanduel,2026-05-27,noah cameron,mlbam_player:702070,mlbam_player:702070,702070,mlbam_player,noah cameron,MLB,pitcher_strikeouts,player_prop,pitcher_k,KC,NYY,FanDuel,fanduel,a9124c7ee5e65da688ee0e5e3c192445,Under,under,4.5,-112,MLB|pitcher_strikeouts|name:noah cameron|under|4.5,MLB|pitcher_strikeouts|name:noah cameron|under|4.5|fanduel,xgboost_champion,champion,pitcher_k_model_v1,mlb_pitcher_props_policy_v1,5.177477836608887,5.177477836608887,1.428960188535744,8.92599548468203,3.748517648073143,-0.6774778366088867,False,,,,4,,,2026-05-28T11:42:47.951871-04:00,current_workflow
2026-05-27|xgboost_champion|2026-05-27|MLB|pitcher_strikeouts|name:noah cameron|over|4.5|draftkings,2026-05-27|MLB|pitcher_strikeouts|name:noah cameron|over|4.5|draftkings,2026-05-27,noah cameron,mlbam_player:702070,mlbam_player:702070,702070,mlbam_player,noah cameron,MLB,pitcher_strikeouts,player_prop,pitcher_k,KC,NYY,DraftKings,draftkings,a9124c7ee5e65da688ee0e5e3c192445,Over,over,4.5,-118,MLB|pitcher_strikeouts|name:noah cameron|over|4.5,MLB|pitcher_strikeouts|name:noah cameron|over|4.5|draftkings,xgboost_champion,champion,pitcher_k_model_v1,mlb_pitcher_props_policy_v1,5.177477836608887,5.177477836608887,1.428960188535744,8.92599548468203,3.748517648073143,0.6774778366088867,False,,,,4,,,2026-05-28T11:42:47.951871-04:00,current_workflow
2026-05-27|xgboost_champion|2026-05-27|MLB|pitcher_strikeouts|name:noah cameron|under|4.5|draftkings,2026-05-27|MLB|pitcher_strikeouts|name:noah cameron|under|4.5|draftkings,2026-05-27,noah cameron,mlbam_player:702070,mlbam_player:702070,702070,mlbam_player,noah cameron,MLB,pitcher_strikeouts,player_prop,pitcher_k,KC,NYY,DraftKings,draftkings,a9124c7ee5e65da688ee0e5e3c192445,Under,under,4.5,-108,MLB|pitcher_strikeouts|name:noah cameron|under|4.5,MLB|pitcher_strikeouts|name:noah cameron|under|4.5|draftkings,xgboost_champion,champion,pitcher_k_model_v1,mlb_pitcher_props_policy_v1,5.177477836608887,5.177477836608887,1.428960188535744,8.92599548468203,3.748517648073143,-0.6774778366088867,False,,,,4,,,2026-05-28T11:42:47.951871-04:00,current_workflow
2026-05-27|xgboost_champion|2026-05-27|MLB|pitcher_strikeouts|name:noah cameron|over|4.5|betmgm,2026-05-27|MLB|pitcher_strikeouts|name:noah cameron|over|4.5|betmgm,2026-05-27,noah cameron,mlbam_player:702070,mlbam_player:702070,702070,mlbam_player,noah cameron,MLB,pitcher_strikeouts,player_prop,pitcher_k,KC,NYY,BetMGM,betmgm,a9124c7ee5e65da688ee0e5e3c192445,Over,over,4.5,100,MLB|pitcher_strikeouts|name:noah cameron|over|4.5,MLB|pitcher_strikeouts|name:noah cameron|over|4.5|betmgm,xgboost_champion,champion,pitcher_k_model_v1,mlb_pitcher_props_policy_v1,5.177477836608887,5.177477836608887,1.428960188535744,8.92599548468203,3.748517648073143,0.6774778366088867,True,7.0,lean,medium,4,L,-1.0,2026-05-28T11:42:47.951871-04:00,current_workflow
2026-05-27|xgboost_champion|2026-05-27|MLB|pitcher_strikeouts|name:noah cameron|under|4.5|betmgm,2026-05-27|MLB|pitcher_strikeouts|name:noah cameron|under|4.5|betmgm,2026-05-27,noah cameron,mlbam_player:702070,mlbam_player:702070,702070,mlbam_player,noah cameron,MLB,pitcher_strikeouts,player_prop,pitcher_k,KC,NYY,BetMGM,betmgm,a9124c7ee5e65da688ee0e5e3c192445,Under,under,4.5,-135,MLB|pitcher_strikeouts|name:noah cameron|under|4.5,MLB|pitcher_strikeouts|name:noah cameron|under|4.5|betmgm,xgboost_champion,champion,pitcher_k_model_v1,mlb_pitcher_props_policy_v1,5.177477836608887,5.177477836608887,1.428960188535744,8.92599548468203,3.748517648073143,-0.6774778366088867,False,,,,4,,,2026-05-28T11:42:47.951871-04:00,current_workflow
2026-05-27|xgboost_champion|2026-05-27|MLB|pitcher_strikeouts|name:jose soriano|over|6.5|fanduel,2026-05-27|MLB|pitcher_strikeouts|name:jose soriano|over|6.5|fanduel,2026-05-27,jose soriano,mlbam_player:667755,mlbam_player:667755,667755,mlbam_player,jose soriano,MLB,pitcher_strikeouts,player_prop,pitcher_k,LAA,DET,FanDuel,fanduel,22b2c62258204f36738be815101ba92b,Over,over,6.5,134,MLB|pitcher_strikeouts|name:jose soriano|over|6.5,MLB|pitcher_strikeouts|name:jose soriano|over|6.5|fanduel,xgboost_champion,champion,pitcher_k_model_v1,mlb_pitcher_props_policy_v1,6.295722007751465,6.295722007751465,4.337579713698913,8.253864301804017,1.958142294052552,-0.2042779922485351,False,,,,4,,,2026-05-28T11:42:47.951871-04:00,current_workflow
2026-05-27|xgboost_champion|2026-05-27|MLB|pitcher_strikeouts|name:jose soriano|under|6.5|fanduel,2026-05-27|MLB|pitcher_strikeouts|name:jose soriano|under|6.5|fanduel,2026-05-27,jose soriano,mlbam_player:667755,mlbam_player:667755,667755,mlbam_player,jose soriano,MLB,pitcher_strikeouts,player_prop,pitcher_k,LAA,DET,FanDuel,fanduel,22b2c62258204f36738be815101ba92b,Under,under,6.5,-180,MLB|pitcher_strikeouts|name:jose soriano|under|6.5,MLB|pitcher_strikeouts|name:jose soriano|under|6.5|fanduel,xgboost_champion,champion,pitcher_k_model_v1,mlb_pitcher_props_policy_v1,6.295722007751465,6.295722007751465,4.337579713698913,8.253864301804017,1.958142294052552,0.2042779922485351,False,,,,4,,,2026-05-28T11:42:47.951871-04:00,current_workflow
2026-05-27|xgboost_champion|2026-05-27|MLB|pitcher_strikeouts|name:jose soriano|over|6.5|draftkings,2026-05-27|MLB|pitcher_strikeouts|name:jose soriano|over|6.5|draftkings,2026-05-27,jose soriano,mlbam_player:667755,mlbam_player:667755,667755,mlbam_player,jose soriano,MLB,pitcher_strikeouts,player_prop,pitcher_k,LAA,DET,DraftKings,draftkings,22b2c62258204f36738be815101ba92b,Over,over,6.5,116,MLB|pitcher_strikeouts|name:jose soriano|over|6.5,MLB|pitcher_strikeouts|name:jose soriano|over|6.5|draftkings,xgboost_champion,champion,pitcher_k_model_v1,mlb_pitcher_props_policy_v1,6.295722007751465,6.295722007751465,4.337579713698913,8.253864301804017,1.958142294052552,-0.2042779922485351,False,,,,4,,,2026-05-28T11:42:47.951871-04:00,current_workflow
2026-05-27|xgboost_champion|2026-05-27|MLB|pitcher_strikeouts|name:jose soriano|under|6.5|draftkings,2026-05-27|MLB|pitcher_strikeouts|name:jose soriano|under|6.5|draftkings,2026-05-27,jose soriano,mlbam_player:667755,mlbam_player:667755,667755,mlbam_player,jose soriano,MLB,pitcher_strikeouts,player_prop,pitcher_k,LAA,DET,DraftKings,draftkings,22b2c62258204f36738be815101ba92b,Under,under,6.5,-148,MLB|pitcher_strikeouts|name:jose soriano|under|6.5,MLB|pitcher_strikeouts|name:jose soriano|under|6.5|draftkings,xgboost_champion,champion,pitcher_k_model_v1,mlb_pitcher_props_policy_v1,6.295722007751465,6.295722007751465,4.337579713698913,8.253864301804017,1.958142294052552,0.2042779922485351,False,,,,4,,,2026-05-28T11:42:47.951871-04:00,current_workflow
2026-05-27|xgboost_champion|2026-05-27|MLB|pitcher_strikeouts|name:jose soriano|over|6.5|betmgm,2026-05-27|MLB|pitcher_strikeouts|name:jose soriano|over|6.5|betmgm,2026-05-27,jose soriano,mlbam_player:667755,mlbam_player:667755,667755,mlbam_player,jose soriano,MLB,pitcher_strikeouts,player_prop,pitcher_k,LAA,DET,BetMGM,betmgm,22b2c62258204f36738be815101ba92b,Over,over,6.5,115,MLB|pitcher_strikeouts|name:jose soriano|over|6.5,MLB|pitcher_strikeouts|name:jose soriano|over|6.5|betmgm,xgboost_champion,champion,pitcher_k_model_v1,mlb_pitcher_props_policy_v1,6.295722007751465,6.295722007751465,4.337579713698913,8.253864301804017,1.958142294052552,-0.2042779922485351,False,,,,4,,,2026-05-28T11:42:47.951871-04:00,current_workflow
2026-05-27|xgboost_champion|2026-05-27|MLB|pitcher_strikeouts|name:jose soriano|under|6.5|betmgm,2026-05-27|MLB|pitcher_strikeouts|name:jose soriano|under|6.5|betmgm,2026-05-27,jose soriano,mlbam_player:667755,mlbam_player:667755,667755,mlbam_player,jose soriano,MLB,pitcher_strikeouts,player_prop,pitcher_k,LAA,DET,BetMGM,betmgm,22b2c62258204f36738be815101ba92b,Under,under,6.5,-155,MLB|pitcher_strikeouts|name:jose soriano|under|6.5,MLB|pitcher_strikeouts|name:jose soriano|under|6.5|betmgm,xgboost_champion,champion,pitcher_k_model_v1,mlb_pitcher_props_policy_v1,6.295722007751465,6.295722007751465,4.337579713698913,8.253864301804017,1.958142294052552,0.2042779922485351,False,,,,4,,,2026-05-28T11:42:47.951871-04:00,current_workflow
2026-05-27|xgboost_champion|2026-05-27|MLB|pitcher_strikeouts|name:casey mize|over|5.5|fanduel,2026-05-27|MLB|pitcher_strikeouts|name:casey mize|over|5.5|fanduel,2026-05-27,casey mize,mlbam_player:663554,mlbam_player:663554,663554,mlbam_player,casey mize,MLB,pitcher_strikeouts,player_prop,pitcher_k,DET,LAA,FanDuel,fanduel,22b2c62258204f36738be815101ba92b,Over,over,5.5,-105,MLB|pitcher_strikeouts|name:casey mize|over|5.5,MLB|pitcher_strikeouts|name:casey mize|over|5.5|fanduel,xgboost_champion,champion,pitcher_k_model_v1,mlb_pitcher_props_policy_v1,6.25935173034668,6.25935173034668,1.9210449056708765,10.597658555022484,4.338306824675803,0.7593517303466797,False,,,,6,,,2026-05-28T11:42:47.951871-04:00,current_workflow
2026-05-27|xgboost_champion|2026-05-27|MLB|pitcher_strikeouts|name:casey mize|under|5.5|fanduel,2026-05-27|MLB|pitcher_strikeouts|name:casey mize|under|5.5|fanduel,2026-05-27,casey mize,mlbam_player:663554,mlbam_player:663554,663554,mlbam_player,casey mize,MLB,pitcher_strikeouts,player_prop,pitcher_k,DET,LAA,FanDuel,fanduel,22b2c62258204f36738be815101ba92b,Under,under,5.5,-115,MLB|pitcher_strikeouts|name:casey mize|under|5.5,MLB|pitcher_strikeouts|name:casey mize|under|5.5|fanduel,xgboost_champion,champion,pitcher_k_model_v1,mlb_pitcher_props_policy_v1,6.25935173034668,6.25935173034668,1.9210449056708765,10.597658555022484,4.338306824675803,-0.7593517303466797,False,,,,6,,,2026-05-28T11:42:47.951871-04:00,current_workflow
2026-05-27|xgboost_champion|2026-05-27|MLB|pitcher_strikeouts|name:casey mize|over|5.5|draftkings,2026-05-27|MLB|pitcher_strikeouts|name:casey mize|over|5.5|draftkings,2026-05-27,casey mize,mlbam_player:663554,mlbam_player:663554,663554,mlbam_player,casey mize,MLB,pitcher_strikeouts,player_prop,pitcher_k,DET,LAA,DraftKings,draftkings,22b2c62258204f36738be815101ba92b,Over,over,5.5,-103,MLB|pitcher_strikeouts|name:casey mize|over|5.5,MLB|pitcher_strikeouts|name:casey mize|over|5.5|draftkings,xgboost_champion,champion,pitcher_k_model_v1,mlb_pitcher_props_policy_v1,6.25935173034668,6.25935173034668,1.9210449056708765,10.597658555022484,4.338306824675803,0.7593517303466797,True,3.0,official,medium,6,W,0.970873786407767,2026-05-28T11:42:47.951871-04:00,current_workflow
2026-05-27|xgboost_champion|2026-05-27|MLB|pitcher_strikeouts|name:casey mize|under|5.5|draftkings,2026-05-27|MLB|pitcher_strikeouts|name:casey mize|under|5.5|draftkings,2026-05-27,casey mize,mlbam_player:663554,mlbam_player:663554,663554,mlbam_player,casey mize,MLB,pitcher_strikeouts,player_prop,pitcher_k,DET,LAA,DraftKings,draftkings,22b2c62258204f36738be815101ba92b,Under,under,5.5,-124,MLB|pitcher_strikeouts|name:casey mize|under|5.5,MLB|pitcher_strikeouts|name:casey mize|under|5.5|draftkings,xgboost_champion,champion,pitcher_k_model_v1,mlb_pitcher_props_policy_v1,6.25935173034668,6.25935173034668,1.9210449056708765,10.597658555022484,4.338306824675803,-0.7593517303466797,False,,,,6,,,2026-05-28T11:42:47.951871-04:00,current_workflow
2026-05-27|xgboost_champion|2026-05-27|MLB|pitcher_strikeouts|name:casey mize|over|5.5|betmgm,2026-05-27|MLB|pitcher_strikeouts|name:casey mize|over|5.5|betmgm,2026-05-27,casey mize,mlbam_player:663554,mlbam_player:663554,663554,mlbam_player,casey mize,MLB,pitcher_strikeouts,player_prop,pitcher_k,DET,LAA,BetMGM,betmgm,22b2c62258204f36738be815101ba92b,Over,over,5.5,-105,MLB|pitcher_strikeouts|name:casey mize|over|5.5,MLB|pitcher_strikeouts|name:casey mize|over|5.5|betmgm,xgboost_champion,champion,pitcher_k_model_v1,mlb_pitcher_props_policy_v1,6.25935173034668,6.25935173034668,1.9210449056708765,10.597658555022484,4.338306824675803,0.7593517303466797,False,,,,6,,,2026-05-28T11:42:47.951871-04:00,current_workflow
2026-05-27|xgboost_champion|2026-05-27|MLB|pitcher_strikeouts|name:casey mize|under|5.5|betmgm,2026-05-27|MLB|pitcher_strikeouts|name:casey mize|under|5.5|betmgm,2026-05-27,casey mize,mlbam_player:663554,mlbam_player:663554,663554,mlbam_player,casey mize,MLB,pitcher_strikeouts,player_prop,pitcher_k,DET,LAA,BetMGM,betmgm,22b2c62258204f36738be815101ba92b,Under,under,5.5,-125,MLB|pitcher_strikeouts|name:casey mize|under|5.5,MLB|pitcher_strikeouts|name:casey mize|under|5.5|betmgm,xgboost_champion,champion,pitcher_k_model_v1,mlb_pitcher_props_policy_v1,6.25935173034668,6.25935173034668,1.9210449056708765,10.597658555022484,4.338306824675803,-0.7593517303466797,False,,,,6,,,2026-05-28T11:42:47.951871-04:00,current_workflow
2026-05-27|xgboost_champion|2026-05-27|MLB|pitcher_strikeouts|name:gavin williams|over|6.5|fanduel,2026-05-27|MLB|pitcher_strikeouts|name:gavin williams|over|6.5|fanduel,2026-05-27,gavin williams,mlbam_player:668909,mlbam_player:668909,668909,mlbam_player,gavin williams,MLB,pitcher_strikeouts,player_prop,pitcher_k,CLE,WSH,FanDuel,fanduel,0320eab1e5e078823858b2f7f29d919a,Over,over,6.5,-110,MLB|pitcher_strikeouts|name:gavin williams|over|6.5,MLB|pitcher_strikeouts|name:gavin williams|over|6.5|fanduel,xgboost_champion,champion,pitcher_k_model_v1,mlb_pitcher_props_policy_v1,6.509045124053955,6.509045124053955,2.338346664273917,10.679743583833991,4.170698459780038,0.009045124053955,False,,,,4,,,2026-05-28T11:42:47.951871-04:00,current_workflow
2026-05-27|xgboost_champion|2026-05-27|MLB|pitcher_strikeouts|name:gavin williams|under|6.5|fanduel,2026-05-27|MLB|pitcher_strikeouts|name:gavin williams|under|6.5|fanduel,2026-05-27,gavin williams,mlbam_player:668909,mlbam_player:668909,668909,mlbam_player,gavin williams,MLB,pitcher_strikeouts,player_prop,pitcher_k,CLE,WSH,FanDuel,fanduel,0320eab1e5e078823858b2f7f29d919a,Under,under,6.5,-110,MLB|pitcher_strikeouts|name:gavin williams|under|6.5,MLB|pitcher_strikeouts|name:gavin williams|under|6.5|fanduel,xgboost_champion,champion,pitcher_k_model_v1,mlb_pitcher_props_policy_v1,6.509045124053955,6.509045124053955,2.338346664273917,10.679743583833991,4.170698459780038,-0.009045124053955,False,,,,4,,,2026-05-28T11:42:47.951871-04:00,current_workflow
2026-05-27|xgboost_champion|2026-05-27|MLB|pitcher_strikeouts|name:gavin williams|over|6.5|draftkings,2026-05-27|MLB|pitcher_strikeouts|name:gavin williams|over|6.5|draftkings,2026-05-27,gavin williams,mlbam_player:668909,mlbam_player:668909,668909,mlbam_player,gavin williams,MLB,pitcher_strikeouts,player_prop,pitcher_k,CLE,WSH,DraftKings,draftkings,0320eab1e5e078823858b2f7f29d919a,Over,over,6.5,-129,MLB|pitcher_strikeouts|name:gavin williams|over|6.5,MLB|pitcher_strikeouts|name:gavin williams|over|6.5|draftkings,xgboost_champion,champion,pitcher_k_model_v1,mlb_pitcher_props_policy_v1,6.509045124053955,6.509045124053955,2.338346664273917,10.679743583833991,4.170698459780038,0.009045124053955,False,,,,4,,,2026-05-28T11:42:47.951871-04:00,current_workflow
2026-05-27|xgboost_champion|2026-05-27|MLB|pitcher_strikeouts|name:gavin williams|under|6.5|draftkings,2026-05-27|MLB|pitcher_strikeouts|name:gavin williams|under|6.5|draftkings,2026-05-27,gavin williams,mlbam_player:668909,mlbam_player:668909,668909,mlbam_player,gavin williams,MLB,pitcher_strikeouts,player_prop,pitcher_k,CLE,WSH,DraftKings,draftkings,0320eab1e5e078823858b2f7f29d919a,Under,under,6.5,101,MLB|pitcher_strikeouts|name:gavin williams|under|6.5,MLB|pitcher_strikeouts|name:gavin williams|under|6.5|draftkings,xgboost_champion,champion,pitcher_k_model_v1,mlb_pitcher_props_policy_v1,6.509045124053955,6.509045124053955,2.338346664273917,10.679743583833991,4.170698459780038,-0.009045124053955,False,,,,4,,,2026-05-28T11:42:47.951871-04:00,current_workflow
2026-05-27|xgboost_champion|2026-05-27|MLB|pitcher_strikeouts|name:gavin williams|over|6.5|betmgm,2026-05-27|MLB|pitcher_strikeouts|name:gavin williams|over|6.5|betmgm,2026-05-27,gavin williams,mlbam_player:668909,mlbam_player:668909,668909,mlbam_player,gavin williams,MLB,pitcher_strikeouts,player_prop,pitcher_k,CLE,WSH,BetMGM,betmgm,0320eab1e5e078823858b2f7f29d919a,Over,over,6.5,-110,MLB|pitcher_strikeouts|name:gavin williams|over|6.5,MLB|pitcher_strikeouts|name:gavin williams|over|6.5|betmgm,xgboost_champion,champion,pitcher_k_model_v1,mlb_pitcher_props_policy_v1,6.509045124053955,6.509045124053955,2.338346664273917,10.679743583833991,4.170698459780038,0.009045124053955,False,,,,4,,,2026-05-28T11:42:47.951871-04:00,current_workflow
2026-05-27|xgboost_champion|2026-05-27|MLB|pitcher_strikeouts|name:gavin williams|under|6.5|betmgm,2026-05-27|MLB|pitcher_strikeouts|name:gavin williams|under|6.5|betmgm,2026-05-27,gavin williams,mlbam_player:668909,mlbam_player:668909,668909,mlbam_player,gavin williams,MLB,pitcher_strikeouts,player_prop,pitcher_k,CLE,WSH,BetMGM,betmgm,0320eab1e5e078823858b2f7f29d919a,Under,under,6.5,-120,MLB|pitcher_strikeouts|name:gavin williams|under|6.5,MLB|pitcher_strikeouts|name:gavin williams|under|6.5|betmgm,xgboost_champion,champion,pitcher_k_model_v1,mlb_pitcher_props_policy_v1,6.509045124053955,6.509045124053955,2.338346664273917,10.679743583833991,4.170698459780038,-0.009045124053955,False,,,,4,,,2026-05-28T11:42:47.951871-04:00,current_workflow
2026-05-27|xgboost_champion|2026-05-27|MLB|pitcher_strikeouts|name:bryce elder|over|4.5|fanduel,2026-05-27|MLB|pitcher_strikeouts|name:bryce elder|over|4.5|fanduel,2026-05-27,bryce elder,mlbam_player:693821,mlbam_player:693821,693821,mlbam_player,bryce elder,MLB,pitcher_strikeouts,player_prop,pitcher_k,ATL,BOS,FanDuel,fanduel,880e1e94ed3cbd5f07937fd05887eb09,Over,over,4.5,-114,MLB|pitcher_strikeouts|name:bryce elder|over|4.5,MLB|pitcher_strikeouts|name:bryce elder|over|4.5|fanduel,xgboost_champion,champion,pitcher_k_model_v1,mlb_pitcher_props_policy_v1,5.299516201019287,5.299516201019287,2.925788788758845,7.673243613279729,2.373727412260442,0.7995162010192871,False,,,,1,,,2026-05-28T11:42:47.951871-04:00,current_workflow
2026-05-27|xgboost_champion|2026-05-27|MLB|pitcher_strikeouts|name:bryce elder|under|4.5|fanduel,2026-05-27|MLB|pitcher_strikeouts|name:bryce elder|under|4.5|fanduel,2026-05-27,bryce elder,mlbam_player:693821,mlbam_player:693821,693821,mlbam_player,bryce elder,MLB,pitcher_strikeouts,player_prop,pitcher_k,ATL,BOS,FanDuel,fanduel,880e1e94ed3cbd5f07937fd05887eb09,Under,under,4.5,-114,MLB|pitcher_strikeouts|name:bryce elder|under|4.5,MLB|pitcher_strikeouts|name:bryce elder|under|4.5|fanduel,xgboost_champion,champion,pitcher_k_model_v1,mlb_pitcher_props_policy_v1,5.299516201019287,5.299516201019287,2.925788788758845,7.673243613279729,2.373727412260442,-0.7995162010192871,False,,,,1,,,2026-05-28T11:42:47.951871-04:00,current_workflow
2026-05-27|xgboost_champion|2026-05-27|MLB|pitcher_strikeouts|name:bryce elder|over|4.5|draftkings,2026-05-27|MLB|pitcher_strikeouts|name:bryce elder|over|4.5|draftkings,2026-05-27,bryce elder,mlbam_player:693821,mlbam_player:693821,693821,mlbam_player,bryce elder,MLB,pitcher_strikeouts,player_prop,pitcher_k,ATL,BOS,DraftKings,draftkings,880e1e94ed3cbd5f07937fd05887eb09,Over,over,4.5,-104,MLB|pitcher_strikeouts|name:bryce elder|over|4.5,MLB|pitcher_strikeouts|name:bryce elder|over|4.5|draftkings,xgboost_champion,champion,pitcher_k_model_v1,mlb_pitcher_props_policy_v1,5.299516201019287,5.299516201019287,2.925788788758845,7.673243613279729,2.373727412260442,0.7995162010192871,True,5.0,official,medium,1,L,-1.0,2026-05-28T11:42:47.951871-04:00,current_workflow
2026-05-27|xgboost_champion|2026-05-27|MLB|pitcher_strikeouts|name:bryce elder|under|4.5|draftkings,2026-05-27|MLB|pitcher_strikeouts|name:bryce elder|under|4.5|draftkings,2026-05-27,bryce elder,mlbam_player:693821,mlbam_player:693821,693821,mlbam_player,bryce elder,MLB,pitcher_strikeouts,player_prop,pitcher_k,ATL,BOS,DraftKings,draftkings,880e1e94ed3cbd5f07937fd05887eb09,Under,under,4.5,-122,MLB|pitcher_strikeouts|name:bryce elder|under|4.5,MLB|pitcher_strikeouts|name:bryce elder|under|4.5|draftkings,xgboost_champion,champion,pitcher_k_model_v1,mlb_pitcher_props_policy_v1,5.299516201019287,5.299516201019287,2.925788788758845,7.673243613279729,2.373727412260442,-0.7995162010192871,False,,,,1,,,2026-05-28T11:42:47.951871-04:00,current_workflow
2026-05-27|xgboost_champion|2026-05-27|MLB|pitcher_strikeouts|name:bryce elder|over|4.5|betmgm,2026-05-27|MLB|pitcher_strikeouts|name:bryce elder|over|4.5|betmgm,2026-05-27,bryce elder,mlbam_player:693821,mlbam_player:693821,693821,mlbam_player,bryce elder,MLB,pitcher_strikeouts,player_prop,pitcher_k,ATL,BOS,BetMGM,betmgm,880e1e94ed3cbd5f07937fd05887eb09,Over,over,4.5,-115,MLB|pitcher_strikeouts|name:bryce elder|over|4.5,MLB|pitcher_strikeouts|name:bryce elder|over|4.5|betmgm,xgboost_champion,champion,pitcher_k_model_v1,mlb_pitcher_props_policy_v1,5.299516201019287,5.299516201019287,2.925788788758845,7.673243613279729,2.373727412260442,0.7995162010192871,False,,,,1,,,2026-05-28T11:42:47.951871-04:00,current_workflow
2026-05-27|xgboost_champion|2026-05-27|MLB|pitcher_strikeouts|name:bryce elder|under|4.5|betmgm,2026-05-27|MLB|pitcher_strikeouts|name:bryce elder|under|4.5|betmgm,2026-05-27,bryce elder,mlbam_player:693821,mlbam_player:693821,693821,mlbam_player,bryce elder,MLB,pitcher_strikeouts,player_prop,pitcher_k,ATL,BOS,BetMGM,betmgm,880e1e94ed3cbd5f07937fd05887eb09,Under,under,4.5,-115,MLB|pitcher_strikeouts|name:bryce elder|under|4.5,MLB|pitcher_strikeouts|name:bryce elder|under|4.5|betmgm,xgboost_champion,champion,pitcher_k_model_v1,mlb_pitcher_props_policy_v1,5.299516201019287,5.299516201019287,2.925788788758845,7.673243613279729,2.373727412260442,-0.7995162010192871,False,,,,1,,,2026-05-28T11:42:47.951871-04:00,current_workflow
2026-05-27|xgboost_champion|2026-05-27|MLB|pitcher_strikeouts|name:steven matz|over|4.5|draftkings,2026-05-27|MLB|pitcher_strikeouts|name:steven matz|over|4.5|draftkings,2026-05-27,steven matz,mlbam_player:571927,mlbam_player:571927,571927,mlbam_player,steven matz,MLB,pitcher_strikeouts,player_prop,pitcher_k,TB,BAL,DraftKings,draftkings,163227043e0edc8544e84f24250fe6b3,Over,over,4.5,113,MLB|pitcher_strikeouts|name:steven matz|over|4.5,MLB|pitcher_strikeouts|name:steven matz|over|4.5|draftkings,xgboost_champion,champion,pitcher_k_model_v1,mlb_pitcher_props_policy_v1,3.988586187362671,3.988586187362671,0.6386005694434638,7.3385718052818785,3.349985617919207,-0.5114138126373291,False,,,,2,,,2026-05-28T11:42:47.951871-04:00,current_workflow
2026-05-27|xgboost_champion|2026-05-27|MLB|pitcher_strikeouts|name:steven matz|under|4.5|draftkings,2026-05-27|MLB|pitcher_strikeouts|name:steven matz|under|4.5|draftkings,2026-05-27,steven matz,mlbam_player:571927,mlbam_player:571927,571927,mlbam_player,steven matz,MLB,pitcher_strikeouts,player_prop,pitcher_k,TB,BAL,DraftKings,draftkings,163227043e0edc8544e84f24250fe6b3,Under,under,4.5,-144,MLB|pitcher_strikeouts|name:steven matz|under|4.5,MLB|pitcher_strikeouts|name:steven matz|under|4.5|draftkings,xgboost_champion,champion,pitcher_k_model_v1,mlb_pitcher_props_policy_v1,3.988586187362671,3.988586187362671,0.6386005694434638,7.3385718052818785,3.349985617919207,0.5114138126373291,False,,,,2,,,2026-05-28T11:42:47.951871-04:00,current_workflow
2026-05-27|xgboost_champion|2026-05-27|MLB|pitcher_strikeouts|name:steven matz|over|4.5|betmgm,2026-05-27|MLB|pitcher_strikeouts|name:steven matz|over|4.5|betmgm,2026-05-27,steven matz,mlbam_player:571927,mlbam_player:571927,571927,mlbam_player,steven matz,MLB,pitcher_strikeouts,player_prop,pitcher_k,TB,BAL,BetMGM,betmgm,163227043e0edc8544e84f24250fe6b3,Over,over,4.5,105,MLB|pitcher_strikeouts|name:steven matz|over|4.5,MLB|pitcher_strikeouts|name:steven matz|over|4.5|betmgm,xgboost_champion,champion,pitcher_k_model_v1,mlb_pitcher_props_policy_v1,3.988586187362671,3.988586187362671,0.6386005694434638,7.3385718052818785,3.349985617919207,-0.5114138126373291,False,,,,2,,,2026-05-28T11:42:47.951871-04:00,current_workflow
2026-05-27|xgboost_champion|2026-05-27|MLB|pitcher_strikeouts|name:steven matz|under|4.5|betmgm,2026-05-27|MLB|pitcher_strikeouts|name:steven matz|under|4.5|betmgm,2026-05-27,steven matz,mlbam_player:571927,mlbam_player:571927,571927,mlbam_player,steven matz,MLB,pitcher_strikeouts,player_prop,pitcher_k,TB,BAL,BetMGM,betmgm,163227043e0edc8544e84f24250fe6b3,Under,under,4.5,-140,MLB|pitcher_strikeouts|name:steven matz|under|4.5,MLB|pitcher_strikeouts|name:steven matz|under|4.5|betmgm,xgboost_champion,champion,pitcher_k_model_v1,mlb_pitcher_props_policy_v1,3.988586187362671,3.988586187362671,0.6386005694434638,7.3385718052818785,3.349985617919207,0.5114138126373291,False,,,,2,,,2026-05-28T11:42:47.951871-04:00,current_workflow
2026-05-27|xgboost_champion|2026-05-27|MLB|pitcher_strikeouts|name:steven matz|over|4.5|fanduel,2026-05-27|MLB|pitcher_strikeouts|name:steven matz|over|4.5|fanduel,2026-05-27,steven matz,mlbam_player:571927,mlbam_player:571927,571927,mlbam_player,steven matz,MLB,pitcher_strikeouts,player_prop,pitcher_k,TB,BAL,FanDuel,fanduel,163227043e0edc8544e84f24250fe6b3,Over,over,4.5,102,MLB|pitcher_strikeouts|name:steven matz|over|4.5,MLB|pitcher_strikeouts|name:steven matz|over|4.5|fanduel,xgboost_champion,champion,pitcher_k_model_v1,mlb_pitcher_props_policy_v1,3.988586187362671,3.988586187362671,0.6386005694434638,7.3385718052818785,3.349985617919207,-0.5114138126373291,False,,,,2,,,2026-05-28T11:42:47.951871-04:00,current_workflow
2026-05-27|xgboost_champion|2026-05-27|MLB|pitcher_strikeouts|name:steven matz|under|4.5|fanduel,2026-05-27|MLB|pitcher_strikeouts|name:steven matz|under|4.5|fanduel,2026-05-27,steven matz,mlbam_player:571927,mlbam_player:571927,571927,mlbam_player,steven matz,MLB,pitcher_strikeouts,player_prop,pitcher_k,TB,BAL,FanDuel,fanduel,163227043e0edc8544e84f24250fe6b3,Under,under,4.5,-136,MLB|pitcher_strikeouts|name:steven matz|under|4.5,MLB|pitcher_strikeouts|name:steven matz|under|4.5|fanduel,xgboost_champion,champion,pitcher_k_model_v1,mlb_pitcher_props_policy_v1,3.988586187362671,3.988586187362671,0.6386005694434638,7.3385718052818785,3.349985617919207,0.5114138126373291,True,11.0,lean,low,2,W,0.7352941176470589,2026-05-28T11:42:47.951871-04:00,current_workflow
2026-05-27|xgboost_champion|2026-05-27|MLB|pitcher_strikeouts|name:logan gilbert|over|6.5|fanduel,2026-05-27|MLB|pitcher_strikeouts|name:logan gilbert|over|6.5|fanduel,2026-05-27,logan gilbert,mlbam_player:669302,mlbam_player:669302,669302,mlbam_player,logan gilbert,MLB,pitcher_strikeouts,player_prop,pitcher_k,SEA,ATH,FanDuel,fanduel,adfc9cd4529fc7b4ed6fb31e0e3d714c,Over,over,6.5,136,MLB|pitcher_strikeouts|name:logan gilbert|over|6.5,MLB|pitcher_strikeouts|name:logan gilbert|over|6.5|fanduel,xgboost_champion,champion,pitcher_k_model_v1,mlb_pitcher_props_policy_v1,5.407680034637451,5.407680034637451,0.95238807577329,9.862971993501612,4.455291958864161,-1.0923199653625488,False,,,,6,,,2026-05-28T11:42:47.951871-04:00,current_workflow
2026-05-27|xgboost_champion|2026-05-27|MLB|pitcher_strikeouts|name:logan gilbert|under|6.5|fanduel,2026-05-27|MLB|pitcher_strikeouts|name:logan gilbert|under|6.5|fanduel,2026-05-27,logan gilbert,mlbam_player:669302,mlbam_player:669302,669302,mlbam_player,logan gilbert,MLB,pitcher_strikeouts,player_prop,pitcher_k,SEA,ATH,FanDuel,fanduel,adfc9cd4529fc7b4ed6fb31e0e3d714c,Under,under,6.5,-182,MLB|pitcher_strikeouts|name:logan gilbert|under|6.5,MLB|pitcher_strikeouts|name:logan gilbert|under|6.5|fanduel,xgboost_champion,champion,pitcher_k_model_v1,mlb_pitcher_props_policy_v1,5.407680034637451,5.407680034637451,0.95238807577329,9.862971993501612,4.455291958864161,1.0923199653625488,True,4.0,official,medium,6,W,0.5494505494505495,2026-05-28T11:42:47.951871-04:00,current_workflow
2026-05-27|xgboost_champion|2026-05-27|MLB|pitcher_strikeouts|name:logan gilbert|over|5.5|draftkings,2026-05-27|MLB|pitcher_strikeouts|name:logan gilbert|over|5.5|draftkings,2026-05-27,logan gilbert,mlbam_player:669302,mlbam_player:669302,669302,mlbam_player,logan gilbert,MLB,pitcher_strikeouts,player_prop,pitcher_k,SEA,ATH,DraftKings,draftkings,adfc9cd4529fc7b4ed6fb31e0e3d714c,Over,over,5.5,-147,MLB|pitcher_strikeouts|name:logan gilbert|over|5.5,MLB|pitcher_strikeouts|name:logan gilbert|over|5.5|draftkings,xgboost_champion,champion,pitcher_k_model_v1,mlb_pitcher_props_policy_v1,5.407680034637451,5.407680034637451,0.95238807577329,9.862971993501612,4.455291958864161,-0.0923199653625488,False,,,,6,,,2026-05-28T11:42:47.951871-04:00,current_workflow
2026-05-27|xgboost_champion|2026-05-27|MLB|pitcher_strikeouts|name:logan gilbert|under|5.5|draftkings,2026-05-27|MLB|pitcher_strikeouts|name:logan gilbert|under|5.5|draftkings,2026-05-27,logan gilbert,mlbam_player:669302,mlbam_player:669302,669302,mlbam_player,logan gilbert,MLB,pitcher_strikeouts,player_prop,pitcher_k,SEA,ATH,DraftKings,draftkings,adfc9cd4529fc7b4ed6fb31e0e3d714c,Under,under,5.5,115,MLB|pitcher_strikeouts|name:logan gilbert|under|5.5,MLB|pitcher_strikeouts|name:logan gilbert|under|5.5|draftkings,xgboost_champion,champion,pitcher_k_model_v1,mlb_pitcher_props_policy_v1,5.407680034637451,5.407680034637451,0.95238807577329,9.862971993501612,4.455291958864161,0.0923199653625488,False,,,,6,,,2026-05-28T11:42:47.951871-04:00,current_workflow
2026-05-27|xgboost_champion|2026-05-27|MLB|pitcher_strikeouts|name:logan gilbert|over|5.5|betmgm,2026-05-27|MLB|pitcher_strikeouts|name:logan gilbert|over|5.5|betmgm,2026-05-27,logan gilbert,mlbam_player:669302,mlbam_player:669302,669302,mlbam_player,logan gilbert,MLB,pitcher_strikeouts,player_prop,pitcher_k,SEA,ATH,BetMGM,betmgm,adfc9cd4529fc7b4ed6fb31e0e3d714c,Over,over,5.5,-140,MLB|pitcher_strikeouts|name:logan gilbert|over|5.5,MLB|pitcher_strikeouts|name:logan gilbert|over|5.5|betmgm,xgboost_champion,champion,pitcher_k_model_v1,mlb_pitcher_props_policy_v1,5.407680034637451,5.407680034637451,0.95238807577329,9.862971993501612,4.455291958864161,-0.0923199653625488,False,,,,6,,,2026-05-28T11:42:47.951871-04:00,current_workflow
2026-05-27|xgboost_champion|2026-05-27|MLB|pitcher_strikeouts|name:logan gilbert|under|5.5|betmgm,2026-05-27|MLB|pitcher_strikeouts|name:logan gilbert|under|5.5|betmgm,2026-05-27,logan gilbert,mlbam_player:669302,mlbam_player:669302,669302,mlbam_player,logan gilbert,MLB,pitcher_strikeouts,player_prop,pitcher_k,SEA,ATH,BetMGM,betmgm,adfc9cd4529fc7b4ed6fb31e0e3d714c,Under,under,5.5,105,MLB|pitcher_strikeouts|name:logan gilbert|under|5.5,MLB|pitcher_strikeouts|name:logan gilbert|under|5.5|betmgm,xgboost_champion,champion,pitcher_k_model_v1,mlb_pitcher_props_policy_v1,5.407680034637451,5.407680034637451,0.95238807577329,9.862971993501612,4.455291958864161,0.0923199653625488,False,,,,6,,,2026-05-28T11:42:47.951871-04:00,current_workflow
2026-05-27|xgboost_champion|2026-05-27|MLB|pitcher_strikeouts|name:jeffrey springs|over|4.5|fanduel,2026-05-27|MLB|pitcher_strikeouts|name:jeffrey springs|over|4.5|fanduel,2026-05-27,jeffrey springs,mlbam_player:605488,mlbam_player:605488,605488,mlbam_player,jeffrey springs,MLB,pitcher_strikeouts,player_prop,pitcher_k,ATH,SEA,FanDuel,fanduel,adfc9cd4529fc7b4ed6fb31e0e3d714c,Over,over,4.5,-110,MLB|pitcher_strikeouts|name:jeffrey springs|over|4.5,MLB|pitcher_strikeouts|name:jeffrey springs|over|4.5|fanduel,xgboost_champion,champion,pitcher_k_model_v1,mlb_pitcher_props_policy_v1,4.454610824584961,4.454610824584961,2.181511249986672,6.72771039918325,2.2730995745982887,-0.045389175415039,False,,,,7,,,2026-05-28T11:42:47.951871-04:00,current_workflow
2026-05-27|xgboost_champion|2026-05-27|MLB|pitcher_strikeouts|name:jeffrey springs|under|4.5|fanduel,2026-05-27|MLB|pitcher_strikeouts|name:jeffrey springs|under|4.5|fanduel,2026-05-27,jeffrey springs,mlbam_player:605488,mlbam_player:605488,605488,mlbam_player,jeffrey springs,MLB,pitcher_strikeouts,player_prop,pitcher_k,ATH,SEA,FanDuel,fanduel,adfc9cd4529fc7b4ed6fb31e0e3d714c,Under,under,4.5,-110,MLB|pitcher_strikeouts|name:jeffrey springs|under|4.5,MLB|pitcher_strikeouts|name:jeffrey springs|under|4.5|fanduel,xgboost_champion,champion,pitcher_k_model_v1,mlb_pitcher_props_policy_v1,4.454610824584961,4.454610824584961,2.181511249986672,6.72771039918325,2.2730995745982887,0.045389175415039,False,,,,7,,,2026-05-28T11:42:47.951871-04:00,current_workflow
2026-05-27|xgboost_champion|2026-05-27|MLB|pitcher_strikeouts|name:jeffrey springs|over|4.5|draftkings,2026-05-27|MLB|pitcher_strikeouts|name:jeffrey springs|over|4.5|draftkings,2026-05-27,jeffrey springs,mlbam_player:605488,mlbam_player:605488,605488,mlbam_player,jeffrey springs,MLB,pitcher_strikeouts,player_prop,pitcher_k,ATH,SEA,DraftKings,draftkings,adfc9cd4529fc7b4ed6fb31e0e3d714c,Over,over,4.5,-116,MLB|pitcher_strikeouts|name:jeffrey springs|over|4.5,MLB|pitcher_strikeouts|name:jeffrey springs|over|4.5|draftkings,xgboost_champion,champion,pitcher_k_model_v1,mlb_pitcher_props_policy_v1,4.454610824584961,4.454610824584961,2.181511249986672,6.72771039918325,2.2730995745982887,-0.045389175415039,False,,,,7,,,2026-05-28T11:42:47.951871-04:00,current_workflow
2026-05-27|xgboost_champion|2026-05-27|MLB|pitcher_strikeouts|name:jeffrey springs|under|4.5|draftkings,2026-05-27|MLB|pitcher_strikeouts|name:jeffrey springs|under|4.5|draftkings,2026-05-27,jeffrey springs,mlbam_player:605488,mlbam_player:605488,605488,mlbam_player,jeffrey springs,MLB,pitcher_strikeouts,player_prop,pitcher_k,ATH,SEA,DraftKings,draftkings,adfc9cd4529fc7b4ed6fb31e0e3d714c,Under,under,4.5,-110,MLB|pitcher_strikeouts|name:jeffrey springs|under|4.5,MLB|pitcher_strikeouts|name:jeffrey springs|under|4.5|draftkings,xgboost_champion,champion,pitcher_k_model_v1,mlb_pitcher_props_policy_v1,4.454610824584961,4.454610824584961,2.181511249986672,6.72771039918325,2.2730995745982887,0.045389175415039,False,,,,7,,,2026-05-28T11:42:47.951871-04:00,current_workflow
2026-05-27|xgboost_champion|2026-05-27|MLB|pitcher_strikeouts|name:jeffrey springs|over|4.5|betmgm,2026-05-27|MLB|pitcher_strikeouts|name:jeffrey springs|over|4.5|betmgm,2026-05-27,jeffrey springs,mlbam_player:605488,mlbam_player:605488,605488,mlbam_player,jeffrey springs,MLB,pitcher_strikeouts,player_prop,pitcher_k,ATH,SEA,BetMGM,betmgm,adfc9cd4529fc7b4ed6fb31e0e3d714c,Over,over,4.5,-110,MLB|pitcher_strikeouts|name:jeffrey springs|over|4.5,MLB|pitcher_strikeouts|name:jeffrey springs|over|4.5|betmgm,xgboost_champion,champion,pitcher_k_model_v1,mlb_pitcher_props_policy_v1,4.454610824584961,4.454610824584961,2.181511249986672,6.72771039918325,2.2730995745982887,-0.045389175415039,False,,,,7,,,2026-05-28T11:42:47.951871-04:00,current_workflow
2026-05-27|xgboost_champion|2026-05-27|MLB|pitcher_strikeouts|name:jeffrey springs|under|4.5|betmgm,2026-05-27|MLB|pitcher_strikeouts|name:jeffrey springs|under|4.5|betmgm,2026-05-27,jeffrey springs,mlbam_player:605488,mlbam_player:605488,605488,mlbam_player,jeffrey springs,MLB,pitcher_strikeouts,player_prop,pitcher_k,ATH,SEA,BetMGM,betmgm,adfc9cd4529fc7b4ed6fb31e0e3d714c,Under,under,4.5,-120,MLB|pitcher_strikeouts|name:jeffrey springs|under|4.5,MLB|pitcher_strikeouts|name:jeffrey springs|under|4.5|betmgm,xgboost_champion,champion,pitcher_k_model_v1,mlb_pitcher_props_policy_v1,4.454610824584961,4.454610824584961,2.181511249986672,6.72771039918325,2.2730995745982887,0.045389175415039,False,,,,7,,,2026-05-28T11:42:47.951871-04:00,current_workflow
2026-05-27|ridge_challenger|2026-05-27|MLB|pitcher_strikeouts|name:eury perez|over|5.5|fanduel,2026-05-27|MLB|pitcher_strikeouts|name:eury perez|over|5.5|fanduel,2026-05-27,eury perez,mlbam_player:691587,mlbam_player:691587,691587,mlbam_player,eury perez,MLB,pitcher_strikeouts,player_prop,pitcher_k,MIA,TOR,FanDuel,fanduel,6dd8c66f2fcc65059e5f099901f4a42b,Over,over,5.5,120,MLB|pitcher_strikeouts|name:eury perez|over|5.5,MLB|pitcher_strikeouts|name:eury perez|over|5.5|fanduel,ridge_challenger,challenger,single_stage_direct_count_regression_ridge_shadow_alpha_0.01,mlb_pitcher_props_policy_v1,5.261456605045334,5.261456605045334,0.7281159499935477,9.79479726009712,4.533340655051786,-0.2385433949546662,False,,,,9,,,2026-05-28T11:42:47.951871-04:00,current_workflow
2026-05-27|ridge_challenger|2026-05-27|MLB|pitcher_strikeouts|name:eury perez|under|5.5|fanduel,2026-05-27|MLB|pitcher_strikeouts|name:eury perez|under|5.5|fanduel,2026-05-27,eury perez,mlbam_player:691587,mlbam_player:691587,691587,mlbam_player,eury perez,MLB,pitcher_strikeouts,player_prop,pitcher_k,MIA,TOR,FanDuel,fanduel,6dd8c66f2fcc65059e5f099901f4a42b,Under,under,5.5,-160,MLB|pitcher_strikeouts|name:eury perez|under|5.5,MLB|pitcher_strikeouts|name:eury perez|under|5.5|fanduel,ridge_challenger,challenger,single_stage_direct_count_regression_ridge_shadow_alpha_0.01,mlb_pitcher_props_policy_v1,5.261456605045334,5.261456605045334,0.7281159499935477,9.79479726009712,4.533340655051786,0.2385433949546662,False,,,,9,,,2026-05-28T11:42:47.951871-04:00,current_workflow
2026-05-27|ridge_challenger|2026-05-27|MLB|pitcher_strikeouts|name:eury perez|over|5.5|draftkings,2026-05-27|MLB|pitcher_strikeouts|name:eury perez|over|5.5|draftkings,2026-05-27,eury perez,mlbam_player:691587,mlbam_player:691587,691587,mlbam_player,eury perez,MLB,pitcher_strikeouts,player_prop,pitcher_k,MIA,TOR,DraftKings,draftkings,6dd8c66f2fcc65059e5f099901f4a42b,Over,over,5.5,126,MLB|pitcher_strikeouts|name:eury perez|over|5.5,MLB|pitcher_strikeouts|name:eury perez|over|5.5|draftkings,ridge_challenger,challenger,single_stage_direct_count_regression_ridge_shadow_alpha_0.01,mlb_pitcher_props_policy_v1,5.261456605045334,5.261456605045334,0.7281159499935477,9.79479726009712,4.533340655051786,-0.2385433949546662,False,,,,9,,,2026-05-28T11:42:47.951871-04:00,current_workflow
2026-05-27|ridge_challenger|2026-05-27|MLB|pitcher_strikeouts|name:eury perez|under|5.5|draftkings,2026-05-27|MLB|pitcher_strikeouts|name:eury perez|under|5.5|draftkings,2026-05-27,eury perez,mlbam_player:691587,mlbam_player:691587,691587,mlbam_player,eury perez,MLB,pitcher_strikeouts,player_prop,pitcher_k,MIA,TOR,DraftKings,draftkings,6dd8c66f2fcc65059e5f099901f4a42b,Under,under,5.5,-161,MLB|pitcher_strikeouts|name:eury perez|under|5.5,MLB|pitcher_strikeouts|name:eury perez|under|5.5|draftkings,ridge_challenger,challenger,single_stage_direct_count_regression_ridge_shadow_alpha_0.01,mlb_pitcher_props_policy_v1,5.261456605045334,5.261456605045334,0.7281159499935477,9.79479726009712,4.533340655051786,0.2385433949546662,False,,,,9,,,2026-05-28T11:42:47.951871-04:00,current_workflow
2026-05-27|ridge_challenger|2026-05-27|MLB|pitcher_strikeouts|name:eury perez|over|5.5|betmgm,2026-05-27|MLB|pitcher_strikeouts|name:eury perez|over|5.5|betmgm,2026-05-27,eury perez,mlbam_player:691587,mlbam_player:691587,691587,mlbam_player,eury perez,MLB,pitcher_strikeouts,player_prop,pitcher_k,MIA,TOR,BetMGM,betmgm,6dd8c66f2fcc65059e5f099901f4a42b,Over,over,5.5,110,MLB|pitcher_strikeouts|name:eury perez|over|5.5,MLB|pitcher_strikeouts|name:eury perez|over|5.5|betmgm,ridge_challenger,challenger,single_stage_direct_count_regression_ridge_shadow_alpha_0.01,mlb_pitcher_props_policy_v1,5.261456605045334,5.261456605045334,0.7281159499935477,9.79479726009712,4.533340655051786,-0.2385433949546662,False,,,,9,,,2026-05-28T11:42:47.951871-04:00,current_workflow
2026-05-27|ridge_challenger|2026-05-27|MLB|pitcher_strikeouts|name:eury perez|under|5.5|betmgm,2026-05-27|MLB|pitcher_strikeouts|name:eury perez|under|5.5|betmgm,2026-05-27,eury perez,mlbam_player:691587,mlbam_player:691587,691587,mlbam_player,eury perez,MLB,pitcher_strikeouts,player_prop,pitcher_k,MIA,TOR,BetMGM,betmgm,6dd8c66f2fcc65059e5f099901f4a42b,Under,under,5.5,-150,MLB|pitcher_strikeouts|name:eury perez|under|5.5,MLB|pitcher_strikeouts|name:eury perez|under|5.5|betmgm,ridge_challenger,challenger,single_stage_direct_count_regression_ridge_shadow_alpha_0.01,mlb_pitcher_props_policy_v1,5.261456605045334,5.261456605045334,0.7281159499935477,9.79479726009712,4.533340655051786,0.2385433949546662,False,,,,9,,,2026-05-28T11:42:47.951871-04:00,current_workflow
2026-05-27|ridge_challenger|2026-05-27|MLB|pitcher_strikeouts|name:kevin gausman|over|5.5|fanduel,2026-05-27|MLB|pitcher_strikeouts|name:kevin gausman|over|5.5|fanduel,2026-05-27,kevin gausman,mlbam_player:592332,mlbam_player:592332,592332,mlbam_player,kevin gausman,MLB,pitcher_strikeouts,player_prop,pitcher_k,TOR,MIA,FanDuel,fanduel,6dd8c66f2fcc65059e5f099901f4a42b,Over,over,5.5,-110,MLB|pitcher_strikeouts|name:kevin gausman|over|5.5,MLB|pitcher_strikeouts|name:kevin gausman|over|5.5|fanduel,ridge_challenger,challenger,single_stage_direct_count_regression_ridge_shadow_alpha_0.01,mlb_pitcher_props_policy_v1,5.414766589080891,5.414766589080891,2.562867538307831,8.26666563985395,2.85189905077306,-0.085233410919109,False,,,,5,,,2026-05-28T11:42:47.951871-04:00,current_workflow
2026-05-27|ridge_challenger|2026-05-27|MLB|pitcher_strikeouts|name:kevin gausman|under|5.5|fanduel,2026-05-27|MLB|pitcher_strikeouts|name:kevin gausman|under|5.5|fanduel,2026-05-27,kevin gausman,mlbam_player:592332,mlbam_player:592332,592332,mlbam_player,kevin gausman,MLB,pitcher_strikeouts,player_prop,pitcher_k,TOR,MIA,FanDuel,fanduel,6dd8c66f2fcc65059e5f099901f4a42b,Under,under,5.5,-110,MLB|pitcher_strikeouts|name:kevin gausman|under|5.5,MLB|pitcher_strikeouts|name:kevin gausman|under|5.5|fanduel,ridge_challenger,challenger,single_stage_direct_count_regression_ridge_shadow_alpha_0.01,mlb_pitcher_props_policy_v1,5.414766589080891,5.414766589080891,2.562867538307831,8.26666563985395,2.85189905077306,0.085233410919109,False,,,,5,,,2026-05-28T11:42:47.951871-04:00,current_workflow
2026-05-27|ridge_challenger|2026-05-27|MLB|pitcher_strikeouts|name:kevin gausman|over|5.5|draftkings,2026-05-27|MLB|pitcher_strikeouts|name:kevin gausman|over|5.5|draftkings,2026-05-27,kevin gausman,mlbam_player:592332,mlbam_player:592332,592332,mlbam_player,kevin gausman,MLB,pitcher_strikeouts,player_prop,pitcher_k,TOR,MIA,DraftKings,draftkings,6dd8c66f2fcc65059e5f099901f4a42b,Over,over,5.5,-111,MLB|pitcher_strikeouts|name:kevin gausman|over|5.5,MLB|pitcher_strikeouts|name:kevin gausman|over|5.5|draftkings,ridge_challenger,challenger,single_stage_direct_count_regression_ridge_shadow_alpha_0.01,mlb_pitcher_props_policy_v1,5.414766589080891,5.414766589080891,2.562867538307831,8.26666563985395,2.85189905077306,-0.085233410919109,False,,,,5,,,2026-05-28T11:42:47.951871-04:00,current_workflow
2026-05-27|ridge_challenger|2026-05-27|MLB|pitcher_strikeouts|name:kevin gausman|under|5.5|draftkings,2026-05-27|MLB|pitcher_strikeouts|name:kevin gausman|under|5.5|draftkings,2026-05-27,kevin gausman,mlbam_player:592332,mlbam_player:592332,592332,mlbam_player,kevin gausman,MLB,pitcher_strikeouts,player_prop,pitcher_k,TOR,MIA,DraftKings,draftkings,6dd8c66f2fcc65059e5f099901f4a42b,Under,under,5.5,-115,MLB|pitcher_strikeouts|name:kevin gausman|under|5.5,MLB|pitcher_strikeouts|name:kevin gausman|under|5.5|draftkings,ridge_challenger,challenger,single_stage_direct_count_regression_ridge_shadow_alpha_0.01,mlb_pitcher_props_policy_v1,5.414766589080891,5.414766589080891,2.562867538307831,8.26666563985395,2.85189905077306,0.085233410919109,False,,,,5,,,2026-05-28T11:42:47.951871-04:00,current_workflow
2026-05-27|ridge_challenger|2026-05-27|MLB|pitcher_strikeouts|name:kevin gausman|over|6.5|betmgm,2026-05-27|MLB|pitcher_strikeouts|name:kevin gausman|over|6.5|betmgm,2026-05-27,kevin gausman,mlbam_player:592332,mlbam_player:592332,592332,mlbam_player,kevin gausman,MLB,pitcher_strikeouts,player_prop,pitcher_k,TOR,MIA,BetMGM,betmgm,6dd8c66f2fcc65059e5f099901f4a42b,Over,over,6.5,135,MLB|pitcher_strikeouts|name:kevin gausman|over|6.5,MLB|pitcher_strikeouts|name:kevin gausman|over|6.5|betmgm,ridge_challenger,challenger,single_stage_direct_count_regression_ridge_shadow_alpha_0.01,mlb_pitcher_props_policy_v1,5.414766589080891,5.414766589080891,2.562867538307831,8.26666563985395,2.85189905077306,-1.085233410919109,False,,,,5,,,2026-05-28T11:42:47.951871-04:00,current_workflow
2026-05-27|ridge_challenger|2026-05-27|MLB|pitcher_strikeouts|name:kevin gausman|under|6.5|betmgm,2026-05-27|MLB|pitcher_strikeouts|name:kevin gausman|under|6.5|betmgm,2026-05-27,kevin gausman,mlbam_player:592332,mlbam_player:592332,592332,mlbam_player,kevin gausman,MLB,pitcher_strikeouts,player_prop,pitcher_k,TOR,MIA,BetMGM,betmgm,6dd8c66f2fcc65059e5f099901f4a42b,Under,under,6.5,-185,MLB|pitcher_strikeouts|name:kevin gausman|under|6.5,MLB|pitcher_strikeouts|name:kevin gausman|under|6.5|betmgm,ridge_challenger,challenger,single_stage_direct_count_regression_ridge_shadow_alpha_0.01,mlb_pitcher_props_policy_v1,5.414766589080891,5.414766589080891,2.562867538307831,8.26666563985395,2.85189905077306,1.085233410919109,True,4.0,official,medium,5,W,0.5405405405405406,2026-05-28T11:42:47.951871-04:00,current_workflow
2026-05-27|ridge_challenger|2026-05-27|MLB|pitcher_strikeouts|name:mike burrows|over|4.5|fanduel,2026-05-27|MLB|pitcher_strikeouts|name:mike burrows|over|4.5|fanduel,2026-05-27,mike burrows,mlbam_player:681347,mlbam_player:681347,681347,mlbam_player,mike burrows,MLB,pitcher_strikeouts,player_prop,pitcher_k,HOU,TEX,FanDuel,fanduel,228dd3c2e156b75b9ed49b10de2e6765,Over,over,4.5,-104,MLB|pitcher_strikeouts|name:mike burrows|over|4.5,MLB|pitcher_strikeouts|name:mike burrows|over|4.5|fanduel,ridge_challenger,challenger,single_stage_direct_count_regression_ridge_shadow_alpha_0.01,mlb_pitcher_props_policy_v1,4.862967232488978,4.862967232488978,2.1502701409422698,7.575664324035685,2.712697091546708,0.3629672324889776,False,,,,6,,,2026-05-28T11:42:47.951871-04:00,current_workflow
2026-05-27|ridge_challenger|2026-05-27|MLB|pitcher_strikeouts|name:mike burrows|under|4.5|fanduel,2026-05-27|MLB|pitcher_strikeouts|name:mike burrows|under|4.5|fanduel,2026-05-27,mike burrows,mlbam_player:681347,mlbam_player:681347,681347,mlbam_player,mike burrows,MLB,pitcher_strikeouts,player_prop,pitcher_k,HOU,TEX,FanDuel,fanduel,228dd3c2e156b75b9ed49b10de2e6765,Under,under,4.5,-125,MLB|pitcher_strikeouts|name:mike burrows|under|4.5,MLB|pitcher_strikeouts|name:mike burrows|under|4.5|fanduel,ridge_challenger,challenger,single_stage_direct_count_regression_ridge_shadow_alpha_0.01,mlb_pitcher_props_policy_v1,4.862967232488978,4.862967232488978,2.1502701409422698,7.575664324035685,2.712697091546708,-0.3629672324889776,False,,,,6,,,2026-05-28T11:42:47.951871-04:00,current_workflow
2026-05-27|ridge_challenger|2026-05-27|MLB|pitcher_strikeouts|name:mike burrows|over|4.5|draftkings,2026-05-27|MLB|pitcher_strikeouts|name:mike burrows|over|4.5|draftkings,2026-05-27,mike burrows,mlbam_player:681347,mlbam_player:681347,681347,mlbam_player,mike burrows,MLB,pitcher_strikeouts,player_prop,pitcher_k,HOU,TEX,DraftKings,draftkings,228dd3c2e156b75b9ed49b10de2e6765,Over,over,4.5,-105,MLB|pitcher_strikeouts|name:mike burrows|over|4.5,MLB|pitcher_strikeouts|name:mike burrows|over|4.5|draftkings,ridge_challenger,challenger,single_stage_direct_count_regression_ridge_shadow_alpha_0.01,mlb_pitcher_props_policy_v1,4.862967232488978,4.862967232488978,2.1502701409422698,7.575664324035685,2.712697091546708,0.3629672324889776,False,,,,6,,,2026-05-28T11:42:47.951871-04:00,current_workflow
2026-05-27|ridge_challenger|2026-05-27|MLB|pitcher_strikeouts|name:mike burrows|under|4.5|draftkings,2026-05-27|MLB|pitcher_strikeouts|name:mike burrows|under|4.5|draftkings,2026-05-27,mike burrows,mlbam_player:681347,mlbam_player:681347,681347,mlbam_player,mike burrows,MLB,pitcher_strikeouts,player_prop,pitcher_k,HOU,TEX,DraftKings,draftkings,228dd3c2e156b75b9ed49b10de2e6765,Under,under,4.5,-122,MLB|pitcher_strikeouts|name:mike burrows|under|4.5,MLB|pitcher_strikeouts|name:mike burrows|under|4.5|draftkings,ridge_challenger,challenger,single_stage_direct_count_regression_ridge_shadow_alpha_0.01,mlb_pitcher_props_policy_v1,4.862967232488978,4.862967232488978,2.1502701409422698,7.575664324035685,2.712697091546708,-0.3629672324889776,False,,,,6,,,2026-05-28T11:42:47.951871-04:00,current_workflow
2026-05-27|ridge_challenger|2026-05-27|MLB|pitcher_strikeouts|name:mike burrows|over|4.5|betmgm,2026-05-27|MLB|pitcher_strikeouts|name:mike burrows|over|4.5|betmgm,2026-05-27,mike burrows,mlbam_player:681347,mlbam_player:681347,681347,mlbam_player,mike burrows,MLB,pitcher_strikeouts,player_prop,pitcher_k,HOU,TEX,BetMGM,betmgm,228dd3c2e156b75b9ed49b10de2e6765,Over,over,4.5,-135,MLB|pitcher_strikeouts|name:mike burrows|over|4.5,MLB|pitcher_strikeouts|name:mike burrows|over|4.5|betmgm,ridge_challenger,challenger,single_stage_direct_count_regression_ridge_shadow_alpha_0.01,mlb_pitcher_props_policy_v1,4.862967232488978,4.862967232488978,2.1502701409422698,7.575664324035685,2.712697091546708,0.3629672324889776,False,,,,6,,,2026-05-28T11:42:47.951871-04:00,current_workflow
2026-05-27|ridge_challenger|2026-05-27|MLB|pitcher_strikeouts|name:mike burrows|under|4.5|betmgm,2026-05-27|MLB|pitcher_strikeouts|name:mike burrows|under|4.5|betmgm,2026-05-27,mike burrows,mlbam_player:681347,mlbam_player:681347,681347,mlbam_player,mike burrows,MLB,pitcher_strikeouts,player_prop,pitcher_k,HOU,TEX,BetMGM,betmgm,228dd3c2e156b75b9ed49b10de2e6765,Under,under,4.5,100,MLB|pitcher_strikeouts|name:mike burrows|under|4.5,MLB|pitcher_strikeouts|name:mike burrows|under|4.5|betmgm,ridge_challenger,challenger,single_stage_direct_count_regression_ridge_shadow_alpha_0.01,mlb_pitcher_props_policy_v1,4.862967232488978,4.862967232488978,2.1502701409422698,7.575664324035685,2.712697091546708,-0.3629672324889776,False,,,,6,,,2026-05-28T11:42:47.951871-04:00,current_workflow
2026-05-27|ridge_challenger|2026-05-27|MLB|pitcher_strikeouts|name:jacob degrom|over|6.5|fanduel,2026-05-27|MLB|pitcher_strikeouts|name:jacob degrom|over|6.5|fanduel,2026-05-27,jacob degrom,mlbam_player:594798,mlbam_player:594798,594798,mlbam_player,jacob degrom,MLB,pitcher_strikeouts,player_prop,pitcher_k,TEX,HOU,FanDuel,fanduel,228dd3c2e156b75b9ed49b10de2e6765,Over,over,6.5,-115,MLB|pitcher_strikeouts|name:jacob degrom|over|6.5,MLB|pitcher_strikeouts|name:jacob degrom|over|6.5|fanduel,ridge_challenger,challenger,single_stage_direct_count_regression_ridge_shadow_alpha_0.01,mlb_pitcher_props_policy_v1,6.128330778528445,6.128330778528445,3.255290600358178,9.001370956698713,2.8730401781702675,-0.3716692214715547,False,,,,6,,,2026-05-28T11:42:47.951871-04:00,current_workflow
2026-05-27|ridge_challenger|2026-05-27|MLB|pitcher_strikeouts|name:jacob degrom|under|6.5|fanduel,2026-05-27|MLB|pitcher_strikeouts|name:jacob degrom|under|6.5|fanduel,2026-05-27,jacob degrom,mlbam_player:594798,mlbam_player:594798,594798,mlbam_player,jacob degrom,MLB,pitcher_strikeouts,player_prop,pitcher_k,TEX,HOU,FanDuel,fanduel,228dd3c2e156b75b9ed49b10de2e6765,Under,under,6.5,-105,MLB|pitcher_strikeouts|name:jacob degrom|under|6.5,MLB|pitcher_strikeouts|name:jacob degrom|under|6.5|fanduel,ridge_challenger,challenger,single_stage_direct_count_regression_ridge_shadow_alpha_0.01,mlb_pitcher_props_policy_v1,6.128330778528445,6.128330778528445,3.255290600358178,9.001370956698713,2.8730401781702675,0.3716692214715547,False,,,,6,,,2026-05-28T11:42:47.951871-04:00,current_workflow
2026-05-27|ridge_challenger|2026-05-27|MLB|pitcher_strikeouts|name:jacob degrom|over|6.5|draftkings,2026-05-27|MLB|pitcher_strikeouts|name:jacob degrom|over|6.5|draftkings,2026-05-27,jacob degrom,mlbam_player:594798,mlbam_player:594798,594798,mlbam_player,jacob degrom,MLB,pitcher_strikeouts,player_prop,pitcher_k,TEX,HOU,DraftKings,draftkings,228dd3c2e156b75b9ed49b10de2e6765,Over,over,6.5,-112,MLB|pitcher_strikeouts|name:jacob degrom|over|6.5,MLB|pitcher_strikeouts|name:jacob degrom|over|6.5|draftkings,ridge_challenger,challenger,single_stage_direct_count_regression_ridge_shadow_alpha_0.01,mlb_pitcher_props_policy_v1,6.128330778528445,6.128330778528445,3.255290600358178,9.001370956698713,2.8730401781702675,-0.3716692214715547,False,,,,6,,,2026-05-28T11:42:47.951871-04:00,current_workflow
2026-05-27|ridge_challenger|2026-05-27|MLB|pitcher_strikeouts|name:jacob degrom|under|6.5|draftkings,2026-05-27|MLB|pitcher_strikeouts|name:jacob degrom|under|6.5|draftkings,2026-05-27,jacob degrom,mlbam_player:594798,mlbam_player:594798,594798,mlbam_player,jacob degrom,MLB,pitcher_strikeouts,player_prop,pitcher_k,TEX,HOU,DraftKings,draftkings,228dd3c2e156b75b9ed49b10de2e6765,Under,under,6.5,-114,MLB|pitcher_strikeouts|name:jacob degrom|under|6.5,MLB|pitcher_strikeouts|name:jacob degrom|under|6.5|draftkings,ridge_challenger,challenger,single_stage_direct_count_regression_ridge_shadow_alpha_0.01,mlb_pitcher_props_policy_v1,6.128330778528445,6.128330778528445,3.255290600358178,9.001370956698713,2.8730401781702675,0.3716692214715547,False,,,,6,,,2026-05-28T11:42:47.951871-04:00,current_workflow
2026-05-27|ridge_challenger|2026-05-27|MLB|pitcher_strikeouts|name:jacob degrom|over|6.5|betmgm,2026-05-27|MLB|pitcher_strikeouts|name:jacob degrom|over|6.5|betmgm,2026-05-27,jacob degrom,mlbam_player:594798,mlbam_player:594798,594798,mlbam_player,jacob degrom,MLB,pitcher_strikeouts,player_prop,pitcher_k,TEX,HOU,BetMGM,betmgm,228dd3c2e156b75b9ed49b10de2e6765,Over,over,6.5,-135,MLB|pitcher_strikeouts|name:jacob degrom|over|6.5,MLB|pitcher_strikeouts|name:jacob degrom|over|6.5|betmgm,ridge_challenger,challenger,single_stage_direct_count_regression_ridge_shadow_alpha_0.01,mlb_pitcher_props_policy_v1,6.128330778528445,6.128330778528445,3.255290600358178,9.001370956698713,2.8730401781702675,-0.3716692214715547,False,,,,6,,,2026-05-28T11:42:47.951871-04:00,current_workflow
2026-05-27|ridge_challenger|2026-05-27|MLB|pitcher_strikeouts|name:jacob degrom|under|6.5|betmgm,2026-05-27|MLB|pitcher_strikeouts|name:jacob degrom|under|6.5|betmgm,2026-05-27,jacob degrom,mlbam_player:594798,mlbam_player:594798,594798,mlbam_player,jacob degrom,MLB,pitcher_strikeouts,player_prop,pitcher_k,TEX,HOU,BetMGM,betmgm,228dd3c2e156b75b9ed49b10de2e6765,Under,under,6.5,100,MLB|pitcher_strikeouts|name:jacob degrom|under|6.5,MLB|pitcher_strikeouts|name:jacob degrom|under|6.5|betmgm,ridge_challenger,challenger,single_stage_direct_count_regression_ridge_shadow_alpha_0.01,mlb_pitcher_props_policy_v1,6.128330778528445,6.128330778528445,3.255290600358178,9.001370956698713,2.8730401781702675,0.3716692214715547,False,,,,6,,,2026-05-28T11:42:47.951871-04:00,current_workflow
2026-05-27|ridge_challenger|2026-05-27|MLB|pitcher_strikeouts|name:michael soroka|over|5.5|fanduel,2026-05-27|MLB|pitcher_strikeouts|name:michael soroka|over|5.5|fanduel,2026-05-27,michael soroka,mlbam_player:647336,mlbam_player:647336,647336,mlbam_player,michael soroka,MLB,pitcher_strikeouts,player_prop,pitcher_k,AZ,SF,FanDuel,fanduel,0bf247d0cff39f586755507c71b2d50c,Over,over,5.5,118,MLB|pitcher_strikeouts|name:michael soroka|over|5.5,MLB|pitcher_strikeouts|name:michael soroka|over|5.5|fanduel,ridge_challenger,challenger,single_stage_direct_count_regression_ridge_shadow_alpha_0.01,mlb_pitcher_props_policy_v1,5.609360875741014,5.609360875741014,2.3125982321288823,8.906123519353145,3.296762643612132,0.1093608757410136,False,,,,3,,,2026-05-28T11:42:47.951871-04:00,current_workflow
2026-05-27|ridge_challenger|2026-05-27|MLB|pitcher_strikeouts|name:michael soroka|under|5.5|fanduel,2026-05-27|MLB|pitcher_strikeouts|name:michael soroka|under|5.5|fanduel,2026-05-27,michael soroka,mlbam_player:647336,mlbam_player:647336,647336,mlbam_player,michael soroka,MLB,pitcher_strikeouts,player_prop,pitcher_k,AZ,SF,FanDuel,fanduel,0bf247d0cff39f586755507c71b2d50c,Under,under,5.5,-158,MLB|pitcher_strikeouts|name:michael soroka|under|5.5,MLB|pitcher_strikeouts|name:michael soroka|under|5.5|fanduel,ridge_challenger,challenger,single_stage_direct_count_regression_ridge_shadow_alpha_0.01,mlb_pitcher_props_policy_v1,5.609360875741014,5.609360875741014,2.3125982321288823,8.906123519353145,3.296762643612132,-0.1093608757410136,False,,,,3,,,2026-05-28T11:42:47.951871-04:00,current_workflow
2026-05-27|ridge_challenger|2026-05-27|MLB|pitcher_strikeouts|name:michael soroka|over|5.5|draftkings,2026-05-27|MLB|pitcher_strikeouts|name:michael soroka|over|5.5|draftkings,2026-05-27,michael soroka,mlbam_player:647336,mlbam_player:647336,647336,mlbam_player,michael soroka,MLB,pitcher_strikeouts,player_prop,pitcher_k,AZ,SF,DraftKings,draftkings,0bf247d0cff39f586755507c71b2d50c,Over,over,5.5,119,MLB|pitcher_strikeouts|name:michael soroka|over|5.5,MLB|pitcher_strikeouts|name:michael soroka|over|5.5|draftkings,ridge_challenger,challenger,single_stage_direct_count_regression_ridge_shadow_alpha_0.01,mlb_pitcher_props_policy_v1,5.609360875741014,5.609360875741014,2.3125982321288823,8.906123519353145,3.296762643612132,0.1093608757410136,False,,,,3,,,2026-05-28T11:42:47.951871-04:00,current_workflow
2026-05-27|ridge_challenger|2026-05-27|MLB|pitcher_strikeouts|name:michael soroka|under|5.5|draftkings,2026-05-27|MLB|pitcher_strikeouts|name:michael soroka|under|5.5|draftkings,2026-05-27,michael soroka,mlbam_player:647336,mlbam_player:647336,647336,mlbam_player,michael soroka,MLB,pitcher_strikeouts,player_prop,pitcher_k,AZ,SF,DraftKings,draftkings,0bf247d0cff39f586755507c71b2d50c,Under,under,5.5,-153,MLB|pitcher_strikeouts|name:michael soroka|under|5.5,MLB|pitcher_strikeouts|name:michael soroka|under|5.5|draftkings,ridge_challenger,challenger,single_stage_direct_count_regression_ridge_shadow_alpha_0.01,mlb_pitcher_props_policy_v1,5.609360875741014,5.609360875741014,2.3125982321288823,8.906123519353145,3.296762643612132,-0.1093608757410136,False,,,,3,,,2026-05-28T11:42:47.951871-04:00,current_workflow
2026-05-27|ridge_challenger|2026-05-27|MLB|pitcher_strikeouts|name:michael soroka|over|5.5|betmgm,2026-05-27|MLB|pitcher_strikeouts|name:michael soroka|over|5.5|betmgm,2026-05-27,michael soroka,mlbam_player:647336,mlbam_player:647336,647336,mlbam_player,michael soroka,MLB,pitcher_strikeouts,player_prop,pitcher_k,AZ,SF,BetMGM,betmgm,0bf247d0cff39f586755507c71b2d50c,Over,over,5.5,100,MLB|pitcher_strikeouts|name:michael soroka|over|5.5,MLB|pitcher_strikeouts|name:michael soroka|over|5.5|betmgm,ridge_challenger,challenger,single_stage_direct_count_regression_ridge_shadow_alpha_0.01,mlb_pitcher_props_policy_v1,5.609360875741014,5.609360875741014,2.3125982321288823,8.906123519353145,3.296762643612132,0.1093608757410136,False,,,,3,,,2026-05-28T11:42:47.951871-04:00,current_workflow
2026-05-27|ridge_challenger|2026-05-27|MLB|pitcher_strikeouts|name:michael soroka|under|5.5|betmgm,2026-05-27|MLB|pitcher_strikeouts|name:michael soroka|under|5.5|betmgm,2026-05-27,michael soroka,mlbam_player:647336,mlbam_player:647336,647336,mlbam_player,michael soroka,MLB,pitcher_strikeouts,player_prop,pitcher_k,AZ,SF,BetMGM,betmgm,0bf247d0cff39f586755507c71b2d50c,Under,under,5.5,-135,MLB|pitcher_strikeouts|name:michael soroka|under|5.5,MLB|pitcher_strikeouts|name:michael soroka|under|5.5|betmgm,ridge_challenger,challenger,single_stage_direct_count_regression_ridge_shadow_alpha_0.01,mlb_pitcher_props_policy_v1,5.609360875741014,5.609360875741014,2.3125982321288823,8.906123519353145,3.296762643612132,-0.1093608757410136,False,,,,3,,,2026-05-28T11:42:47.951871-04:00,current_workflow
2026-05-27|ridge_challenger|2026-05-27|MLB|pitcher_strikeouts|name:cristopher sanchez|over|6.5|fanduel,2026-05-27|MLB|pitcher_strikeouts|name:cristopher sanchez|over|6.5|fanduel,2026-05-27,cristopher sanchez,mlbam_player:650911,mlbam_player:650911,650911,mlbam_player,cristopher sanchez,MLB,pitcher_strikeouts,player_prop,pitcher_k,PHI,SD,FanDuel,fanduel,37259b2bbe7415ecdf587502c33a932d,Over,over,6.5,-112,MLB|pitcher_strikeouts|name:cristopher sanchez|over|6.5,MLB|pitcher_strikeouts|name:cristopher sanchez|over|6.5|fanduel,ridge_challenger,challenger,single_stage_direct_count_regression_ridge_shadow_alpha_0.01,mlb_pitcher_props_policy_v1,6.156228752452625,6.156228752452625,2.8889679338175607,9.42348957108769,3.2672608186350645,-0.3437712475473748,False,,,,9,,,2026-05-28T11:42:47.951871-04:00,current_workflow
2026-05-27|ridge_challenger|2026-05-27|MLB|pitcher_strikeouts|name:cristopher sanchez|under|6.5|fanduel,2026-05-27|MLB|pitcher_strikeouts|name:cristopher sanchez|under|6.5|fanduel,2026-05-27,cristopher sanchez,mlbam_player:650911,mlbam_player:650911,650911,mlbam_player,cristopher sanchez,MLB,pitcher_strikeouts,player_prop,pitcher_k,PHI,SD,FanDuel,fanduel,37259b2bbe7415ecdf587502c33a932d,Under,under,6.5,-118,MLB|pitcher_strikeouts|name:cristopher sanchez|under|6.5,MLB|pitcher_strikeouts|name:cristopher sanchez|under|6.5|fanduel,ridge_challenger,challenger,single_stage_direct_count_regression_ridge_shadow_alpha_0.01,mlb_pitcher_props_policy_v1,6.156228752452625,6.156228752452625,2.8889679338175607,9.42348957108769,3.2672608186350645,0.3437712475473748,False,,,,9,,,2026-05-28T11:42:47.951871-04:00,current_workflow
2026-05-27|ridge_challenger|2026-05-27|MLB|pitcher_strikeouts|name:cristopher sanchez|over|6.5|draftkings,2026-05-27|MLB|pitcher_strikeouts|name:cristopher sanchez|over|6.5|draftkings,2026-05-27,cristopher sanchez,mlbam_player:650911,mlbam_player:650911,650911,mlbam_player,cristopher sanchez,MLB,pitcher_strikeouts,player_prop,pitcher_k,PHI,SD,DraftKings,draftkings,37259b2bbe7415ecdf587502c33a932d,Over,over,6.5,-116,MLB|pitcher_strikeouts|name:cristopher sanchez|over|6.5,MLB|pitcher_strikeouts|name:cristopher sanchez|over|6.5|draftkings,ridge_challenger,challenger,single_stage_direct_count_regression_ridge_shadow_alpha_0.01,mlb_pitcher_props_policy_v1,6.156228752452625,6.156228752452625,2.8889679338175607,9.42348957108769,3.2672608186350645,-0.3437712475473748,False,,,,9,,,2026-05-28T11:42:47.951871-04:00,current_workflow
2026-05-27|ridge_challenger|2026-05-27|MLB|pitcher_strikeouts|name:cristopher sanchez|under|6.5|draftkings,2026-05-27|MLB|pitcher_strikeouts|name:cristopher sanchez|under|6.5|draftkings,2026-05-27,cristopher sanchez,mlbam_player:650911,mlbam_player:650911,650911,mlbam_player,cristopher sanchez,MLB,pitcher_strikeouts,player_prop,pitcher_k,PHI,SD,DraftKings,draftkings,37259b2bbe7415ecdf587502c33a932d,Under,under,6.5,-109,MLB|pitcher_strikeouts|name:cristopher sanchez|under|6.5,MLB|pitcher_strikeouts|name:cristopher sanchez|under|6.5|draftkings,ridge_challenger,challenger,single_stage_direct_count_regression_ridge_shadow_alpha_0.01,mlb_pitcher_props_policy_v1,6.156228752452625,6.156228752452625,2.8889679338175607,9.42348957108769,3.2672608186350645,0.3437712475473748,False,,,,9,,,2026-05-28T11:42:47.951871-04:00,current_workflow
2026-05-27|ridge_challenger|2026-05-27|MLB|pitcher_strikeouts|name:cristopher sanchez|over|6.5|betmgm,2026-05-27|MLB|pitcher_strikeouts|name:cristopher sanchez|over|6.5|betmgm,2026-05-27,cristopher sanchez,mlbam_player:650911,mlbam_player:650911,650911,mlbam_player,cristopher sanchez,MLB,pitcher_strikeouts,player_prop,pitcher_k,PHI,SD,BetMGM,betmgm,37259b2bbe7415ecdf587502c33a932d,Over,over,6.5,-105,MLB|pitcher_strikeouts|name:cristopher sanchez|over|6.5,MLB|pitcher_strikeouts|name:cristopher sanchez|over|6.5|betmgm,ridge_challenger,challenger,single_stage_direct_count_regression_ridge_shadow_alpha_0.01,mlb_pitcher_props_policy_v1,6.156228752452625,6.156228752452625,2.8889679338175607,9.42348957108769,3.2672608186350645,-0.3437712475473748,False,,,,9,,,2026-05-28T11:42:47.951871-04:00,current_workflow
2026-05-27|ridge_challenger|2026-05-27|MLB|pitcher_strikeouts|name:cristopher sanchez|under|6.5|betmgm,2026-05-27|MLB|pitcher_strikeouts|name:cristopher sanchez|under|6.5|betmgm,2026-05-27,cristopher sanchez,mlbam_player:650911,mlbam_player:650911,650911,mlbam_player,cristopher sanchez,MLB,pitcher_strikeouts,player_prop,pitcher_k,PHI,SD,BetMGM,betmgm,37259b2bbe7415ecdf587502c33a932d,Under,under,6.5,-130,MLB|pitcher_strikeouts|name:cristopher sanchez|under|6.5,MLB|pitcher_strikeouts|name:cristopher sanchez|under|6.5|betmgm,ridge_challenger,challenger,single_stage_direct_count_regression_ridge_shadow_alpha_0.01,mlb_pitcher_props_policy_v1,6.156228752452625,6.156228752452625,2.8889679338175607,9.42348957108769,3.2672608186350645,0.3437712475473748,False,,,,9,,,2026-05-28T11:42:47.951871-04:00,current_workflow
2026-05-27|ridge_challenger|2026-05-27|MLB|pitcher_strikeouts|name:walker buehler|over|4.5|fanduel,2026-05-27|MLB|pitcher_strikeouts|name:walker buehler|over|4.5|fanduel,2026-05-27,walker buehler,mlbam_player:621111,mlbam_player:621111,621111,mlbam_player,walker buehler,MLB,pitcher_strikeouts,player_prop,pitcher_k,SD,PHI,FanDuel,fanduel,37259b2bbe7415ecdf587502c33a932d,Over,over,4.5,124,MLB|pitcher_strikeouts|name:walker buehler|over|4.5,MLB|pitcher_strikeouts|name:walker buehler|over|4.5|fanduel,ridge_challenger,challenger,single_stage_direct_count_regression_ridge_shadow_alpha_0.01,mlb_pitcher_props_policy_v1,4.011217612661303,4.011217612661303,2.1120747129576585,5.910360512364948,1.8991428997036448,-0.4887823873386967,False,,,,2,,,2026-05-28T11:42:47.951871-04:00,current_workflow
2026-05-27|ridge_challenger|2026-05-27|MLB|pitcher_strikeouts|name:walker buehler|under|4.5|fanduel,2026-05-27|MLB|pitcher_strikeouts|name:walker buehler|under|4.5|fanduel,2026-05-27,walker buehler,mlbam_player:621111,mlbam_player:621111,621111,mlbam_player,walker buehler,MLB,pitcher_strikeouts,player_prop,pitcher_k,SD,PHI,FanDuel,fanduel,37259b2bbe7415ecdf587502c33a932d,Under,under,4.5,-152,MLB|pitcher_strikeouts|name:walker buehler|under|4.5,MLB|pitcher_strikeouts|name:walker buehler|under|4.5|fanduel,ridge_challenger,challenger,single_stage_direct_count_regression_ridge_shadow_alpha_0.01,mlb_pitcher_props_policy_v1,4.011217612661303,4.011217612661303,2.1120747129576585,5.910360512364948,1.8991428997036448,0.4887823873386967,True,11.0,lean,low,2,W,0.6578947368421053,2026-05-28T11:42:47.951871-04:00,current_workflow
2026-05-27|ridge_challenger|2026-05-27|MLB|pitcher_strikeouts|name:walker buehler|over|4.5|draftkings,2026-05-27|MLB|pitcher_strikeouts|name:walker buehler|over|4.5|draftkings,2026-05-27,walker buehler,mlbam_player:621111,mlbam_player:621111,621111,mlbam_player,walker buehler,MLB,pitcher_strikeouts,player_prop,pitcher_k,SD,PHI,DraftKings,draftkings,37259b2bbe7415ecdf587502c33a932d,Over,over,4.5,129,MLB|pitcher_strikeouts|name:walker buehler|over|4.5,MLB|pitcher_strikeouts|name:walker buehler|over|4.5|draftkings,ridge_challenger,challenger,single_stage_direct_count_regression_ridge_shadow_alpha_0.01,mlb_pitcher_props_policy_v1,4.011217612661303,4.011217612661303,2.1120747129576585,5.910360512364948,1.8991428997036448,-0.4887823873386967,False,,,,2,,,2026-05-28T11:42:47.951871-04:00,current_workflow
2026-05-27|ridge_challenger|2026-05-27|MLB|pitcher_strikeouts|name:walker buehler|under|4.5|draftkings,2026-05-27|MLB|pitcher_strikeouts|name:walker buehler|under|4.5|draftkings,2026-05-27,walker buehler,mlbam_player:621111,mlbam_player:621111,621111,mlbam_player,walker buehler,MLB,pitcher_strikeouts,player_prop,pitcher_k,SD,PHI,DraftKings,draftkings,37259b2bbe7415ecdf587502c33a932d,Under,under,4.5,-165,MLB|pitcher_strikeouts|name:walker buehler|under|4.5,MLB|pitcher_strikeouts|name:walker buehler|under|4.5|draftkings,ridge_challenger,challenger,single_stage_direct_count_regression_ridge_shadow_alpha_0.01,mlb_pitcher_props_policy_v1,4.011217612661303,4.011217612661303,2.1120747129576585,5.910360512364948,1.8991428997036448,0.4887823873386967,False,,,,2,,,2026-05-28T11:42:47.951871-04:00,current_workflow
2026-05-27|ridge_challenger|2026-05-27|MLB|pitcher_strikeouts|name:walker buehler|over|4.5|betmgm,2026-05-27|MLB|pitcher_strikeouts|name:walker buehler|over|4.5|betmgm,2026-05-27,walker buehler,mlbam_player:621111,mlbam_player:621111,621111,mlbam_player,walker buehler,MLB,pitcher_strikeouts,player_prop,pitcher_k,SD,PHI,BetMGM,betmgm,37259b2bbe7415ecdf587502c33a932d,Over,over,4.5,125,MLB|pitcher_strikeouts|name:walker buehler|over|4.5,MLB|pitcher_strikeouts|name:walker buehler|over|4.5|betmgm,ridge_challenger,challenger,single_stage_direct_count_regression_ridge_shadow_alpha_0.01,mlb_pitcher_props_policy_v1,4.011217612661303,4.011217612661303,2.1120747129576585,5.910360512364948,1.8991428997036448,-0.4887823873386967,False,,,,2,,,2026-05-28T11:42:47.951871-04:00,current_workflow
2026-05-27|ridge_challenger|2026-05-27|MLB|pitcher_strikeouts|name:walker buehler|under|4.5|betmgm,2026-05-27|MLB|pitcher_strikeouts|name:walker buehler|under|4.5|betmgm,2026-05-27,walker buehler,mlbam_player:621111,mlbam_player:621111,621111,mlbam_player,walker buehler,MLB,pitcher_strikeouts,player_prop,pitcher_k,SD,PHI,BetMGM,betmgm,37259b2bbe7415ecdf587502c33a932d,Under,under,4.5,-165,MLB|pitcher_strikeouts|name:walker buehler|under|4.5,MLB|pitcher_strikeouts|name:walker buehler|under|4.5|betmgm,ridge_challenger,challenger,single_stage_direct_count_regression_ridge_shadow_alpha_0.01,mlb_pitcher_props_policy_v1,4.011217612661303,4.011217612661303,2.1120747129576585,5.910360512364948,1.8991428997036448,0.4887823873386967,False,,,,2,,,2026-05-28T11:42:47.951871-04:00,current_workflow
2026-05-27|ridge_challenger|2026-05-27|MLB|pitcher_strikeouts|name:jameson taillon|over|4.5|fanduel,2026-05-27|MLB|pitcher_strikeouts|name:jameson taillon|over|4.5|fanduel,2026-05-27,jameson taillon,mlbam_player:592791,mlbam_player:592791,592791,mlbam_player,jameson taillon,MLB,pitcher_strikeouts,player_prop,pitcher_k,CHC,PIT,FanDuel,fanduel,2b326f001d0f02dd0d2032f5291d9966,Over,over,4.5,-102,MLB|pitcher_strikeouts|name:jameson taillon|over|4.5,MLB|pitcher_strikeouts|name:jameson taillon|over|4.5|fanduel,ridge_challenger,challenger,single_stage_direct_count_regression_ridge_shadow_alpha_0.01,mlb_pitcher_props_policy_v1,4.538271528307058,4.538271528307058,1.5862755578175962,7.490267498796519,2.9519959704894614,0.0382715283070576,False,,,,4,,,2026-05-28T11:42:47.951871-04:00,current_workflow
2026-05-27|ridge_challenger|2026-05-27|MLB|pitcher_strikeouts|name:jameson taillon|under|4.5|fanduel,2026-05-27|MLB|pitcher_strikeouts|name:jameson taillon|under|4.5|fanduel,2026-05-27,jameson taillon,mlbam_player:592791,mlbam_player:592791,592791,mlbam_player,jameson taillon,MLB,pitcher_strikeouts,player_prop,pitcher_k,CHC,PIT,FanDuel,fanduel,2b326f001d0f02dd0d2032f5291d9966,Under,under,4.5,-130,MLB|pitcher_strikeouts|name:jameson taillon|under|4.5,MLB|pitcher_strikeouts|name:jameson taillon|under|4.5|fanduel,ridge_challenger,challenger,single_stage_direct_count_regression_ridge_shadow_alpha_0.01,mlb_pitcher_props_policy_v1,4.538271528307058,4.538271528307058,1.5862755578175962,7.490267498796519,2.9519959704894614,-0.0382715283070576,False,,,,4,,,2026-05-28T11:42:47.951871-04:00,current_workflow
2026-05-27|ridge_challenger|2026-05-27|MLB|pitcher_strikeouts|name:jameson taillon|over|4.5|draftkings,2026-05-27|MLB|pitcher_strikeouts|name:jameson taillon|over|4.5|draftkings,2026-05-27,jameson taillon,mlbam_player:592791,mlbam_player:592791,592791,mlbam_player,jameson taillon,MLB,pitcher_strikeouts,player_prop,pitcher_k,CHC,PIT,DraftKings,draftkings,2b326f001d0f02dd0d2032f5291d9966,Over,over,4.5,-107,MLB|pitcher_strikeouts|name:jameson taillon|over|4.5,MLB|pitcher_strikeouts|name:jameson taillon|over|4.5|draftkings,ridge_challenger,challenger,single_stage_direct_count_regression_ridge_shadow_alpha_0.01,mlb_pitcher_props_policy_v1,4.538271528307058,4.538271528307058,1.5862755578175962,7.490267498796519,2.9519959704894614,0.0382715283070576,False,,,,4,,,2026-05-28T11:42:47.951871-04:00,current_workflow
2026-05-27|ridge_challenger|2026-05-27|MLB|pitcher_strikeouts|name:jameson taillon|under|4.5|draftkings,2026-05-27|MLB|pitcher_strikeouts|name:jameson taillon|under|4.5|draftkings,2026-05-27,jameson taillon,mlbam_player:592791,mlbam_player:592791,592791,mlbam_player,jameson taillon,MLB,pitcher_strikeouts,player_prop,pitcher_k,CHC,PIT,DraftKings,draftkings,2b326f001d0f02dd0d2032f5291d9966,Under,under,4.5,-119,MLB|pitcher_strikeouts|name:jameson taillon|under|4.5,MLB|pitcher_strikeouts|name:jameson taillon|under|4.5|draftkings,ridge_challenger,challenger,single_stage_direct_count_regression_ridge_shadow_alpha_0.01,mlb_pitcher_props_policy_v1,4.538271528307058,4.538271528307058,1.5862755578175962,7.490267498796519,2.9519959704894614,-0.0382715283070576,False,,,,4,,,2026-05-28T11:42:47.951871-04:00,current_workflow
2026-05-27|ridge_challenger|2026-05-27|MLB|pitcher_strikeouts|name:jameson taillon|over|4.5|betmgm,2026-05-27|MLB|pitcher_strikeouts|name:jameson taillon|over|4.5|betmgm,2026-05-27,jameson taillon,mlbam_player:592791,mlbam_player:592791,592791,mlbam_player,jameson taillon,MLB,pitcher_strikeouts,player_prop,pitcher_k,CHC,PIT,BetMGM,betmgm,2b326f001d0f02dd0d2032f5291d9966,Over,over,4.5,-105,MLB|pitcher_strikeouts|name:jameson taillon|over|4.5,MLB|pitcher_strikeouts|name:jameson taillon|over|4.5|betmgm,ridge_challenger,challenger,single_stage_direct_count_regression_ridge_shadow_alpha_0.01,mlb_pitcher_props_policy_v1,4.538271528307058,4.538271528307058,1.5862755578175962,7.490267498796519,2.9519959704894614,0.0382715283070576,False,,,,4,,,2026-05-28T11:42:47.951871-04:00,current_workflow
2026-05-27|ridge_challenger|2026-05-27|MLB|pitcher_strikeouts|name:jameson taillon|under|4.5|betmgm,2026-05-27|MLB|pitcher_strikeouts|name:jameson taillon|under|4.5|betmgm,2026-05-27,jameson taillon,mlbam_player:592791,mlbam_player:592791,592791,mlbam_player,jameson taillon,MLB,pitcher_strikeouts,player_prop,pitcher_k,CHC,PIT,BetMGM,betmgm,2b326f001d0f02dd0d2032f5291d9966,Under,under,4.5,-125,MLB|pitcher_strikeouts|name:jameson taillon|under|4.5,MLB|pitcher_strikeouts|name:jameson taillon|under|4.5|betmgm,ridge_challenger,challenger,single_stage_direct_count_regression_ridge_shadow_alpha_0.01,mlb_pitcher_props_policy_v1,4.538271528307058,4.538271528307058,1.5862755578175962,7.490267498796519,2.9519959704894614,-0.0382715283070576,False,,,,4,,,2026-05-28T11:42:47.951871-04:00,current_workflow
2026-05-27|ridge_challenger|2026-05-27|MLB|pitcher_strikeouts|name:bubba chandler|over|4.5|fanduel,2026-05-27|MLB|pitcher_strikeouts|name:bubba chandler|over|4.5|fanduel,2026-05-27,bubba chandler,mlbam_player:696149,mlbam_player:696149,696149,mlbam_player,bubba chandler,MLB,pitcher_strikeouts,player_prop,pitcher_k,PIT,CHC,FanDuel,fanduel,2b326f001d0f02dd0d2032f5291d9966,Over,over,4.5,-110,MLB|pitcher_strikeouts|name:bubba chandler|over|4.5,MLB|pitcher_strikeouts|name:bubba chandler|over|4.5|fanduel,ridge_challenger,challenger,single_stage_direct_count_regression_ridge_shadow_alpha_0.01,mlb_pitcher_props_policy_v1,5.253924268397867,5.253924268397867,2.642929430856181,7.864919105939553,2.6109948375416856,0.7539242683978671,False,,,,5,,,2026-05-28T11:42:47.951871-04:00,current_workflow
2026-05-27|ridge_challenger|2026-05-27|MLB|pitcher_strikeouts|name:bubba chandler|under|4.5|fanduel,2026-05-27|MLB|pitcher_strikeouts|name:bubba chandler|under|4.5|fanduel,2026-05-27,bubba chandler,mlbam_player:696149,mlbam_player:696149,696149,mlbam_player,bubba chandler,MLB,pitcher_strikeouts,player_prop,pitcher_k,PIT,CHC,FanDuel,fanduel,2b326f001d0f02dd0d2032f5291d9966,Under,under,4.5,-110,MLB|pitcher_strikeouts|name:bubba chandler|under|4.5,MLB|pitcher_strikeouts|name:bubba chandler|under|4.5|fanduel,ridge_challenger,challenger,single_stage_direct_count_regression_ridge_shadow_alpha_0.01,mlb_pitcher_props_policy_v1,5.253924268397867,5.253924268397867,2.642929430856181,7.864919105939553,2.6109948375416856,-0.7539242683978671,False,,,,5,,,2026-05-28T11:42:47.951871-04:00,current_workflow
2026-05-27|ridge_challenger|2026-05-27|MLB|pitcher_strikeouts|name:bubba chandler|over|4.5|draftkings,2026-05-27|MLB|pitcher_strikeouts|name:bubba chandler|over|4.5|draftkings,2026-05-27,bubba chandler,mlbam_player:696149,mlbam_player:696149,696149,mlbam_player,bubba chandler,MLB,pitcher_strikeouts,player_prop,pitcher_k,PIT,CHC,DraftKings,draftkings,2b326f001d0f02dd0d2032f5291d9966,Over,over,4.5,-115,MLB|pitcher_strikeouts|name:bubba chandler|over|4.5,MLB|pitcher_strikeouts|name:bubba chandler|over|4.5|draftkings,ridge_challenger,challenger,single_stage_direct_count_regression_ridge_shadow_alpha_0.01,mlb_pitcher_props_policy_v1,5.253924268397867,5.253924268397867,2.642929430856181,7.864919105939553,2.6109948375416856,0.7539242683978671,False,,,,5,,,2026-05-28T11:42:47.951871-04:00,current_workflow
2026-05-27|ridge_challenger|2026-05-27|MLB|pitcher_strikeouts|name:bubba chandler|under|4.5|draftkings,2026-05-27|MLB|pitcher_strikeouts|name:bubba chandler|under|4.5|draftkings,2026-05-27,bubba chandler,mlbam_player:696149,mlbam_player:696149,696149,mlbam_player,bubba chandler,MLB,pitcher_strikeouts,player_prop,pitcher_k,PIT,CHC,DraftKings,draftkings,2b326f001d0f02dd0d2032f5291d9966,Under,under,4.5,-111,MLB|pitcher_strikeouts|name:bubba chandler|under|4.5,MLB|pitcher_strikeouts|name:bubba chandler|under|4.5|draftkings,ridge_challenger,challenger,single_stage_direct_count_regression_ridge_shadow_alpha_0.01,mlb_pitcher_props_policy_v1,5.253924268397867,5.253924268397867,2.642929430856181,7.864919105939553,2.6109948375416856,-0.7539242683978671,False,,,,5,,,2026-05-28T11:42:47.951871-04:00,current_workflow
2026-05-27|ridge_challenger|2026-05-27|MLB|pitcher_strikeouts|name:bubba chandler|over|4.5|betmgm,2026-05-27|MLB|pitcher_strikeouts|name:bubba chandler|over|4.5|betmgm,2026-05-27,bubba chandler,mlbam_player:696149,mlbam_player:696149,696149,mlbam_player,bubba chandler,MLB,pitcher_strikeouts,player_prop,pitcher_k,PIT,CHC,BetMGM,betmgm,2b326f001d0f02dd0d2032f5291d9966,Over,over,4.5,100,MLB|pitcher_strikeouts|name:bubba chandler|over|4.5,MLB|pitcher_strikeouts|name:bubba chandler|over|4.5|betmgm,ridge_challenger,challenger,single_stage_direct_count_regression_ridge_shadow_alpha_0.01,mlb_pitcher_props_policy_v1,5.253924268397867,5.253924268397867,2.642929430856181,7.864919105939553,2.6109948375416856,0.7539242683978671,True,5.0,official,medium,5,W,1.0,2026-05-28T11:42:47.951871-04:00,current_workflow
2026-05-27|ridge_challenger|2026-05-27|MLB|pitcher_strikeouts|name:bubba chandler|under|4.5|betmgm,2026-05-27|MLB|pitcher_strikeouts|name:bubba chandler|under|4.5|betmgm,2026-05-27,bubba chandler,mlbam_player:696149,mlbam_player:696149,696149,mlbam_player,bubba chandler,MLB,pitcher_strikeouts,player_prop,pitcher_k,PIT,CHC,BetMGM,betmgm,2b326f001d0f02dd0d2032f5291d9966,Under,under,4.5,-135,MLB|pitcher_strikeouts|name:bubba chandler|under|4.5,MLB|pitcher_strikeouts|name:bubba chandler|under|4.5|betmgm,ridge_challenger,challenger,single_stage_direct_count_regression_ridge_shadow_alpha_0.01,mlb_pitcher_props_policy_v1,5.253924268397867,5.253924268397867,2.642929430856181,7.864919105939553,2.6109948375416856,-0.7539242683978671,False,,,,5,,,2026-05-28T11:42:47.951871-04:00,current_workflow
2026-05-27|ridge_challenger|2026-05-27|MLB|pitcher_strikeouts|name:andrew abbott|over|4.5|fanduel,2026-05-27|MLB|pitcher_strikeouts|name:andrew abbott|over|4.5|fanduel,2026-05-27,andrew abbott,mlbam_player:671096,mlbam_player:671096,671096,mlbam_player,andrew abbott,MLB,pitcher_strikeouts,player_prop,pitcher_k,CIN,NYM,FanDuel,fanduel,ded9b9a083989d5a8249364b1eb5a293,Over,over,4.5,116,MLB|pitcher_strikeouts|name:andrew abbott|over|4.5,MLB|pitcher_strikeouts|name:andrew abbott|over|4.5|fanduel,ridge_challenger,challenger,single_stage_direct_count_regression_ridge_shadow_alpha_0.01,mlb_pitcher_props_policy_v1,5.209183698686861,5.209183698686861,2.6011231490798723,7.817244248293849,2.6080605496069884,0.7091836986868607,False,,,,4,,,2026-05-28T11:42:47.951871-04:00,current_workflow
2026-05-27|ridge_challenger|2026-05-27|MLB|pitcher_strikeouts|name:andrew abbott|under|4.5|fanduel,2026-05-27|MLB|pitcher_strikeouts|name:andrew abbott|under|4.5|fanduel,2026-05-27,andrew abbott,mlbam_player:671096,mlbam_player:671096,671096,mlbam_player,andrew abbott,MLB,pitcher_strikeouts,player_prop,pitcher_k,CIN,NYM,FanDuel,fanduel,ded9b9a083989d5a8249364b1eb5a293,Under,under,4.5,-154,MLB|pitcher_strikeouts|name:andrew abbott|under|4.5,MLB|pitcher_strikeouts|name:andrew abbott|under|4.5|fanduel,ridge_challenger,challenger,single_stage_direct_count_regression_ridge_shadow_alpha_0.01,mlb_pitcher_props_policy_v1,5.209183698686861,5.209183698686861,2.6011231490798723,7.817244248293849,2.6080605496069884,-0.7091836986868607,False,,,,4,,,2026-05-28T11:42:47.951871-04:00,current_workflow
2026-05-27|ridge_challenger|2026-05-27|MLB|pitcher_strikeouts|name:andrew abbott|over|4.5|draftkings,2026-05-27|MLB|pitcher_strikeouts|name:andrew abbott|over|4.5|draftkings,2026-05-27,andrew abbott,mlbam_player:671096,mlbam_player:671096,671096,mlbam_player,andrew abbott,MLB,pitcher_strikeouts,player_prop,pitcher_k,CIN,NYM,DraftKings,draftkings,ded9b9a083989d5a8249364b1eb5a293,Over,over,4.5,127,MLB|pitcher_strikeouts|name:andrew abbott|over|4.5,MLB|pitcher_strikeouts|name:andrew abbott|over|4.5|draftkings,ridge_challenger,challenger,single_stage_direct_count_regression_ridge_shadow_alpha_0.01,mlb_pitcher_props_policy_v1,5.209183698686861,5.209183698686861,2.6011231490798723,7.817244248293849,2.6080605496069884,0.7091836986868607,True,7.0,lean,medium,4,L,-1.0,2026-05-28T11:42:47.951871-04:00,current_workflow
2026-05-27|ridge_challenger|2026-05-27|MLB|pitcher_strikeouts|name:andrew abbott|under|4.5|draftkings,2026-05-27|MLB|pitcher_strikeouts|name:andrew abbott|under|4.5|draftkings,2026-05-27,andrew abbott,mlbam_player:671096,mlbam_player:671096,671096,mlbam_player,andrew abbott,MLB,pitcher_strikeouts,player_prop,pitcher_k,CIN,NYM,DraftKings,draftkings,ded9b9a083989d5a8249364b1eb5a293,Under,under,4.5,-163,MLB|pitcher_strikeouts|name:andrew abbott|under|4.5,MLB|pitcher_strikeouts|name:andrew abbott|under|4.5|draftkings,ridge_challenger,challenger,single_stage_direct_count_regression_ridge_shadow_alpha_0.01,mlb_pitcher_props_policy_v1,5.209183698686861,5.209183698686861,2.6011231490798723,7.817244248293849,2.6080605496069884,-0.7091836986868607,False,,,,4,,,2026-05-28T11:42:47.951871-04:00,current_workflow
2026-05-27|ridge_challenger|2026-05-27|MLB|pitcher_strikeouts|name:andrew abbott|over|4.5|betmgm,2026-05-27|MLB|pitcher_strikeouts|name:andrew abbott|over|4.5|betmgm,2026-05-27,andrew abbott,mlbam_player:671096,mlbam_player:671096,671096,mlbam_player,andrew abbott,MLB,pitcher_strikeouts,player_prop,pitcher_k,CIN,NYM,BetMGM,betmgm,ded9b9a083989d5a8249364b1eb5a293,Over,over,4.5,105,MLB|pitcher_strikeouts|name:andrew abbott|over|4.5,MLB|pitcher_strikeouts|name:andrew abbott|over|4.5|betmgm,ridge_challenger,challenger,single_stage_direct_count_regression_ridge_shadow_alpha_0.01,mlb_pitcher_props_policy_v1,5.209183698686861,5.209183698686861,2.6011231490798723,7.817244248293849,2.6080605496069884,0.7091836986868607,False,,,,4,,,2026-05-28T11:42:47.951871-04:00,current_workflow
2026-05-27|ridge_challenger|2026-05-27|MLB|pitcher_strikeouts|name:andrew abbott|under|4.5|betmgm,2026-05-27|MLB|pitcher_strikeouts|name:andrew abbott|under|4.5|betmgm,2026-05-27,andrew abbott,mlbam_player:671096,mlbam_player:671096,671096,mlbam_player,andrew abbott,MLB,pitcher_strikeouts,player_prop,pitcher_k,CIN,NYM,BetMGM,betmgm,ded9b9a083989d5a8249364b1eb5a293,Under,under,4.5,-140,MLB|pitcher_strikeouts|name:andrew abbott|under|4.5,MLB|pitcher_strikeouts|name:andrew abbott|under|4.5|betmgm,ridge_challenger,challenger,single_stage_direct_count_regression_ridge_shadow_alpha_0.01,mlb_pitcher_props_policy_v1,5.209183698686861,5.209183698686861,2.6011231490798723,7.817244248293849,2.6080605496069884,-0.7091836986868607,False,,,,4,,,2026-05-28T11:42:47.951871-04:00,current_workflow
2026-05-27|ridge_challenger|2026-05-27|MLB|pitcher_strikeouts|name:dustin may|over|4.5|fanduel,2026-05-27|MLB|pitcher_strikeouts|name:dustin may|over|4.5|fanduel,2026-05-27,dustin may,mlbam_player:669160,mlbam_player:669160,669160,mlbam_player,dustin may,MLB,pitcher_strikeouts,player_prop,pitcher_k,STL,MIL,FanDuel,fanduel,08f2eded5b37b8a80dd09b88ff5a13bc,Over,over,4.5,-132,MLB|pitcher_strikeouts|name:dustin may|over|4.5,MLB|pitcher_strikeouts|name:dustin may|over|4.5|fanduel,ridge_challenger,challenger,single_stage_direct_count_regression_ridge_shadow_alpha_0.01,mlb_pitcher_props_policy_v1,4.541375014818275,4.541375014818275,1.146936188730758,7.935813840905793,3.394438826087517,0.0413750148182749,False,,,,9,,,2026-05-28T11:42:47.951871-04:00,current_workflow
2026-05-27|ridge_challenger|2026-05-27|MLB|pitcher_strikeouts|name:dustin may|under|4.5|fanduel,2026-05-27|MLB|pitcher_strikeouts|name:dustin may|under|4.5|fanduel,2026-05-27,dustin may,mlbam_player:669160,mlbam_player:669160,669160,mlbam_player,dustin may,MLB,pitcher_strikeouts,player_prop,pitcher_k,STL,MIL,FanDuel,fanduel,08f2eded5b37b8a80dd09b88ff5a13bc,Under,under,4.5,100,MLB|pitcher_strikeouts|name:dustin may|under|4.5,MLB|pitcher_strikeouts|name:dustin may|under|4.5|fanduel,ridge_challenger,challenger,single_stage_direct_count_regression_ridge_shadow_alpha_0.01,mlb_pitcher_props_policy_v1,4.541375014818275,4.541375014818275,1.146936188730758,7.935813840905793,3.394438826087517,-0.0413750148182749,False,,,,9,,,2026-05-28T11:42:47.951871-04:00,current_workflow
2026-05-27|ridge_challenger|2026-05-27|MLB|pitcher_strikeouts|name:dustin may|over|4.5|draftkings,2026-05-27|MLB|pitcher_strikeouts|name:dustin may|over|4.5|draftkings,2026-05-27,dustin may,mlbam_player:669160,mlbam_player:669160,669160,mlbam_player,dustin may,MLB,pitcher_strikeouts,player_prop,pitcher_k,STL,MIL,DraftKings,draftkings,08f2eded5b37b8a80dd09b88ff5a13bc,Over,over,4.5,-127,MLB|pitcher_strikeouts|name:dustin may|over|4.5,MLB|pitcher_strikeouts|name:dustin may|over|4.5|draftkings,ridge_challenger,challenger,single_stage_direct_count_regression_ridge_shadow_alpha_0.01,mlb_pitcher_props_policy_v1,4.541375014818275,4.541375014818275,1.146936188730758,7.935813840905793,3.394438826087517,0.0413750148182749,False,,,,9,,,2026-05-28T11:42:47.951871-04:00,current_workflow
2026-05-27|ridge_challenger|2026-05-27|MLB|pitcher_strikeouts|name:dustin may|under|4.5|draftkings,2026-05-27|MLB|pitcher_strikeouts|name:dustin may|under|4.5|draftkings,2026-05-27,dustin may,mlbam_player:669160,mlbam_player:669160,669160,mlbam_player,dustin may,MLB,pitcher_strikeouts,player_prop,pitcher_k,STL,MIL,DraftKings,draftkings,08f2eded5b37b8a80dd09b88ff5a13bc,Under,under,4.5,-101,MLB|pitcher_strikeouts|name:dustin may|under|4.5,MLB|pitcher_strikeouts|name:dustin may|under|4.5|draftkings,ridge_challenger,challenger,single_stage_direct_count_regression_ridge_shadow_alpha_0.01,mlb_pitcher_props_policy_v1,4.541375014818275,4.541375014818275,1.146936188730758,7.935813840905793,3.394438826087517,-0.0413750148182749,False,,,,9,,,2026-05-28T11:42:47.951871-04:00,current_workflow
2026-05-27|ridge_challenger|2026-05-27|MLB|pitcher_strikeouts|name:dustin may|over|4.5|betmgm,2026-05-27|MLB|pitcher_strikeouts|name:dustin may|over|4.5|betmgm,2026-05-27,dustin may,mlbam_player:669160,mlbam_player:669160,669160,mlbam_player,dustin may,MLB,pitcher_strikeouts,player_prop,pitcher_k,STL,MIL,BetMGM,betmgm,08f2eded5b37b8a80dd09b88ff5a13bc,Over,over,4.5,-135,MLB|pitcher_strikeouts|name:dustin may|over|4.5,MLB|pitcher_strikeouts|name:dustin may|over|4.5|betmgm,ridge_challenger,challenger,single_stage_direct_count_regression_ridge_shadow_alpha_0.01,mlb_pitcher_props_policy_v1,4.541375014818275,4.541375014818275,1.146936188730758,7.935813840905793,3.394438826087517,0.0413750148182749,False,,,,9,,,2026-05-28T11:42:47.951871-04:00,current_workflow
2026-05-27|ridge_challenger|2026-05-27|MLB|pitcher_strikeouts|name:dustin may|under|4.5|betmgm,2026-05-27|MLB|pitcher_strikeouts|name:dustin may|under|4.5|betmgm,2026-05-27,dustin may,mlbam_player:669160,mlbam_player:669160,669160,mlbam_player,dustin may,MLB,pitcher_strikeouts,player_prop,pitcher_k,STL,MIL,BetMGM,betmgm,08f2eded5b37b8a80dd09b88ff5a13bc,Under,under,4.5,100,MLB|pitcher_strikeouts|name:dustin may|under|4.5,MLB|pitcher_strikeouts|name:dustin may|under|4.5|betmgm,ridge_challenger,challenger,single_stage_direct_count_regression_ridge_shadow_alpha_0.01,mlb_pitcher_props_policy_v1,4.541375014818275,4.541375014818275,1.146936188730758,7.935813840905793,3.394438826087517,-0.0413750148182749,False,,,,9,,,2026-05-28T11:42:47.951871-04:00,current_workflow
2026-05-27|ridge_challenger|2026-05-27|MLB|pitcher_strikeouts|name:tomoyuki sugano|over|2.5|fanduel,2026-05-27|MLB|pitcher_strikeouts|name:tomoyuki sugano|over|2.5|fanduel,2026-05-27,tomoyuki sugano,mlbam_player:608372,mlbam_player:608372,608372,mlbam_player,tomoyuki sugano,MLB,pitcher_strikeouts,player_prop,pitcher_k,COL,LAD,FanDuel,fanduel,77b3529d80cffeb203543f5f2201f8ff,Over,over,2.5,-172,MLB|pitcher_strikeouts|name:tomoyuki sugano|over|2.5,MLB|pitcher_strikeouts|name:tomoyuki sugano|over|2.5|fanduel,ridge_challenger,challenger,single_stage_direct_count_regression_ridge_shadow_alpha_0.01,mlb_pitcher_props_policy_v1,4.019755874695427,4.019755874695427,1.9035867475996344,6.13592500179122,2.1161691270957927,1.5197558746954272,False,,,,3,,,2026-05-28T11:42:47.951871-04:00,current_workflow
2026-05-27|ridge_challenger|2026-05-27|MLB|pitcher_strikeouts|name:tomoyuki sugano|under|2.5|fanduel,2026-05-27|MLB|pitcher_strikeouts|name:tomoyuki sugano|under|2.5|fanduel,2026-05-27,tomoyuki sugano,mlbam_player:608372,mlbam_player:608372,608372,mlbam_player,tomoyuki sugano,MLB,pitcher_strikeouts,player_prop,pitcher_k,COL,LAD,FanDuel,fanduel,77b3529d80cffeb203543f5f2201f8ff,Under,under,2.5,128,MLB|pitcher_strikeouts|name:tomoyuki sugano|under|2.5,MLB|pitcher_strikeouts|name:tomoyuki sugano|under|2.5|fanduel,ridge_challenger,challenger,single_stage_direct_count_regression_ridge_shadow_alpha_0.01,mlb_pitcher_props_policy_v1,4.019755874695427,4.019755874695427,1.9035867475996344,6.13592500179122,2.1161691270957927,-1.5197558746954272,False,,,,3,,,2026-05-28T11:42:47.951871-04:00,current_workflow
2026-05-27|ridge_challenger|2026-05-27|MLB|pitcher_strikeouts|name:tomoyuki sugano|over|2.5|draftkings,2026-05-27|MLB|pitcher_strikeouts|name:tomoyuki sugano|over|2.5|draftkings,2026-05-27,tomoyuki sugano,mlbam_player:608372,mlbam_player:608372,608372,mlbam_player,tomoyuki sugano,MLB,pitcher_strikeouts,player_prop,pitcher_k,COL,LAD,DraftKings,draftkings,77b3529d80cffeb203543f5f2201f8ff,Over,over,2.5,-171,MLB|pitcher_strikeouts|name:tomoyuki sugano|over|2.5,MLB|pitcher_strikeouts|name:tomoyuki sugano|over|2.5|draftkings,ridge_challenger,challenger,single_stage_direct_count_regression_ridge_shadow_alpha_0.01,mlb_pitcher_props_policy_v1,4.019755874695427,4.019755874695427,1.9035867475996344,6.13592500179122,2.1161691270957927,1.5197558746954272,True,2.0,official,high,3,W,0.5847953216374269,2026-05-28T11:42:47.951871-04:00,current_workflow
2026-05-27|ridge_challenger|2026-05-27|MLB|pitcher_strikeouts|name:tomoyuki sugano|under|2.5|draftkings,2026-05-27|MLB|pitcher_strikeouts|name:tomoyuki sugano|under|2.5|draftkings,2026-05-27,tomoyuki sugano,mlbam_player:608372,mlbam_player:608372,608372,mlbam_player,tomoyuki sugano,MLB,pitcher_strikeouts,player_prop,pitcher_k,COL,LAD,DraftKings,draftkings,77b3529d80cffeb203543f5f2201f8ff,Under,under,2.5,134,MLB|pitcher_strikeouts|name:tomoyuki sugano|under|2.5,MLB|pitcher_strikeouts|name:tomoyuki sugano|under|2.5|draftkings,ridge_challenger,challenger,single_stage_direct_count_regression_ridge_shadow_alpha_0.01,mlb_pitcher_props_policy_v1,4.019755874695427,4.019755874695427,1.9035867475996344,6.13592500179122,2.1161691270957927,-1.5197558746954272,False,,,,3,,,2026-05-28T11:42:47.951871-04:00,current_workflow
2026-05-27|ridge_challenger|2026-05-27|MLB|pitcher_strikeouts|name:tomoyuki sugano|over|2.5|betmgm,2026-05-27|MLB|pitcher_strikeouts|name:tomoyuki sugano|over|2.5|betmgm,2026-05-27,tomoyuki sugano,mlbam_player:608372,mlbam_player:608372,608372,mlbam_player,tomoyuki sugano,MLB,pitcher_strikeouts,player_prop,pitcher_k,COL,LAD,BetMGM,betmgm,77b3529d80cffeb203543f5f2201f8ff,Over,over,2.5,-175,MLB|pitcher_strikeouts|name:tomoyuki sugano|over|2.5,MLB|pitcher_strikeouts|name:tomoyuki sugano|over|2.5|betmgm,ridge_challenger,challenger,single_stage_direct_count_regression_ridge_shadow_alpha_0.01,mlb_pitcher_props_policy_v1,4.019755874695427,4.019755874695427,1.9035867475996344,6.13592500179122,2.1161691270957927,1.5197558746954272,False,,,,3,,,2026-05-28T11:42:47.951871-04:00,current_workflow
2026-05-27|ridge_challenger|2026-05-27|MLB|pitcher_strikeouts|name:tomoyuki sugano|under|2.5|betmgm,2026-05-27|MLB|pitcher_strikeouts|name:tomoyuki sugano|under|2.5|betmgm,2026-05-27,tomoyuki sugano,mlbam_player:608372,mlbam_player:608372,608372,mlbam_player,tomoyuki sugano,MLB,pitcher_strikeouts,player_prop,pitcher_k,COL,LAD,BetMGM,betmgm,77b3529d80cffeb203543f5f2201f8ff,Under,under,2.5,130,MLB|pitcher_strikeouts|name:tomoyuki sugano|under|2.5,MLB|pitcher_strikeouts|name:tomoyuki sugano|under|2.5|betmgm,ridge_challenger,challenger,single_stage_direct_count_regression_ridge_shadow_alpha_0.01,mlb_pitcher_props_policy_v1,4.019755874695427,4.019755874695427,1.9035867475996344,6.13592500179122,2.1161691270957927,-1.5197558746954272,False,,,,3,,,2026-05-28T11:42:47.951871-04:00,current_workflow
2026-05-27|ridge_challenger|2026-05-27|MLB|pitcher_strikeouts|name:shohei ohtani|over|7.5|fanduel,2026-05-27|MLB|pitcher_strikeouts|name:shohei ohtani|over|7.5|fanduel,2026-05-27,shohei ohtani,mlbam_player:660271,mlbam_player:660271,660271,mlbam_player,shohei ohtani,MLB,pitcher_strikeouts,player_prop,pitcher_k,LAD,COL,FanDuel,fanduel,77b3529d80cffeb203543f5f2201f8ff,Over,over,7.5,106,MLB|pitcher_strikeouts|name:shohei ohtani|over|7.5,MLB|pitcher_strikeouts|name:shohei ohtani|over|7.5|fanduel,ridge_challenger,challenger,single_stage_direct_count_regression_ridge_shadow_alpha_0.01,mlb_pitcher_props_policy_v1,5.85006646987292,5.85006646987292,2.657752798150414,9.042380141595428,3.192313671722506,-1.64993353012708,False,,,,7,,,2026-05-28T11:42:47.951871-04:00,current_workflow
2026-05-27|ridge_challenger|2026-05-27|MLB|pitcher_strikeouts|name:shohei ohtani|under|7.5|fanduel,2026-05-27|MLB|pitcher_strikeouts|name:shohei ohtani|under|7.5|fanduel,2026-05-27,shohei ohtani,mlbam_player:660271,mlbam_player:660271,660271,mlbam_player,shohei ohtani,MLB,pitcher_strikeouts,player_prop,pitcher_k,LAD,COL,FanDuel,fanduel,77b3529d80cffeb203543f5f2201f8ff,Under,under,7.5,-130,MLB|pitcher_strikeouts|name:shohei ohtani|under|7.5,MLB|pitcher_strikeouts|name:shohei ohtani|under|7.5|fanduel,ridge_challenger,challenger,single_stage_direct_count_regression_ridge_shadow_alpha_0.01,mlb_pitcher_props_policy_v1,5.85006646987292,5.85006646987292,2.657752798150414,9.042380141595428,3.192313671722506,1.64993353012708,True,1.0,official,high,7,W,0.7692307692307693,2026-05-28T11:42:47.951871-04:00,current_workflow
2026-05-27|ridge_challenger|2026-05-27|MLB|pitcher_strikeouts|name:shohei ohtani|over|7.5|draftkings,2026-05-27|MLB|pitcher_strikeouts|name:shohei ohtani|over|7.5|draftkings,2026-05-27,shohei ohtani,mlbam_player:660271,mlbam_player:660271,660271,mlbam_player,shohei ohtani,MLB,pitcher_strikeouts,player_prop,pitcher_k,LAD,COL,DraftKings,draftkings,77b3529d80cffeb203543f5f2201f8ff,Over,over,7.5,109,MLB|pitcher_strikeouts|name:shohei ohtani|over|7.5,MLB|pitcher_strikeouts|name:shohei ohtani|over|7.5|draftkings,ridge_challenger,challenger,single_stage_direct_count_regression_ridge_shadow_alpha_0.01,mlb_pitcher_props_policy_v1,5.85006646987292,5.85006646987292,2.657752798150414,9.042380141595428,3.192313671722506,-1.64993353012708,False,,,,7,,,2026-05-28T11:42:47.951871-04:00,current_workflow
2026-05-27|ridge_challenger|2026-05-27|MLB|pitcher_strikeouts|name:shohei ohtani|under|7.5|draftkings,2026-05-27|MLB|pitcher_strikeouts|name:shohei ohtani|under|7.5|draftkings,2026-05-27,shohei ohtani,mlbam_player:660271,mlbam_player:660271,660271,mlbam_player,shohei ohtani,MLB,pitcher_strikeouts,player_prop,pitcher_k,LAD,COL,DraftKings,draftkings,77b3529d80cffeb203543f5f2201f8ff,Under,under,7.5,-138,MLB|pitcher_strikeouts|name:shohei ohtani|under|7.5,MLB|pitcher_strikeouts|name:shohei ohtani|under|7.5|draftkings,ridge_challenger,challenger,single_stage_direct_count_regression_ridge_shadow_alpha_0.01,mlb_pitcher_props_policy_v1,5.85006646987292,5.85006646987292,2.657752798150414,9.042380141595428,3.192313671722506,1.64993353012708,False,,,,7,,,2026-05-28T11:42:47.951871-04:00,current_workflow
2026-05-27|ridge_challenger|2026-05-27|MLB|pitcher_strikeouts|name:shohei ohtani|over|7.5|betmgm,2026-05-27|MLB|pitcher_strikeouts|name:shohei ohtani|over|7.5|betmgm,2026-05-27,shohei ohtani,mlbam_player:660271,mlbam_player:660271,660271,mlbam_player,shohei ohtani,MLB,pitcher_strikeouts,player_prop,pitcher_k,LAD,COL,BetMGM,betmgm,77b3529d80cffeb203543f5f2201f8ff,Over,over,7.5,-105,MLB|pitcher_strikeouts|name:shohei ohtani|over|7.5,MLB|pitcher_strikeouts|name:shohei ohtani|over|7.5|betmgm,ridge_challenger,challenger,single_stage_direct_count_regression_ridge_shadow_alpha_0.01,mlb_pitcher_props_policy_v1,5.85006646987292,5.85006646987292,2.657752798150414,9.042380141595428,3.192313671722506,-1.64993353012708,False,,,,7,,,2026-05-28T11:42:47.951871-04:00,current_workflow
2026-05-27|ridge_challenger|2026-05-27|MLB|pitcher_strikeouts|name:shohei ohtani|under|7.5|betmgm,2026-05-27|MLB|pitcher_strikeouts|name:shohei ohtani|under|7.5|betmgm,2026-05-27,shohei ohtani,mlbam_player:660271,mlbam_player:660271,660271,mlbam_player,shohei ohtani,MLB,pitcher_strikeouts,player_prop,pitcher_k,LAD,COL,BetMGM,betmgm,77b3529d80cffeb203543f5f2201f8ff,Under,under,7.5,-130,MLB|pitcher_strikeouts|name:shohei ohtani|under|7.5,MLB|pitcher_strikeouts|name:shohei ohtani|under|7.5|betmgm,ridge_challenger,challenger,single_stage_direct_count_regression_ridge_shadow_alpha_0.01,mlb_pitcher_props_policy_v1,5.85006646987292,5.85006646987292,2.657752798150414,9.042380141595428,3.192313671722506,1.64993353012708,False,,,,7,,,2026-05-28T11:42:47.951871-04:00,current_workflow
2026-05-27|ridge_challenger|2026-05-27|MLB|pitcher_strikeouts|name:gerrit cole|over|4.5|fanduel,2026-05-27|MLB|pitcher_strikeouts|name:gerrit cole|over|4.5|fanduel,2026-05-27,gerrit cole,mlbam_player:543037,mlbam_player:543037,543037,mlbam_player,gerrit cole,MLB,pitcher_strikeouts,player_prop,pitcher_k,NYY,KC,FanDuel,fanduel,a9124c7ee5e65da688ee0e5e3c192445,Over,over,4.5,-104,MLB|pitcher_strikeouts|name:gerrit cole|over|4.5,MLB|pitcher_strikeouts|name:gerrit cole|over|4.5|fanduel,ridge_challenger,challenger,single_stage_direct_count_regression_ridge_shadow_alpha_0.01,mlb_pitcher_props_policy_v1,5.057118009482383,5.057118009482383,2.0402352553066136,8.074000763658152,3.016882754175769,0.5571180094823829,True,10.0,lean,low,10,W,0.9615384615384616,2026-05-28T11:42:47.951871-04:00,current_workflow
2026-05-27|ridge_challenger|2026-05-27|MLB|pitcher_strikeouts|name:gerrit cole|under|4.5|fanduel,2026-05-27|MLB|pitcher_strikeouts|name:gerrit cole|under|4.5|fanduel,2026-05-27,gerrit cole,mlbam_player:543037,mlbam_player:543037,543037,mlbam_player,gerrit cole,MLB,pitcher_strikeouts,player_prop,pitcher_k,NYY,KC,FanDuel,fanduel,a9124c7ee5e65da688ee0e5e3c192445,Under,under,4.5,-128,MLB|pitcher_strikeouts|name:gerrit cole|under|4.5,MLB|pitcher_strikeouts|name:gerrit cole|under|4.5|fanduel,ridge_challenger,challenger,single_stage_direct_count_regression_ridge_shadow_alpha_0.01,mlb_pitcher_props_policy_v1,5.057118009482383,5.057118009482383,2.0402352553066136,8.074000763658152,3.016882754175769,-0.5571180094823829,False,,,,10,,,2026-05-28T11:42:47.951871-04:00,current_workflow
2026-05-27|ridge_challenger|2026-05-27|MLB|pitcher_strikeouts|name:gerrit cole|over|4.5|draftkings,2026-05-27|MLB|pitcher_strikeouts|name:gerrit cole|over|4.5|draftkings,2026-05-27,gerrit cole,mlbam_player:543037,mlbam_player:543037,543037,mlbam_player,gerrit cole,MLB,pitcher_strikeouts,player_prop,pitcher_k,NYY,KC,DraftKings,draftkings,a9124c7ee5e65da688ee0e5e3c192445,Over,over,4.5,-108,MLB|pitcher_strikeouts|name:gerrit cole|over|4.5,MLB|pitcher_strikeouts|name:gerrit cole|over|4.5|draftkings,ridge_challenger,challenger,single_stage_direct_count_regression_ridge_shadow_alpha_0.01,mlb_pitcher_props_policy_v1,5.057118009482383,5.057118009482383,2.0402352553066136,8.074000763658152,3.016882754175769,0.5571180094823829,False,,,,10,,,2026-05-28T11:42:47.951871-04:00,current_workflow
2026-05-27|ridge_challenger|2026-05-27|MLB|pitcher_strikeouts|name:gerrit cole|under|4.5|draftkings,2026-05-27|MLB|pitcher_strikeouts|name:gerrit cole|under|4.5|draftkings,2026-05-27,gerrit cole,mlbam_player:543037,mlbam_player:543037,543037,mlbam_player,gerrit cole,MLB,pitcher_strikeouts,player_prop,pitcher_k,NYY,KC,DraftKings,draftkings,a9124c7ee5e65da688ee0e5e3c192445,Under,under,4.5,-119,MLB|pitcher_strikeouts|name:gerrit cole|under|4.5,MLB|pitcher_strikeouts|name:gerrit cole|under|4.5|draftkings,ridge_challenger,challenger,single_stage_direct_count_regression_ridge_shadow_alpha_0.01,mlb_pitcher_props_policy_v1,5.057118009482383,5.057118009482383,2.0402352553066136,8.074000763658152,3.016882754175769,-0.5571180094823829,False,,,,10,,,2026-05-28T11:42:47.951871-04:00,current_workflow
2026-05-27|ridge_challenger|2026-05-27|MLB|pitcher_strikeouts|name:gerrit cole|over|4.5|betmgm,2026-05-27|MLB|pitcher_strikeouts|name:gerrit cole|over|4.5|betmgm,2026-05-27,gerrit cole,mlbam_player:543037,mlbam_player:543037,543037,mlbam_player,gerrit cole,MLB,pitcher_strikeouts,player_prop,pitcher_k,NYY,KC,BetMGM,betmgm,a9124c7ee5e65da688ee0e5e3c192445,Over,over,4.5,-105,MLB|pitcher_strikeouts|name:gerrit cole|over|4.5,MLB|pitcher_strikeouts|name:gerrit cole|over|4.5|betmgm,ridge_challenger,challenger,single_stage_direct_count_regression_ridge_shadow_alpha_0.01,mlb_pitcher_props_policy_v1,5.057118009482383,5.057118009482383,2.0402352553066136,8.074000763658152,3.016882754175769,0.5571180094823829,False,,,,10,,,2026-05-28T11:42:47.951871-04:00,current_workflow
2026-05-27|ridge_challenger|2026-05-27|MLB|pitcher_strikeouts|name:gerrit cole|under|4.5|betmgm,2026-05-27|MLB|pitcher_strikeouts|name:gerrit cole|under|4.5|betmgm,2026-05-27,gerrit cole,mlbam_player:543037,mlbam_player:543037,543037,mlbam_player,gerrit cole,MLB,pitcher_strikeouts,player_prop,pitcher_k,NYY,KC,BetMGM,betmgm,a9124c7ee5e65da688ee0e5e3c192445,Under,under,4.5,-125,MLB|pitcher_strikeouts|name:gerrit cole|under|4.5,MLB|pitcher_strikeouts|name:gerrit cole|under|4.5|betmgm,ridge_challenger,challenger,single_stage_direct_count_regression_ridge_shadow_alpha_0.01,mlb_pitcher_props_policy_v1,5.057118009482383,5.057118009482383,2.0402352553066136,8.074000763658152,3.016882754175769,-0.5571180094823829,False,,,,10,,,2026-05-28T11:42:47.951871-04:00,current_workflow
2026-05-27|ridge_challenger|2026-05-27|MLB|pitcher_strikeouts|name:noah cameron|over|4.5|fanduel,2026-05-27|MLB|pitcher_strikeouts|name:noah cameron|over|4.5|fanduel,2026-05-27,noah cameron,mlbam_player:702070,mlbam_player:702070,702070,mlbam_player,noah cameron,MLB,pitcher_strikeouts,player_prop,pitcher_k,KC,NYY,FanDuel,fanduel,a9124c7ee5e65da688ee0e5e3c192445,Over,over,4.5,-108,MLB|pitcher_strikeouts|name:noah cameron|over|4.5,MLB|pitcher_strikeouts|name:noah cameron|over|4.5|fanduel,ridge_challenger,challenger,single_stage_direct_count_regression_ridge_shadow_alpha_0.01,mlb_pitcher_props_policy_v1,5.057551288968313,5.057551288968313,1.2433663585330526,8.871736219403575,3.814184930435261,0.5575512889683134,False,,,,4,,,2026-05-28T11:42:47.951871-04:00,current_workflow
2026-05-27|ridge_challenger|2026-05-27|MLB|pitcher_strikeouts|name:noah cameron|under|4.5|fanduel,2026-05-27|MLB|pitcher_strikeouts|name:noah cameron|under|4.5|fanduel,2026-05-27,noah cameron,mlbam_player:702070,mlbam_player:702070,702070,mlbam_player,noah cameron,MLB,pitcher_strikeouts,player_prop,pitcher_k,KC,NYY,FanDuel,fanduel,a9124c7ee5e65da688ee0e5e3c192445,Under,under,4.5,-112,MLB|pitcher_strikeouts|name:noah cameron|under|4.5,MLB|pitcher_strikeouts|name:noah cameron|under|4.5|fanduel,ridge_challenger,challenger,single_stage_direct_count_regression_ridge_shadow_alpha_0.01,mlb_pitcher_props_policy_v1,5.057551288968313,5.057551288968313,1.2433663585330526,8.871736219403575,3.814184930435261,-0.5575512889683134,False,,,,4,,,2026-05-28T11:42:47.951871-04:00,current_workflow
2026-05-27|ridge_challenger|2026-05-27|MLB|pitcher_strikeouts|name:noah cameron|over|4.5|draftkings,2026-05-27|MLB|pitcher_strikeouts|name:noah cameron|over|4.5|draftkings,2026-05-27,noah cameron,mlbam_player:702070,mlbam_player:702070,702070,mlbam_player,noah cameron,MLB,pitcher_strikeouts,player_prop,pitcher_k,KC,NYY,DraftKings,draftkings,a9124c7ee5e65da688ee0e5e3c192445,Over,over,4.5,-118,MLB|pitcher_strikeouts|name:noah cameron|over|4.5,MLB|pitcher_strikeouts|name:noah cameron|over|4.5|draftkings,ridge_challenger,challenger,single_stage_direct_count_regression_ridge_shadow_alpha_0.01,mlb_pitcher_props_policy_v1,5.057551288968313,5.057551288968313,1.2433663585330526,8.871736219403575,3.814184930435261,0.5575512889683134,False,,,,4,,,2026-05-28T11:42:47.951871-04:00,current_workflow
2026-05-27|ridge_challenger|2026-05-27|MLB|pitcher_strikeouts|name:noah cameron|under|4.5|draftkings,2026-05-27|MLB|pitcher_strikeouts|name:noah cameron|under|4.5|draftkings,2026-05-27,noah cameron,mlbam_player:702070,mlbam_player:702070,702070,mlbam_player,noah cameron,MLB,pitcher_strikeouts,player_prop,pitcher_k,KC,NYY,DraftKings,draftkings,a9124c7ee5e65da688ee0e5e3c192445,Under,under,4.5,-108,MLB|pitcher_strikeouts|name:noah cameron|under|4.5,MLB|pitcher_strikeouts|name:noah cameron|under|4.5|draftkings,ridge_challenger,challenger,single_stage_direct_count_regression_ridge_shadow_alpha_0.01,mlb_pitcher_props_policy_v1,5.057551288968313,5.057551288968313,1.2433663585330526,8.871736219403575,3.814184930435261,-0.5575512889683134,False,,,,4,,,2026-05-28T11:42:47.951871-04:00,current_workflow
2026-05-27|ridge_challenger|2026-05-27|MLB|pitcher_strikeouts|name:noah cameron|over|4.5|betmgm,2026-05-27|MLB|pitcher_strikeouts|name:noah cameron|over|4.5|betmgm,2026-05-27,noah cameron,mlbam_player:702070,mlbam_player:702070,702070,mlbam_player,noah cameron,MLB,pitcher_strikeouts,player_prop,pitcher_k,KC,NYY,BetMGM,betmgm,a9124c7ee5e65da688ee0e5e3c192445,Over,over,4.5,100,MLB|pitcher_strikeouts|name:noah cameron|over|4.5,MLB|pitcher_strikeouts|name:noah cameron|over|4.5|betmgm,ridge_challenger,challenger,single_stage_direct_count_regression_ridge_shadow_alpha_0.01,mlb_pitcher_props_policy_v1,5.057551288968313,5.057551288968313,1.2433663585330526,8.871736219403575,3.814184930435261,0.5575512889683134,True,9.0,lean,low,4,L,-1.0,2026-05-28T11:42:47.951871-04:00,current_workflow
2026-05-27|ridge_challenger|2026-05-27|MLB|pitcher_strikeouts|name:noah cameron|under|4.5|betmgm,2026-05-27|MLB|pitcher_strikeouts|name:noah cameron|under|4.5|betmgm,2026-05-27,noah cameron,mlbam_player:702070,mlbam_player:702070,702070,mlbam_player,noah cameron,MLB,pitcher_strikeouts,player_prop,pitcher_k,KC,NYY,BetMGM,betmgm,a9124c7ee5e65da688ee0e5e3c192445,Under,under,4.5,-135,MLB|pitcher_strikeouts|name:noah cameron|under|4.5,MLB|pitcher_strikeouts|name:noah cameron|under|4.5|betmgm,ridge_challenger,challenger,single_stage_direct_count_regression_ridge_shadow_alpha_0.01,mlb_pitcher_props_policy_v1,5.057551288968313,5.057551288968313,1.2433663585330526,8.871736219403575,3.814184930435261,-0.5575512889683134,False,,,,4,,,2026-05-28T11:42:47.951871-04:00,current_workflow
2026-05-27|ridge_challenger|2026-05-27|MLB|pitcher_strikeouts|name:jose soriano|over|6.5|fanduel,2026-05-27|MLB|pitcher_strikeouts|name:jose soriano|over|6.5|fanduel,2026-05-27,jose soriano,mlbam_player:667755,mlbam_player:667755,667755,mlbam_player,jose soriano,MLB,pitcher_strikeouts,player_prop,pitcher_k,LAA,DET,FanDuel,fanduel,22b2c62258204f36738be815101ba92b,Over,over,6.5,134,MLB|pitcher_strikeouts|name:jose soriano|over|6.5,MLB|pitcher_strikeouts|name:jose soriano|over|6.5|fanduel,ridge_challenger,challenger,single_stage_direct_count_regression_ridge_shadow_alpha_0.01,mlb_pitcher_props_policy_v1,6.107721745014658,6.107721745014658,4.115276322365432,8.100167167663884,1.9924454226492256,-0.3922782549853423,False,,,,4,,,2026-05-28T11:42:47.951871-04:00,current_workflow
2026-05-27|ridge_challenger|2026-05-27|MLB|pitcher_strikeouts|name:jose soriano|under|6.5|fanduel,2026-05-27|MLB|pitcher_strikeouts|name:jose soriano|under|6.5|fanduel,2026-05-27,jose soriano,mlbam_player:667755,mlbam_player:667755,667755,mlbam_player,jose soriano,MLB,pitcher_strikeouts,player_prop,pitcher_k,LAA,DET,FanDuel,fanduel,22b2c62258204f36738be815101ba92b,Under,under,6.5,-180,MLB|pitcher_strikeouts|name:jose soriano|under|6.5,MLB|pitcher_strikeouts|name:jose soriano|under|6.5|fanduel,ridge_challenger,challenger,single_stage_direct_count_regression_ridge_shadow_alpha_0.01,mlb_pitcher_props_policy_v1,6.107721745014658,6.107721745014658,4.115276322365432,8.100167167663884,1.9924454226492256,0.3922782549853423,False,,,,4,,,2026-05-28T11:42:47.951871-04:00,current_workflow
2026-05-27|ridge_challenger|2026-05-27|MLB|pitcher_strikeouts|name:jose soriano|over|6.5|draftkings,2026-05-27|MLB|pitcher_strikeouts|name:jose soriano|over|6.5|draftkings,2026-05-27,jose soriano,mlbam_player:667755,mlbam_player:667755,667755,mlbam_player,jose soriano,MLB,pitcher_strikeouts,player_prop,pitcher_k,LAA,DET,DraftKings,draftkings,22b2c62258204f36738be815101ba92b,Over,over,6.5,116,MLB|pitcher_strikeouts|name:jose soriano|over|6.5,MLB|pitcher_strikeouts|name:jose soriano|over|6.5|draftkings,ridge_challenger,challenger,single_stage_direct_count_regression_ridge_shadow_alpha_0.01,mlb_pitcher_props_policy_v1,6.107721745014658,6.107721745014658,4.115276322365432,8.100167167663884,1.9924454226492256,-0.3922782549853423,False,,,,4,,,2026-05-28T11:42:47.951871-04:00,current_workflow
2026-05-27|ridge_challenger|2026-05-27|MLB|pitcher_strikeouts|name:jose soriano|under|6.5|draftkings,2026-05-27|MLB|pitcher_strikeouts|name:jose soriano|under|6.5|draftkings,2026-05-27,jose soriano,mlbam_player:667755,mlbam_player:667755,667755,mlbam_player,jose soriano,MLB,pitcher_strikeouts,player_prop,pitcher_k,LAA,DET,DraftKings,draftkings,22b2c62258204f36738be815101ba92b,Under,under,6.5,-148,MLB|pitcher_strikeouts|name:jose soriano|under|6.5,MLB|pitcher_strikeouts|name:jose soriano|under|6.5|draftkings,ridge_challenger,challenger,single_stage_direct_count_regression_ridge_shadow_alpha_0.01,mlb_pitcher_props_policy_v1,6.107721745014658,6.107721745014658,4.115276322365432,8.100167167663884,1.9924454226492256,0.3922782549853423,False,,,,4,,,2026-05-28T11:42:47.951871-04:00,current_workflow
2026-05-27|ridge_challenger|2026-05-27|MLB|pitcher_strikeouts|name:jose soriano|over|6.5|betmgm,2026-05-27|MLB|pitcher_strikeouts|name:jose soriano|over|6.5|betmgm,2026-05-27,jose soriano,mlbam_player:667755,mlbam_player:667755,667755,mlbam_player,jose soriano,MLB,pitcher_strikeouts,player_prop,pitcher_k,LAA,DET,BetMGM,betmgm,22b2c62258204f36738be815101ba92b,Over,over,6.5,115,MLB|pitcher_strikeouts|name:jose soriano|over|6.5,MLB|pitcher_strikeouts|name:jose soriano|over|6.5|betmgm,ridge_challenger,challenger,single_stage_direct_count_regression_ridge_shadow_alpha_0.01,mlb_pitcher_props_policy_v1,6.107721745014658,6.107721745014658,4.115276322365432,8.100167167663884,1.9924454226492256,-0.3922782549853423,False,,,,4,,,2026-05-28T11:42:47.951871-04:00,current_workflow
2026-05-27|ridge_challenger|2026-05-27|MLB|pitcher_strikeouts|name:jose soriano|under|6.5|betmgm,2026-05-27|MLB|pitcher_strikeouts|name:jose soriano|under|6.5|betmgm,2026-05-27,jose soriano,mlbam_player:667755,mlbam_player:667755,667755,mlbam_player,jose soriano,MLB,pitcher_strikeouts,player_prop,pitcher_k,LAA,DET,BetMGM,betmgm,22b2c62258204f36738be815101ba92b,Under,under,6.5,-155,MLB|pitcher_strikeouts|name:jose soriano|under|6.5,MLB|pitcher_strikeouts|name:jose soriano|under|6.5|betmgm,ridge_challenger,challenger,single_stage_direct_count_regression_ridge_shadow_alpha_0.01,mlb_pitcher_props_policy_v1,6.107721745014658,6.107721745014658,4.115276322365432,8.100167167663884,1.9924454226492256,0.3922782549853423,False,,,,4,,,2026-05-28T11:42:47.951871-04:00,current_workflow
2026-05-27|ridge_challenger|2026-05-27|MLB|pitcher_strikeouts|name:casey mize|over|5.5|fanduel,2026-05-27|MLB|pitcher_strikeouts|name:casey mize|over|5.5|fanduel,2026-05-27,casey mize,mlbam_player:663554,mlbam_player:663554,663554,mlbam_player,casey mize,MLB,pitcher_strikeouts,player_prop,pitcher_k,DET,LAA,FanDuel,fanduel,22b2c62258204f36738be815101ba92b,Over,over,5.5,-105,MLB|pitcher_strikeouts|name:casey mize|over|5.5,MLB|pitcher_strikeouts|name:casey mize|over|5.5|fanduel,ridge_challenger,challenger,single_stage_direct_count_regression_ridge_shadow_alpha_0.01,mlb_pitcher_props_policy_v1,6.045966355573119,6.045966355573119,1.6316602037030234,10.460272507443214,4.414306151870096,0.5459663555731193,False,,,,6,,,2026-05-28T11:42:47.951871-04:00,current_workflow
2026-05-27|ridge_challenger|2026-05-27|MLB|pitcher_strikeouts|name:casey mize|under|5.5|fanduel,2026-05-27|MLB|pitcher_strikeouts|name:casey mize|under|5.5|fanduel,2026-05-27,casey mize,mlbam_player:663554,mlbam_player:663554,663554,mlbam_player,casey mize,MLB,pitcher_strikeouts,player_prop,pitcher_k,DET,LAA,FanDuel,fanduel,22b2c62258204f36738be815101ba92b,Under,under,5.5,-115,MLB|pitcher_strikeouts|name:casey mize|under|5.5,MLB|pitcher_strikeouts|name:casey mize|under|5.5|fanduel,ridge_challenger,challenger,single_stage_direct_count_regression_ridge_shadow_alpha_0.01,mlb_pitcher_props_policy_v1,6.045966355573119,6.045966355573119,1.6316602037030234,10.460272507443214,4.414306151870096,-0.5459663555731193,False,,,,6,,,2026-05-28T11:42:47.951871-04:00,current_workflow
2026-05-27|ridge_challenger|2026-05-27|MLB|pitcher_strikeouts|name:casey mize|over|5.5|draftkings,2026-05-27|MLB|pitcher_strikeouts|name:casey mize|over|5.5|draftkings,2026-05-27,casey mize,mlbam_player:663554,mlbam_player:663554,663554,mlbam_player,casey mize,MLB,pitcher_strikeouts,player_prop,pitcher_k,DET,LAA,DraftKings,draftkings,22b2c62258204f36738be815101ba92b,Over,over,5.5,-103,MLB|pitcher_strikeouts|name:casey mize|over|5.5,MLB|pitcher_strikeouts|name:casey mize|over|5.5|draftkings,ridge_challenger,challenger,single_stage_direct_count_regression_ridge_shadow_alpha_0.01,mlb_pitcher_props_policy_v1,6.045966355573119,6.045966355573119,1.6316602037030234,10.460272507443214,4.414306151870096,0.5459663555731193,True,8.0,lean,low,6,W,0.970873786407767,2026-05-28T11:42:47.951871-04:00,current_workflow
2026-05-27|ridge_challenger|2026-05-27|MLB|pitcher_strikeouts|name:casey mize|under|5.5|draftkings,2026-05-27|MLB|pitcher_strikeouts|name:casey mize|under|5.5|draftkings,2026-05-27,casey mize,mlbam_player:663554,mlbam_player:663554,663554,mlbam_player,casey mize,MLB,pitcher_strikeouts,player_prop,pitcher_k,DET,LAA,DraftKings,draftkings,22b2c62258204f36738be815101ba92b,Under,under,5.5,-124,MLB|pitcher_strikeouts|name:casey mize|under|5.5,MLB|pitcher_strikeouts|name:casey mize|under|5.5|draftkings,ridge_challenger,challenger,single_stage_direct_count_regression_ridge_shadow_alpha_0.01,mlb_pitcher_props_policy_v1,6.045966355573119,6.045966355573119,1.6316602037030234,10.460272507443214,4.414306151870096,-0.5459663555731193,False,,,,6,,,2026-05-28T11:42:47.951871-04:00,current_workflow
2026-05-27|ridge_challenger|2026-05-27|MLB|pitcher_strikeouts|name:casey mize|over|5.5|betmgm,2026-05-27|MLB|pitcher_strikeouts|name:casey mize|over|5.5|betmgm,2026-05-27,casey mize,mlbam_player:663554,mlbam_player:663554,663554,mlbam_player,casey mize,MLB,pitcher_strikeouts,player_prop,pitcher_k,DET,LAA,BetMGM,betmgm,22b2c62258204f36738be815101ba92b,Over,over,5.5,-105,MLB|pitcher_strikeouts|name:casey mize|over|5.5,MLB|pitcher_strikeouts|name:casey mize|over|5.5|betmgm,ridge_challenger,challenger,single_stage_direct_count_regression_ridge_shadow_alpha_0.01,mlb_pitcher_props_policy_v1,6.045966355573119,6.045966355573119,1.6316602037030234,10.460272507443214,4.414306151870096,0.5459663555731193,False,,,,6,,,2026-05-28T11:42:47.951871-04:00,current_workflow
2026-05-27|ridge_challenger|2026-05-27|MLB|pitcher_strikeouts|name:casey mize|under|5.5|betmgm,2026-05-27|MLB|pitcher_strikeouts|name:casey mize|under|5.5|betmgm,2026-05-27,casey mize,mlbam_player:663554,mlbam_player:663554,663554,mlbam_player,casey mize,MLB,pitcher_strikeouts,player_prop,pitcher_k,DET,LAA,BetMGM,betmgm,22b2c62258204f36738be815101ba92b,Under,under,5.5,-125,MLB|pitcher_strikeouts|name:casey mize|under|5.5,MLB|pitcher_strikeouts|name:casey mize|under|5.5|betmgm,ridge_challenger,challenger,single_stage_direct_count_regression_ridge_shadow_alpha_0.01,mlb_pitcher_props_policy_v1,6.045966355573119,6.045966355573119,1.6316602037030234,10.460272507443214,4.414306151870096,-0.5459663555731193,False,,,,6,,,2026-05-28T11:42:47.951871-04:00,current_workflow
2026-05-27|ridge_challenger|2026-05-27|MLB|pitcher_strikeouts|name:gavin williams|over|6.5|fanduel,2026-05-27|MLB|pitcher_strikeouts|name:gavin williams|over|6.5|fanduel,2026-05-27,gavin williams,mlbam_player:668909,mlbam_player:668909,668909,mlbam_player,gavin williams,MLB,pitcher_strikeouts,player_prop,pitcher_k,CLE,WSH,FanDuel,fanduel,0320eab1e5e078823858b2f7f29d919a,Over,over,6.5,-110,MLB|pitcher_strikeouts|name:gavin williams|over|6.5,MLB|pitcher_strikeouts|name:gavin williams|over|6.5|fanduel,ridge_challenger,challenger,single_stage_direct_count_regression_ridge_shadow_alpha_0.01,mlb_pitcher_props_policy_v1,6.518748382067828,6.518748382067828,2.274986791973755,10.7625099721619,4.243761590094072,0.0187483820678275,False,,,,4,,,2026-05-28T11:42:47.951871-04:00,current_workflow
2026-05-27|ridge_challenger|2026-05-27|MLB|pitcher_strikeouts|name:gavin williams|under|6.5|fanduel,2026-05-27|MLB|pitcher_strikeouts|name:gavin williams|under|6.5|fanduel,2026-05-27,gavin williams,mlbam_player:668909,mlbam_player:668909,668909,mlbam_player,gavin williams,MLB,pitcher_strikeouts,player_prop,pitcher_k,CLE,WSH,FanDuel,fanduel,0320eab1e5e078823858b2f7f29d919a,Under,under,6.5,-110,MLB|pitcher_strikeouts|name:gavin williams|under|6.5,MLB|pitcher_strikeouts|name:gavin williams|under|6.5|fanduel,ridge_challenger,challenger,single_stage_direct_count_regression_ridge_shadow_alpha_0.01,mlb_pitcher_props_policy_v1,6.518748382067828,6.518748382067828,2.274986791973755,10.7625099721619,4.243761590094072,-0.0187483820678275,False,,,,4,,,2026-05-28T11:42:47.951871-04:00,current_workflow
2026-05-27|ridge_challenger|2026-05-27|MLB|pitcher_strikeouts|name:gavin williams|over|6.5|draftkings,2026-05-27|MLB|pitcher_strikeouts|name:gavin williams|over|6.5|draftkings,2026-05-27,gavin williams,mlbam_player:668909,mlbam_player:668909,668909,mlbam_player,gavin williams,MLB,pitcher_strikeouts,player_prop,pitcher_k,CLE,WSH,DraftKings,draftkings,0320eab1e5e078823858b2f7f29d919a,Over,over,6.5,-129,MLB|pitcher_strikeouts|name:gavin williams|over|6.5,MLB|pitcher_strikeouts|name:gavin williams|over|6.5|draftkings,ridge_challenger,challenger,single_stage_direct_count_regression_ridge_shadow_alpha_0.01,mlb_pitcher_props_policy_v1,6.518748382067828,6.518748382067828,2.274986791973755,10.7625099721619,4.243761590094072,0.0187483820678275,False,,,,4,,,2026-05-28T11:42:47.951871-04:00,current_workflow
2026-05-27|ridge_challenger|2026-05-27|MLB|pitcher_strikeouts|name:gavin williams|under|6.5|draftkings,2026-05-27|MLB|pitcher_strikeouts|name:gavin williams|under|6.5|draftkings,2026-05-27,gavin williams,mlbam_player:668909,mlbam_player:668909,668909,mlbam_player,gavin williams,MLB,pitcher_strikeouts,player_prop,pitcher_k,CLE,WSH,DraftKings,draftkings,0320eab1e5e078823858b2f7f29d919a,Under,under,6.5,101,MLB|pitcher_strikeouts|name:gavin williams|under|6.5,MLB|pitcher_strikeouts|name:gavin williams|under|6.5|draftkings,ridge_challenger,challenger,single_stage_direct_count_regression_ridge_shadow_alpha_0.01,mlb_pitcher_props_policy_v1,6.518748382067828,6.518748382067828,2.274986791973755,10.7625099721619,4.243761590094072,-0.0187483820678275,False,,,,4,,,2026-05-28T11:42:47.951871-04:00,current_workflow
2026-05-27|ridge_challenger|2026-05-27|MLB|pitcher_strikeouts|name:gavin williams|over|6.5|betmgm,2026-05-27|MLB|pitcher_strikeouts|name:gavin williams|over|6.5|betmgm,2026-05-27,gavin williams,mlbam_player:668909,mlbam_player:668909,668909,mlbam_player,gavin williams,MLB,pitcher_strikeouts,player_prop,pitcher_k,CLE,WSH,BetMGM,betmgm,0320eab1e5e078823858b2f7f29d919a,Over,over,6.5,-110,MLB|pitcher_strikeouts|name:gavin williams|over|6.5,MLB|pitcher_strikeouts|name:gavin williams|over|6.5|betmgm,ridge_challenger,challenger,single_stage_direct_count_regression_ridge_shadow_alpha_0.01,mlb_pitcher_props_policy_v1,6.518748382067828,6.518748382067828,2.274986791973755,10.7625099721619,4.243761590094072,0.0187483820678275,False,,,,4,,,2026-05-28T11:42:47.951871-04:00,current_workflow
2026-05-27|ridge_challenger|2026-05-27|MLB|pitcher_strikeouts|name:gavin williams|under|6.5|betmgm,2026-05-27|MLB|pitcher_strikeouts|name:gavin williams|under|6.5|betmgm,2026-05-27,gavin williams,mlbam_player:668909,mlbam_player:668909,668909,mlbam_player,gavin williams,MLB,pitcher_strikeouts,player_prop,pitcher_k,CLE,WSH,BetMGM,betmgm,0320eab1e5e078823858b2f7f29d919a,Under,under,6.5,-120,MLB|pitcher_strikeouts|name:gavin williams|under|6.5,MLB|pitcher_strikeouts|name:gavin williams|under|6.5|betmgm,ridge_challenger,challenger,single_stage_direct_count_regression_ridge_shadow_alpha_0.01,mlb_pitcher_props_policy_v1,6.518748382067828,6.518748382067828,2.274986791973755,10.7625099721619,4.243761590094072,-0.0187483820678275,False,,,,4,,,2026-05-28T11:42:47.951871-04:00,current_workflow
2026-05-27|ridge_challenger|2026-05-27|MLB|pitcher_strikeouts|name:bryce elder|over|4.5|fanduel,2026-05-27|MLB|pitcher_strikeouts|name:bryce elder|over|4.5|fanduel,2026-05-27,bryce elder,mlbam_player:693821,mlbam_player:693821,693821,mlbam_player,bryce elder,MLB,pitcher_strikeouts,player_prop,pitcher_k,ATL,BOS,FanDuel,fanduel,880e1e94ed3cbd5f07937fd05887eb09,Over,over,4.5,-114,MLB|pitcher_strikeouts|name:bryce elder|over|4.5,MLB|pitcher_strikeouts|name:bryce elder|over|4.5|fanduel,ridge_challenger,challenger,single_stage_direct_count_regression_ridge_shadow_alpha_0.01,mlb_pitcher_props_policy_v1,5.424192695164052,5.424192695164052,3.0088818510337534,7.839503539294351,2.415310844130299,0.9241926951640522,False,,,,1,,,2026-05-28T11:42:47.951871-04:00,current_workflow
2026-05-27|ridge_challenger|2026-05-27|MLB|pitcher_strikeouts|name:bryce elder|under|4.5|fanduel,2026-05-27|MLB|pitcher_strikeouts|name:bryce elder|under|4.5|fanduel,2026-05-27,bryce elder,mlbam_player:693821,mlbam_player:693821,693821,mlbam_player,bryce elder,MLB,pitcher_strikeouts,player_prop,pitcher_k,ATL,BOS,FanDuel,fanduel,880e1e94ed3cbd5f07937fd05887eb09,Under,under,4.5,-114,MLB|pitcher_strikeouts|name:bryce elder|under|4.5,MLB|pitcher_strikeouts|name:bryce elder|under|4.5|fanduel,ridge_challenger,challenger,single_stage_direct_count_regression_ridge_shadow_alpha_0.01,mlb_pitcher_props_policy_v1,5.424192695164052,5.424192695164052,3.0088818510337534,7.839503539294351,2.415310844130299,-0.9241926951640522,False,,,,1,,,2026-05-28T11:42:47.951871-04:00,current_workflow
2026-05-27|ridge_challenger|2026-05-27|MLB|pitcher_strikeouts|name:bryce elder|over|4.5|draftkings,2026-05-27|MLB|pitcher_strikeouts|name:bryce elder|over|4.5|draftkings,2026-05-27,bryce elder,mlbam_player:693821,mlbam_player:693821,693821,mlbam_player,bryce elder,MLB,pitcher_strikeouts,player_prop,pitcher_k,ATL,BOS,DraftKings,draftkings,880e1e94ed3cbd5f07937fd05887eb09,Over,over,4.5,-104,MLB|pitcher_strikeouts|name:bryce elder|over|4.5,MLB|pitcher_strikeouts|name:bryce elder|over|4.5|draftkings,ridge_challenger,challenger,single_stage_direct_count_regression_ridge_shadow_alpha_0.01,mlb_pitcher_props_policy_v1,5.424192695164052,5.424192695164052,3.0088818510337534,7.839503539294351,2.415310844130299,0.9241926951640522,True,3.0,official,medium,1,L,-1.0,2026-05-28T11:42:47.951871-04:00,current_workflow
2026-05-27|ridge_challenger|2026-05-27|MLB|pitcher_strikeouts|name:bryce elder|under|4.5|draftkings,2026-05-27|MLB|pitcher_strikeouts|name:bryce elder|under|4.5|draftkings,2026-05-27,bryce elder,mlbam_player:693821,mlbam_player:693821,693821,mlbam_player,bryce elder,MLB,pitcher_strikeouts,player_prop,pitcher_k,ATL,BOS,DraftKings,draftkings,880e1e94ed3cbd5f07937fd05887eb09,Under,under,4.5,-122,MLB|pitcher_strikeouts|name:bryce elder|under|4.5,MLB|pitcher_strikeouts|name:bryce elder|under|4.5|draftkings,ridge_challenger,challenger,single_stage_direct_count_regression_ridge_shadow_alpha_0.01,mlb_pitcher_props_policy_v1,5.424192695164052,5.424192695164052,3.0088818510337534,7.839503539294351,2.415310844130299,-0.9241926951640522,False,,,,1,,,2026-05-28T11:42:47.951871-04:00,current_workflow
2026-05-27|ridge_challenger|2026-05-27|MLB|pitcher_strikeouts|name:bryce elder|over|4.5|betmgm,2026-05-27|MLB|pitcher_strikeouts|name:bryce elder|over|4.5|betmgm,2026-05-27,bryce elder,mlbam_player:693821,mlbam_player:693821,693821,mlbam_player,bryce elder,MLB,pitcher_strikeouts,player_prop,pitcher_k,ATL,BOS,BetMGM,betmgm,880e1e94ed3cbd5f07937fd05887eb09,Over,over,4.5,-115,MLB|pitcher_strikeouts|name:bryce elder|over|4.5,MLB|pitcher_strikeouts|name:bryce elder|over|4.5|betmgm,ridge_challenger,challenger,single_stage_direct_count_regression_ridge_shadow_alpha_0.01,mlb_pitcher_props_policy_v1,5.424192695164052,5.424192695164052,3.0088818510337534,7.839503539294351,2.415310844130299,0.9241926951640522,False,,,,1,,,2026-05-28T11:42:47.951871-04:00,current_workflow
2026-05-27|ridge_challenger|2026-05-27|MLB|pitcher_strikeouts|name:bryce elder|under|4.5|betmgm,2026-05-27|MLB|pitcher_strikeouts|name:bryce elder|under|4.5|betmgm,2026-05-27,bryce elder,mlbam_player:693821,mlbam_player:693821,693821,mlbam_player,bryce elder,MLB,pitcher_strikeouts,player_prop,pitcher_k,ATL,BOS,BetMGM,betmgm,880e1e94ed3cbd5f07937fd05887eb09,Under,under,4.5,-115,MLB|pitcher_strikeouts|name:bryce elder|under|4.5,MLB|pitcher_strikeouts|name:bryce elder|under|4.5|betmgm,ridge_challenger,challenger,single_stage_direct_count_regression_ridge_shadow_alpha_0.01,mlb_pitcher_props_policy_v1,5.424192695164052,5.424192695164052,3.0088818510337534,7.839503539294351,2.415310844130299,-0.9241926951640522,False,,,,1,,,2026-05-28T11:42:47.951871-04:00,current_workflow
2026-05-27|ridge_challenger|2026-05-27|MLB|pitcher_strikeouts|name:steven matz|over|4.5|draftkings,2026-05-27|MLB|pitcher_strikeouts|name:steven matz|over|4.5|draftkings,2026-05-27,steven matz,mlbam_player:571927,mlbam_player:571927,571927,mlbam_player,steven matz,MLB,pitcher_strikeouts,player_prop,pitcher_k,TB,BAL,DraftKings,draftkings,163227043e0edc8544e84f24250fe6b3,Over,over,4.5,113,MLB|pitcher_strikeouts|name:steven matz|over|4.5,MLB|pitcher_strikeouts|name:steven matz|over|4.5|draftkings,ridge_challenger,challenger,single_stage_direct_count_regression_ridge_shadow_alpha_0.01,mlb_pitcher_props_policy_v1,4.1710126895629775,4.1710126895629775,0.7623413531454157,7.579684025980539,3.408671336417562,-0.3289873104370224,False,,,,2,,,2026-05-28T11:42:47.951871-04:00,current_workflow
2026-05-27|ridge_challenger|2026-05-27|MLB|pitcher_strikeouts|name:steven matz|under|4.5|draftkings,2026-05-27|MLB|pitcher_strikeouts|name:steven matz|under|4.5|draftkings,2026-05-27,steven matz,mlbam_player:571927,mlbam_player:571927,571927,mlbam_player,steven matz,MLB,pitcher_strikeouts,player_prop,pitcher_k,TB,BAL,DraftKings,draftkings,163227043e0edc8544e84f24250fe6b3,Under,under,4.5,-144,MLB|pitcher_strikeouts|name:steven matz|under|4.5,MLB|pitcher_strikeouts|name:steven matz|under|4.5|draftkings,ridge_challenger,challenger,single_stage_direct_count_regression_ridge_shadow_alpha_0.01,mlb_pitcher_props_policy_v1,4.1710126895629775,4.1710126895629775,0.7623413531454157,7.579684025980539,3.408671336417562,0.3289873104370224,False,,,,2,,,2026-05-28T11:42:47.951871-04:00,current_workflow
2026-05-27|ridge_challenger|2026-05-27|MLB|pitcher_strikeouts|name:steven matz|over|4.5|betmgm,2026-05-27|MLB|pitcher_strikeouts|name:steven matz|over|4.5|betmgm,2026-05-27,steven matz,mlbam_player:571927,mlbam_player:571927,571927,mlbam_player,steven matz,MLB,pitcher_strikeouts,player_prop,pitcher_k,TB,BAL,BetMGM,betmgm,163227043e0edc8544e84f24250fe6b3,Over,over,4.5,105,MLB|pitcher_strikeouts|name:steven matz|over|4.5,MLB|pitcher_strikeouts|name:steven matz|over|4.5|betmgm,ridge_challenger,challenger,single_stage_direct_count_regression_ridge_shadow_alpha_0.01,mlb_pitcher_props_policy_v1,4.1710126895629775,4.1710126895629775,0.7623413531454157,7.579684025980539,3.408671336417562,-0.3289873104370224,False,,,,2,,,2026-05-28T11:42:47.951871-04:00,current_workflow
2026-05-27|ridge_challenger|2026-05-27|MLB|pitcher_strikeouts|name:steven matz|under|4.5|betmgm,2026-05-27|MLB|pitcher_strikeouts|name:steven matz|under|4.5|betmgm,2026-05-27,steven matz,mlbam_player:571927,mlbam_player:571927,571927,mlbam_player,steven matz,MLB,pitcher_strikeouts,player_prop,pitcher_k,TB,BAL,BetMGM,betmgm,163227043e0edc8544e84f24250fe6b3,Under,under,4.5,-140,MLB|pitcher_strikeouts|name:steven matz|under|4.5,MLB|pitcher_strikeouts|name:steven matz|under|4.5|betmgm,ridge_challenger,challenger,single_stage_direct_count_regression_ridge_shadow_alpha_0.01,mlb_pitcher_props_policy_v1,4.1710126895629775,4.1710126895629775,0.7623413531454157,7.579684025980539,3.408671336417562,0.3289873104370224,False,,,,2,,,2026-05-28T11:42:47.951871-04:00,current_workflow
2026-05-27|ridge_challenger|2026-05-27|MLB|pitcher_strikeouts|name:steven matz|over|4.5|fanduel,2026-05-27|MLB|pitcher_strikeouts|name:steven matz|over|4.5|fanduel,2026-05-27,steven matz,mlbam_player:571927,mlbam_player:571927,571927,mlbam_player,steven matz,MLB,pitcher_strikeouts,player_prop,pitcher_k,TB,BAL,FanDuel,fanduel,163227043e0edc8544e84f24250fe6b3,Over,over,4.5,102,MLB|pitcher_strikeouts|name:steven matz|over|4.5,MLB|pitcher_strikeouts|name:steven matz|over|4.5|fanduel,ridge_challenger,challenger,single_stage_direct_count_regression_ridge_shadow_alpha_0.01,mlb_pitcher_props_policy_v1,4.1710126895629775,4.1710126895629775,0.7623413531454157,7.579684025980539,3.408671336417562,-0.3289873104370224,False,,,,2,,,2026-05-28T11:42:47.951871-04:00,current_workflow
2026-05-27|ridge_challenger|2026-05-27|MLB|pitcher_strikeouts|name:steven matz|under|4.5|fanduel,2026-05-27|MLB|pitcher_strikeouts|name:steven matz|under|4.5|fanduel,2026-05-27,steven matz,mlbam_player:571927,mlbam_player:571927,571927,mlbam_player,steven matz,MLB,pitcher_strikeouts,player_prop,pitcher_k,TB,BAL,FanDuel,fanduel,163227043e0edc8544e84f24250fe6b3,Under,under,4.5,-136,MLB|pitcher_strikeouts|name:steven matz|under|4.5,MLB|pitcher_strikeouts|name:steven matz|under|4.5|fanduel,ridge_challenger,challenger,single_stage_direct_count_regression_ridge_shadow_alpha_0.01,mlb_pitcher_props_policy_v1,4.1710126895629775,4.1710126895629775,0.7623413531454157,7.579684025980539,3.408671336417562,0.3289873104370224,False,,,,2,,,2026-05-28T11:42:47.951871-04:00,current_workflow
2026-05-27|ridge_challenger|2026-05-27|MLB|pitcher_strikeouts|name:logan gilbert|over|6.5|fanduel,2026-05-27|MLB|pitcher_strikeouts|name:logan gilbert|over|6.5|fanduel,2026-05-27,logan gilbert,mlbam_player:669302,mlbam_player:669302,669302,mlbam_player,logan gilbert,MLB,pitcher_strikeouts,player_prop,pitcher_k,SEA,ATH,FanDuel,fanduel,adfc9cd4529fc7b4ed6fb31e0e3d714c,Over,over,6.5,136,MLB|pitcher_strikeouts|name:logan gilbert|over|6.5,MLB|pitcher_strikeouts|name:logan gilbert|over|6.5|fanduel,ridge_challenger,challenger,single_stage_direct_count_regression_ridge_shadow_alpha_0.01,mlb_pitcher_props_policy_v1,5.580708643926151,5.580708643926151,1.047367988874366,10.114049298977935,4.533340655051785,-0.9192913560738488,False,,,,6,,,2026-05-28T11:42:47.951871-04:00,current_workflow
2026-05-27|ridge_challenger|2026-05-27|MLB|pitcher_strikeouts|name:logan gilbert|under|6.5|fanduel,2026-05-27|MLB|pitcher_strikeouts|name:logan gilbert|under|6.5|fanduel,2026-05-27,logan gilbert,mlbam_player:669302,mlbam_player:669302,669302,mlbam_player,logan gilbert,MLB,pitcher_strikeouts,player_prop,pitcher_k,SEA,ATH,FanDuel,fanduel,adfc9cd4529fc7b4ed6fb31e0e3d714c,Under,under,6.5,-182,MLB|pitcher_strikeouts|name:logan gilbert|under|6.5,MLB|pitcher_strikeouts|name:logan gilbert|under|6.5|fanduel,ridge_challenger,challenger,single_stage_direct_count_regression_ridge_shadow_alpha_0.01,mlb_pitcher_props_policy_v1,5.580708643926151,5.580708643926151,1.047367988874366,10.114049298977935,4.533340655051785,0.9192913560738488,True,6.0,official,medium,6,W,0.5494505494505495,2026-05-28T11:42:47.951871-04:00,current_workflow
2026-05-27|ridge_challenger|2026-05-27|MLB|pitcher_strikeouts|name:logan gilbert|over|5.5|draftkings,2026-05-27|MLB|pitcher_strikeouts|name:logan gilbert|over|5.5|draftkings,2026-05-27,logan gilbert,mlbam_player:669302,mlbam_player:669302,669302,mlbam_player,logan gilbert,MLB,pitcher_strikeouts,player_prop,pitcher_k,SEA,ATH,DraftKings,draftkings,adfc9cd4529fc7b4ed6fb31e0e3d714c,Over,over,5.5,-147,MLB|pitcher_strikeouts|name:logan gilbert|over|5.5,MLB|pitcher_strikeouts|name:logan gilbert|over|5.5|draftkings,ridge_challenger,challenger,single_stage_direct_count_regression_ridge_shadow_alpha_0.01,mlb_pitcher_props_policy_v1,5.580708643926151,5.580708643926151,1.047367988874366,10.114049298977935,4.533340655051785,0.080708643926151,False,,,,6,,,2026-05-28T11:42:47.951871-04:00,current_workflow
2026-05-27|ridge_challenger|2026-05-27|MLB|pitcher_strikeouts|name:logan gilbert|under|5.5|draftkings,2026-05-27|MLB|pitcher_strikeouts|name:logan gilbert|under|5.5|draftkings,2026-05-27,logan gilbert,mlbam_player:669302,mlbam_player:669302,669302,mlbam_player,logan gilbert,MLB,pitcher_strikeouts,player_prop,pitcher_k,SEA,ATH,DraftKings,draftkings,adfc9cd4529fc7b4ed6fb31e0e3d714c,Under,under,5.5,115,MLB|pitcher_strikeouts|name:logan gilbert|under|5.5,MLB|pitcher_strikeouts|name:logan gilbert|under|5.5|draftkings,ridge_challenger,challenger,single_stage_direct_count_regression_ridge_shadow_alpha_0.01,mlb_pitcher_props_policy_v1,5.580708643926151,5.580708643926151,1.047367988874366,10.114049298977935,4.533340655051785,-0.080708643926151,False,,,,6,,,2026-05-28T11:42:47.951871-04:00,current_workflow
2026-05-27|ridge_challenger|2026-05-27|MLB|pitcher_strikeouts|name:logan gilbert|over|5.5|betmgm,2026-05-27|MLB|pitcher_strikeouts|name:logan gilbert|over|5.5|betmgm,2026-05-27,logan gilbert,mlbam_player:669302,mlbam_player:669302,669302,mlbam_player,logan gilbert,MLB,pitcher_strikeouts,player_prop,pitcher_k,SEA,ATH,BetMGM,betmgm,adfc9cd4529fc7b4ed6fb31e0e3d714c,Over,over,5.5,-140,MLB|pitcher_strikeouts|name:logan gilbert|over|5.5,MLB|pitcher_strikeouts|name:logan gilbert|over|5.5|betmgm,ridge_challenger,challenger,single_stage_direct_count_regression_ridge_shadow_alpha_0.01,mlb_pitcher_props_policy_v1,5.580708643926151,5.580708643926151,1.047367988874366,10.114049298977935,4.533340655051785,0.080708643926151,False,,,,6,,,2026-05-28T11:42:47.951871-04:00,current_workflow
2026-05-27|ridge_challenger|2026-05-27|MLB|pitcher_strikeouts|name:logan gilbert|under|5.5|betmgm,2026-05-27|MLB|pitcher_strikeouts|name:logan gilbert|under|5.5|betmgm,2026-05-27,logan gilbert,mlbam_player:669302,mlbam_player:669302,669302,mlbam_player,logan gilbert,MLB,pitcher_strikeouts,player_prop,pitcher_k,SEA,ATH,BetMGM,betmgm,adfc9cd4529fc7b4ed6fb31e0e3d714c,Under,under,5.5,105,MLB|pitcher_strikeouts|name:logan gilbert|under|5.5,MLB|pitcher_strikeouts|name:logan gilbert|under|5.5|betmgm,ridge_challenger,challenger,single_stage_direct_count_regression_ridge_shadow_alpha_0.01,mlb_pitcher_props_policy_v1,5.580708643926151,5.580708643926151,1.047367988874366,10.114049298977935,4.533340655051785,-0.080708643926151,False,,,,6,,,2026-05-28T11:42:47.951871-04:00,current_workflow
2026-05-27|ridge_challenger|2026-05-27|MLB|pitcher_strikeouts|name:jeffrey springs|over|4.5|fanduel,2026-05-27|MLB|pitcher_strikeouts|name:jeffrey springs|over|4.5|fanduel,2026-05-27,jeffrey springs,mlbam_player:605488,mlbam_player:605488,605488,mlbam_player,jeffrey springs,MLB,pitcher_strikeouts,player_prop,pitcher_k,ATH,SEA,FanDuel,fanduel,adfc9cd4529fc7b4ed6fb31e0e3d714c,Over,over,4.5,-110,MLB|pitcher_strikeouts|name:jeffrey springs|over|4.5,MLB|pitcher_strikeouts|name:jeffrey springs|over|4.5|fanduel,ridge_challenger,challenger,single_stage_direct_count_regression_ridge_shadow_alpha_0.01,mlb_pitcher_props_policy_v1,4.5009148451838925,4.5009148451838925,2.1879946573148925,6.813835033052893,2.312920187869,0.0009148451838925,False,,,,7,,,2026-05-28T11:42:47.951871-04:00,current_workflow
2026-05-27|ridge_challenger|2026-05-27|MLB|pitcher_strikeouts|name:jeffrey springs|under|4.5|fanduel,2026-05-27|MLB|pitcher_strikeouts|name:jeffrey springs|under|4.5|fanduel,2026-05-27,jeffrey springs,mlbam_player:605488,mlbam_player:605488,605488,mlbam_player,jeffrey springs,MLB,pitcher_strikeouts,player_prop,pitcher_k,ATH,SEA,FanDuel,fanduel,adfc9cd4529fc7b4ed6fb31e0e3d714c,Under,under,4.5,-110,MLB|pitcher_strikeouts|name:jeffrey springs|under|4.5,MLB|pitcher_strikeouts|name:jeffrey springs|under|4.5|fanduel,ridge_challenger,challenger,single_stage_direct_count_regression_ridge_shadow_alpha_0.01,mlb_pitcher_props_policy_v1,4.5009148451838925,4.5009148451838925,2.1879946573148925,6.813835033052893,2.312920187869,-0.0009148451838925,False,,,,7,,,2026-05-28T11:42:47.951871-04:00,current_workflow
2026-05-27|ridge_challenger|2026-05-27|MLB|pitcher_strikeouts|name:jeffrey springs|over|4.5|draftkings,2026-05-27|MLB|pitcher_strikeouts|name:jeffrey springs|over|4.5|draftkings,2026-05-27,jeffrey springs,mlbam_player:605488,mlbam_player:605488,605488,mlbam_player,jeffrey springs,MLB,pitcher_strikeouts,player_prop,pitcher_k,ATH,SEA,DraftKings,draftkings,adfc9cd4529fc7b4ed6fb31e0e3d714c,Over,over,4.5,-116,MLB|pitcher_strikeouts|name:jeffrey springs|over|4.5,MLB|pitcher_strikeouts|name:jeffrey springs|over|4.5|draftkings,ridge_challenger,challenger,single_stage_direct_count_regression_ridge_shadow_alpha_0.01,mlb_pitcher_props_policy_v1,4.5009148451838925,4.5009148451838925,2.1879946573148925,6.813835033052893,2.312920187869,0.0009148451838925,False,,,,7,,,2026-05-28T11:42:47.951871-04:00,current_workflow
2026-05-27|ridge_challenger|2026-05-27|MLB|pitcher_strikeouts|name:jeffrey springs|under|4.5|draftkings,2026-05-27|MLB|pitcher_strikeouts|name:jeffrey springs|under|4.5|draftkings,2026-05-27,jeffrey springs,mlbam_player:605488,mlbam_player:605488,605488,mlbam_player,jeffrey springs,MLB,pitcher_strikeouts,player_prop,pitcher_k,ATH,SEA,DraftKings,draftkings,adfc9cd4529fc7b4ed6fb31e0e3d714c,Under,under,4.5,-110,MLB|pitcher_strikeouts|name:jeffrey springs|under|4.5,MLB|pitcher_strikeouts|name:jeffrey springs|under|4.5|draftkings,ridge_challenger,challenger,single_stage_direct_count_regression_ridge_shadow_alpha_0.01,mlb_pitcher_props_policy_v1,4.5009148451838925,4.5009148451838925,2.1879946573148925,6.813835033052893,2.312920187869,-0.0009148451838925,False,,,,7,,,2026-05-28T11:42:47.951871-04:00,current_workflow
2026-05-27|ridge_challenger|2026-05-27|MLB|pitcher_strikeouts|name:jeffrey springs|over|4.5|betmgm,2026-05-27|MLB|pitcher_strikeouts|name:jeffrey springs|over|4.5|betmgm,2026-05-27,jeffrey springs,mlbam_player:605488,mlbam_player:605488,605488,mlbam_player,jeffrey springs,MLB,pitcher_strikeouts,player_prop,pitcher_k,ATH,SEA,BetMGM,betmgm,adfc9cd4529fc7b4ed6fb31e0e3d714c,Over,over,4.5,-110,MLB|pitcher_strikeouts|name:jeffrey springs|over|4.5,MLB|pitcher_strikeouts|name:jeffrey springs|over|4.5|betmgm,ridge_challenger,challenger,single_stage_direct_count_regression_ridge_shadow_alpha_0.01,mlb_pitcher_props_policy_v1,4.5009148451838925,4.5009148451838925,2.1879946573148925,6.813835033052893,2.312920187869,0.0009148451838925,False,,,,7,,,2026-05-28T11:42:47.951871-04:00,current_workflow
2026-05-27|ridge_challenger|2026-05-27|MLB|pitcher_strikeouts|name:jeffrey springs|under|4.5|betmgm,2026-05-27|MLB|pitcher_strikeouts|name:jeffrey springs|under|4.5|betmgm,2026-05-27,jeffrey springs,mlbam_player:605488,mlbam_player:605488,605488,mlbam_player,jeffrey springs,MLB,pitcher_strikeouts,player_prop,pitcher_k,ATH,SEA,BetMGM,betmgm,adfc9cd4529fc7b4ed6fb31e0e3d714c,Under,under,4.5,-120,MLB|pitcher_strikeouts|name:jeffrey springs|under|4.5,MLB|pitcher_strikeouts|name:jeffrey springs|under|4.5|betmgm,ridge_challenger,challenger,single_stage_direct_count_regression_ridge_shadow_alpha_0.01,mlb_pitcher_props_policy_v1,4.5009148451838925,4.5009148451838925,2.1879946573148925,6.813835033052893,2.312920187869,-0.0009148451838925,False,,,,7,,,2026-05-28T11:42:47.951871-04:00,current_workflow
2026-05-28|xgboost_champion|2026-05-28|MLB|pitcher_strikeouts|name:spencer arrighetti|over|5.5|fanduel,2026-05-28|MLB|pitcher_strikeouts|name:spencer arrighetti|over|5.5|fanduel,2026-05-28,spencer arrighetti,mlbam_player:681293,mlbam_player:681293,681293,mlbam_player,spencer arrighetti,MLB,pitcher_strikeouts,player_prop,pitcher_k,HOU,TEX,FanDuel,fanduel,5bacfc86e437d15ee2ffef91a1562308,Over,over,5.5,118,MLB|pitcher_strikeouts|name:spencer arrighetti|over|5.5,MLB|pitcher_strikeouts|name:spencer arrighetti|over|5.5|fanduel,xgboost_champion,champion,pitcher_k_model_v1,mlb_pitcher_props_policy_v1,4.613916397094727,4.613916397094727,2.037111756881625,7.190721037307828,2.5768046402131017,-0.8860836029052734,False,,,,,,,,current_workflow
2026-05-28|xgboost_champion|2026-05-28|MLB|pitcher_strikeouts|name:spencer arrighetti|under|5.5|fanduel,2026-05-28|MLB|pitcher_strikeouts|name:spencer arrighetti|under|5.5|fanduel,2026-05-28,spencer arrighetti,mlbam_player:681293,mlbam_player:681293,681293,mlbam_player,spencer arrighetti,MLB,pitcher_strikeouts,player_prop,pitcher_k,HOU,TEX,FanDuel,fanduel,5bacfc86e437d15ee2ffef91a1562308,Under,under,5.5,-158,MLB|pitcher_strikeouts|name:spencer arrighetti|under|5.5,MLB|pitcher_strikeouts|name:spencer arrighetti|under|5.5|fanduel,xgboost_champion,champion,pitcher_k_model_v1,mlb_pitcher_props_policy_v1,4.613916397094727,4.613916397094727,2.037111756881625,7.190721037307828,2.5768046402131017,0.8860836029052734,False,,,,,,,,current_workflow
2026-05-28|xgboost_champion|2026-05-28|MLB|pitcher_strikeouts|name:spencer arrighetti|over|5.5|draftkings,2026-05-28|MLB|pitcher_strikeouts|name:spencer arrighetti|over|5.5|draftkings,2026-05-28,spencer arrighetti,mlbam_player:681293,mlbam_player:681293,681293,mlbam_player,spencer arrighetti,MLB,pitcher_strikeouts,player_prop,pitcher_k,HOU,TEX,DraftKings,draftkings,5bacfc86e437d15ee2ffef91a1562308,Over,over,5.5,109,MLB|pitcher_strikeouts|name:spencer arrighetti|over|5.5,MLB|pitcher_strikeouts|name:spencer arrighetti|over|5.5|draftkings,xgboost_champion,champion,pitcher_k_model_v1,mlb_pitcher_props_policy_v1,4.613916397094727,4.613916397094727,2.037111756881625,7.190721037307828,2.5768046402131017,-0.8860836029052734,False,,,,,,,,current_workflow
2026-05-28|xgboost_champion|2026-05-28|MLB|pitcher_strikeouts|name:spencer arrighetti|under|5.5|draftkings,2026-05-28|MLB|pitcher_strikeouts|name:spencer arrighetti|under|5.5|draftkings,2026-05-28,spencer arrighetti,mlbam_player:681293,mlbam_player:681293,681293,mlbam_player,spencer arrighetti,MLB,pitcher_strikeouts,player_prop,pitcher_k,HOU,TEX,DraftKings,draftkings,5bacfc86e437d15ee2ffef91a1562308,Under,under,5.5,-139,MLB|pitcher_strikeouts|name:spencer arrighetti|under|5.5,MLB|pitcher_strikeouts|name:spencer arrighetti|under|5.5|draftkings,xgboost_champion,champion,pitcher_k_model_v1,mlb_pitcher_props_policy_v1,4.613916397094727,4.613916397094727,2.037111756881625,7.190721037307828,2.5768046402131017,0.8860836029052734,True,7.0,official,medium,,,,,current_workflow
2026-05-28|xgboost_champion|2026-05-28|MLB|pitcher_strikeouts|name:spencer arrighetti|over|5.5|betmgm,2026-05-28|MLB|pitcher_strikeouts|name:spencer arrighetti|over|5.5|betmgm,2026-05-28,spencer arrighetti,mlbam_player:681293,mlbam_player:681293,681293,mlbam_player,spencer arrighetti,MLB,pitcher_strikeouts,player_prop,pitcher_k,HOU,TEX,BetMGM,betmgm,5bacfc86e437d15ee2ffef91a1562308,Over,over,5.5,110,MLB|pitcher_strikeouts|name:spencer arrighetti|over|5.5,MLB|pitcher_strikeouts|name:spencer arrighetti|over|5.5|betmgm,xgboost_champion,champion,pitcher_k_model_v1,mlb_pitcher_props_policy_v1,4.613916397094727,4.613916397094727,2.037111756881625,7.190721037307828,2.5768046402131017,-0.8860836029052734,False,,,,,,,,current_workflow
2026-05-28|xgboost_champion|2026-05-28|MLB|pitcher_strikeouts|name:spencer arrighetti|under|5.5|betmgm,2026-05-28|MLB|pitcher_strikeouts|name:spencer arrighetti|under|5.5|betmgm,2026-05-28,spencer arrighetti,mlbam_player:681293,mlbam_player:681293,681293,mlbam_player,spencer arrighetti,MLB,pitcher_strikeouts,player_prop,pitcher_k,HOU,TEX,BetMGM,betmgm,5bacfc86e437d15ee2ffef91a1562308,Under,under,5.5,-150,MLB|pitcher_strikeouts|name:spencer arrighetti|under|5.5,MLB|pitcher_strikeouts|name:spencer arrighetti|under|5.5|betmgm,xgboost_champion,champion,pitcher_k_model_v1,mlb_pitcher_props_policy_v1,4.613916397094727,4.613916397094727,2.037111756881625,7.190721037307828,2.5768046402131017,0.8860836029052734,False,,,,,,,,current_workflow
2026-05-28|xgboost_champion|2026-05-28|MLB|pitcher_strikeouts|name:nathan eovaldi|over|6.5|fanduel,2026-05-28|MLB|pitcher_strikeouts|name:nathan eovaldi|over|6.5|fanduel,2026-05-28,nathan eovaldi,mlbam_player:543135,mlbam_player:543135,543135,mlbam_player,nathan eovaldi,MLB,pitcher_strikeouts,player_prop,pitcher_k,TEX,HOU,FanDuel,fanduel,5bacfc86e437d15ee2ffef91a1562308,Over,over,6.5,128,MLB|pitcher_strikeouts|name:nathan eovaldi|over|6.5,MLB|pitcher_strikeouts|name:nathan eovaldi|over|6.5|fanduel,xgboost_champion,champion,pitcher_k_model_v1,mlb_pitcher_props_policy_v1,5.054497241973877,5.054497241973877,1.9059859722516475,8.203008511696106,3.1485112697222295,-1.445502758026123,False,,,,,,,,current_workflow
2026-05-28|xgboost_champion|2026-05-28|MLB|pitcher_strikeouts|name:nathan eovaldi|under|6.5|fanduel,2026-05-28|MLB|pitcher_strikeouts|name:nathan eovaldi|under|6.5|fanduel,2026-05-28,nathan eovaldi,mlbam_player:543135,mlbam_player:543135,543135,mlbam_player,nathan eovaldi,MLB,pitcher_strikeouts,player_prop,pitcher_k,TEX,HOU,FanDuel,fanduel,5bacfc86e437d15ee2ffef91a1562308,Under,under,6.5,-158,MLB|pitcher_strikeouts|name:nathan eovaldi|under|6.5,MLB|pitcher_strikeouts|name:nathan eovaldi|under|6.5|fanduel,xgboost_champion,champion,pitcher_k_model_v1,mlb_pitcher_props_policy_v1,5.054497241973877,5.054497241973877,1.9059859722516475,8.203008511696106,3.1485112697222295,1.445502758026123,False,,,,,,,,current_workflow
2026-05-28|xgboost_champion|2026-05-28|MLB|pitcher_strikeouts|name:nathan eovaldi|over|5.5|draftkings,2026-05-28|MLB|pitcher_strikeouts|name:nathan eovaldi|over|5.5|draftkings,2026-05-28,nathan eovaldi,mlbam_player:543135,mlbam_player:543135,543135,mlbam_player,nathan eovaldi,MLB,pitcher_strikeouts,player_prop,pitcher_k,TEX,HOU,DraftKings,draftkings,5bacfc86e437d15ee2ffef91a1562308,Over,over,5.5,-159,MLB|pitcher_strikeouts|name:nathan eovaldi|over|5.5,MLB|pitcher_strikeouts|name:nathan eovaldi|over|5.5|draftkings,xgboost_champion,champion,pitcher_k_model_v1,mlb_pitcher_props_policy_v1,5.054497241973877,5.054497241973877,1.9059859722516475,8.203008511696106,3.1485112697222295,-0.44550275802612305,False,,,,,,,,current_workflow
2026-05-28|xgboost_champion|2026-05-28|MLB|pitcher_strikeouts|name:nathan eovaldi|under|5.5|draftkings,2026-05-28|MLB|pitcher_strikeouts|name:nathan eovaldi|under|5.5|draftkings,2026-05-28,nathan eovaldi,mlbam_player:543135,mlbam_player:543135,543135,mlbam_player,nathan eovaldi,MLB,pitcher_strikeouts,player_prop,pitcher_k,TEX,HOU,DraftKings,draftkings,5bacfc86e437d15ee2ffef91a1562308,Under,under,5.5,125,MLB|pitcher_strikeouts|name:nathan eovaldi|under|5.5,MLB|pitcher_strikeouts|name:nathan eovaldi|under|5.5|draftkings,xgboost_champion,champion,pitcher_k_model_v1,mlb_pitcher_props_policy_v1,5.054497241973877,5.054497241973877,1.9059859722516475,8.203008511696106,3.1485112697222295,0.44550275802612305,False,,,,,,,,current_workflow
2026-05-28|xgboost_champion|2026-05-28|MLB|pitcher_strikeouts|name:nathan eovaldi|over|6.5|betmgm,2026-05-28|MLB|pitcher_strikeouts|name:nathan eovaldi|over|6.5|betmgm,2026-05-28,nathan eovaldi,mlbam_player:543135,mlbam_player:543135,543135,mlbam_player,nathan eovaldi,MLB,pitcher_strikeouts,player_prop,pitcher_k,TEX,HOU,BetMGM,betmgm,5bacfc86e437d15ee2ffef91a1562308,Over,over,6.5,115,MLB|pitcher_strikeouts|name:nathan eovaldi|over|6.5,MLB|pitcher_strikeouts|name:nathan eovaldi|over|6.5|betmgm,xgboost_champion,champion,pitcher_k_model_v1,mlb_pitcher_props_policy_v1,5.054497241973877,5.054497241973877,1.9059859722516475,8.203008511696106,3.1485112697222295,-1.445502758026123,False,,,,,,,,current_workflow
2026-05-28|xgboost_champion|2026-05-28|MLB|pitcher_strikeouts|name:nathan eovaldi|under|6.5|betmgm,2026-05-28|MLB|pitcher_strikeouts|name:nathan eovaldi|under|6.5|betmgm,2026-05-28,nathan eovaldi,mlbam_player:543135,mlbam_player:543135,543135,mlbam_player,nathan eovaldi,MLB,pitcher_strikeouts,player_prop,pitcher_k,TEX,HOU,BetMGM,betmgm,5bacfc86e437d15ee2ffef91a1562308,Under,under,6.5,-155,MLB|pitcher_strikeouts|name:nathan eovaldi|under|6.5,MLB|pitcher_strikeouts|name:nathan eovaldi|under|6.5|betmgm,xgboost_champion,champion,pitcher_k_model_v1,mlb_pitcher_props_policy_v1,5.054497241973877,5.054497241973877,1.9059859722516475,8.203008511696106,3.1485112697222295,1.445502758026123,True,2.0,official,high,,,,,current_workflow
2026-05-28|xgboost_champion|2026-05-28|MLB|pitcher_strikeouts|name:colin rea|over|4.5|fanduel,2026-05-28|MLB|pitcher_strikeouts|name:colin rea|over|4.5|fanduel,2026-05-28,colin rea,mlbam_player:607067,mlbam_player:607067,607067,mlbam_player,colin rea,MLB,pitcher_strikeouts,player_prop,pitcher_k,CHC,PIT,FanDuel,fanduel,10c998a5c2995335fd238b7e7e037c62,Over,over,4.5,110,MLB|pitcher_strikeouts|name:colin rea|over|4.5,MLB|pitcher_strikeouts|name:colin rea|over|4.5|fanduel,xgboost_champion,champion,pitcher_k_model_v1,mlb_pitcher_props_policy_v1,5.356284141540527,5.356284141540527,1.6233918955740876,9.089176387506967,3.7328922459664398,0.8562841415405273,True,4.0,official,medium,,,,,current_workflow
2026-05-28|xgboost_champion|2026-05-28|MLB|pitcher_strikeouts|name:colin rea|under|4.5|fanduel,2026-05-28|MLB|pitcher_strikeouts|name:colin rea|under|4.5|fanduel,2026-05-28,colin rea,mlbam_player:607067,mlbam_player:607067,607067,mlbam_player,colin rea,MLB,pitcher_strikeouts,player_prop,pitcher_k,CHC,PIT,FanDuel,fanduel,10c998a5c2995335fd238b7e7e037c62,Under,under,4.5,-146,MLB|pitcher_strikeouts|name:colin rea|under|4.5,MLB|pitcher_strikeouts|name:colin rea|under|4.5|fanduel,xgboost_champion,champion,pitcher_k_model_v1,mlb_pitcher_props_policy_v1,5.356284141540527,5.356284141540527,1.6233918955740876,9.089176387506967,3.7328922459664398,-0.8562841415405273,False,,,,,,,,current_workflow
2026-05-28|xgboost_champion|2026-05-28|MLB|pitcher_strikeouts|name:colin rea|over|4.5|draftkings,2026-05-28|MLB|pitcher_strikeouts|name:colin rea|over|4.5|draftkings,2026-05-28,colin rea,mlbam_player:607067,mlbam_player:607067,607067,mlbam_player,colin rea,MLB,pitcher_strikeouts,player_prop,pitcher_k,CHC,PIT,DraftKings,draftkings,10c998a5c2995335fd238b7e7e037c62,Over,over,4.5,-102,MLB|pitcher_strikeouts|name:colin rea|over|4.5,MLB|pitcher_strikeouts|name:colin rea|over|4.5|draftkings,xgboost_champion,champion,pitcher_k_model_v1,mlb_pitcher_props_policy_v1,5.356284141540527,5.356284141540527,1.6233918955740876,9.089176387506967,3.7328922459664398,0.8562841415405273,False,,,,,,,,current_workflow
2026-05-28|xgboost_champion|2026-05-28|MLB|pitcher_strikeouts|name:colin rea|under|4.5|draftkings,2026-05-28|MLB|pitcher_strikeouts|name:colin rea|under|4.5|draftkings,2026-05-28,colin rea,mlbam_player:607067,mlbam_player:607067,607067,mlbam_player,colin rea,MLB,pitcher_strikeouts,player_prop,pitcher_k,CHC,PIT,DraftKings,draftkings,10c998a5c2995335fd238b7e7e037c62,Under,under,4.5,-125,MLB|pitcher_strikeouts|name:colin rea|under|4.5,MLB|pitcher_strikeouts|name:colin rea|under|4.5|draftkings,xgboost_champion,champion,pitcher_k_model_v1,mlb_pitcher_props_policy_v1,5.356284141540527,5.356284141540527,1.6233918955740876,9.089176387506967,3.7328922459664398,-0.8562841415405273,False,,,,,,,,current_workflow
2026-05-28|xgboost_champion|2026-05-28|MLB|pitcher_strikeouts|name:colin rea|over|4.5|betmgm,2026-05-28|MLB|pitcher_strikeouts|name:colin rea|over|4.5|betmgm,2026-05-28,colin rea,mlbam_player:607067,mlbam_player:607067,607067,mlbam_player,colin rea,MLB,pitcher_strikeouts,player_prop,pitcher_k,CHC,PIT,BetMGM,betmgm,10c998a5c2995335fd238b7e7e037c62,Over,over,4.5,-105,MLB|pitcher_strikeouts|name:colin rea|over|4.5,MLB|pitcher_strikeouts|name:colin rea|over|4.5|betmgm,xgboost_champion,champion,pitcher_k_model_v1,mlb_pitcher_props_policy_v1,5.356284141540527,5.356284141540527,1.6233918955740876,9.089176387506967,3.7328922459664398,0.8562841415405273,False,,,,,,,,current_workflow
2026-05-28|xgboost_champion|2026-05-28|MLB|pitcher_strikeouts|name:colin rea|under|4.5|betmgm,2026-05-28|MLB|pitcher_strikeouts|name:colin rea|under|4.5|betmgm,2026-05-28,colin rea,mlbam_player:607067,mlbam_player:607067,607067,mlbam_player,colin rea,MLB,pitcher_strikeouts,player_prop,pitcher_k,CHC,PIT,BetMGM,betmgm,10c998a5c2995335fd238b7e7e037c62,Under,under,4.5,-125,MLB|pitcher_strikeouts|name:colin rea|under|4.5,MLB|pitcher_strikeouts|name:colin rea|under|4.5|betmgm,xgboost_champion,champion,pitcher_k_model_v1,mlb_pitcher_props_policy_v1,5.356284141540527,5.356284141540527,1.6233918955740876,9.089176387506967,3.7328922459664398,-0.8562841415405273,False,,,,,,,,current_workflow
2026-05-28|xgboost_champion|2026-05-28|MLB|pitcher_strikeouts|name:paul skenes|over|6.5|fanduel,2026-05-28|MLB|pitcher_strikeouts|name:paul skenes|over|6.5|fanduel,2026-05-28,paul skenes,mlbam_player:694973,mlbam_player:694973,694973,mlbam_player,paul skenes,MLB,pitcher_strikeouts,player_prop,pitcher_k,PIT,CHC,FanDuel,fanduel,10c998a5c2995335fd238b7e7e037c62,Over,over,6.5,100,MLB|pitcher_strikeouts|name:paul skenes|over|6.5,MLB|pitcher_strikeouts|name:paul skenes|over|6.5|fanduel,xgboost_champion,champion,pitcher_k_model_v1,mlb_pitcher_props_policy_v1,6.256909370422363,6.256909370422363,4.322794272135334,8.191024468709392,1.9341150982870292,-0.24309062957763672,False,,,,,,,,current_workflow
2026-05-28|xgboost_champion|2026-05-28|MLB|pitcher_strikeouts|name:paul skenes|under|6.5|fanduel,2026-05-28|MLB|pitcher_strikeouts|name:paul skenes|under|6.5|fanduel,2026-05-28,paul skenes,mlbam_player:694973,mlbam_player:694973,694973,mlbam_player,paul skenes,MLB,pitcher_strikeouts,player_prop,pitcher_k,PIT,CHC,FanDuel,fanduel,10c998a5c2995335fd238b7e7e037c62,Under,under,6.5,-122,MLB|pitcher_strikeouts|name:paul skenes|under|6.5,MLB|pitcher_strikeouts|name:paul skenes|under|6.5|fanduel,xgboost_champion,champion,pitcher_k_model_v1,mlb_pitcher_props_policy_v1,6.256909370422363,6.256909370422363,4.322794272135334,8.191024468709392,1.9341150982870292,0.24309062957763672,False,,,,,,,,current_workflow
2026-05-28|xgboost_champion|2026-05-28|MLB|pitcher_strikeouts|name:paul skenes|over|6.5|draftkings,2026-05-28|MLB|pitcher_strikeouts|name:paul skenes|over|6.5|draftkings,2026-05-28,paul skenes,mlbam_player:694973,mlbam_player:694973,694973,mlbam_player,paul skenes,MLB,pitcher_strikeouts,player_prop,pitcher_k,PIT,CHC,DraftKings,draftkings,10c998a5c2995335fd238b7e7e037c62,Over,over,6.5,-106,MLB|pitcher_strikeouts|name:paul skenes|over|6.5,MLB|pitcher_strikeouts|name:paul skenes|over|6.5|draftkings,xgboost_champion,champion,pitcher_k_model_v1,mlb_pitcher_props_policy_v1,6.256909370422363,6.256909370422363,4.322794272135334,8.191024468709392,1.9341150982870292,-0.24309062957763672,False,,,,,,,,current_workflow
2026-05-28|xgboost_champion|2026-05-28|MLB|pitcher_strikeouts|name:paul skenes|under|6.5|draftkings,2026-05-28|MLB|pitcher_strikeouts|name:paul skenes|under|6.5|draftkings,2026-05-28,paul skenes,mlbam_player:694973,mlbam_player:694973,694973,mlbam_player,paul skenes,MLB,pitcher_strikeouts,player_prop,pitcher_k,PIT,CHC,DraftKings,draftkings,10c998a5c2995335fd238b7e7e037c62,Under,under,6.5,-121,MLB|pitcher_strikeouts|name:paul skenes|under|6.5,MLB|pitcher_strikeouts|name:paul skenes|under|6.5|draftkings,xgboost_champion,champion,pitcher_k_model_v1,mlb_pitcher_props_policy_v1,6.256909370422363,6.256909370422363,4.322794272135334,8.191024468709392,1.9341150982870292,0.24309062957763672,False,,,,,,,,current_workflow
2026-05-28|xgboost_champion|2026-05-28|MLB|pitcher_strikeouts|name:paul skenes|over|6.5|betmgm,2026-05-28|MLB|pitcher_strikeouts|name:paul skenes|over|6.5|betmgm,2026-05-28,paul skenes,mlbam_player:694973,mlbam_player:694973,694973,mlbam_player,paul skenes,MLB,pitcher_strikeouts,player_prop,pitcher_k,PIT,CHC,BetMGM,betmgm,10c998a5c2995335fd238b7e7e037c62,Over,over,6.5,-110,MLB|pitcher_strikeouts|name:paul skenes|over|6.5,MLB|pitcher_strikeouts|name:paul skenes|over|6.5|betmgm,xgboost_champion,champion,pitcher_k_model_v1,mlb_pitcher_props_policy_v1,6.256909370422363,6.256909370422363,4.322794272135334,8.191024468709392,1.9341150982870292,-0.24309062957763672,False,,,,,,,,current_workflow
2026-05-28|xgboost_champion|2026-05-28|MLB|pitcher_strikeouts|name:paul skenes|under|6.5|betmgm,2026-05-28|MLB|pitcher_strikeouts|name:paul skenes|under|6.5|betmgm,2026-05-28,paul skenes,mlbam_player:694973,mlbam_player:694973,694973,mlbam_player,paul skenes,MLB,pitcher_strikeouts,player_prop,pitcher_k,PIT,CHC,BetMGM,betmgm,10c998a5c2995335fd238b7e7e037c62,Under,under,6.5,-120,MLB|pitcher_strikeouts|name:paul skenes|under|6.5,MLB|pitcher_strikeouts|name:paul skenes|under|6.5|betmgm,xgboost_champion,champion,pitcher_k_model_v1,mlb_pitcher_props_policy_v1,6.256909370422363,6.256909370422363,4.322794272135334,8.191024468709392,1.9341150982870292,0.24309062957763672,False,,,,,,,,current_workflow
2026-05-28|xgboost_champion|2026-05-28|MLB|pitcher_strikeouts|name:grayson rodriguez|over|5.5|fanduel,2026-05-28|MLB|pitcher_strikeouts|name:grayson rodriguez|over|5.5|fanduel,2026-05-28,grayson rodriguez,mlbam_player:680570,mlbam_player:680570,680570,mlbam_player,grayson rodriguez,MLB,pitcher_strikeouts,player_prop,pitcher_k,LAA,DET,FanDuel,fanduel,28a4545a50aea1be3bff69f0dea3afcc,Over,over,5.5,126,MLB|pitcher_strikeouts|name:grayson rodriguez|over|5.5,MLB|pitcher_strikeouts|name:grayson rodriguez|over|5.5|fanduel,xgboost_champion,champion,pitcher_k_model_v1,mlb_pitcher_props_policy_v1,6.773734092712402,6.773734092712402,3.773516947271707,9.773951238153098,3.000217145440695,1.2737340927124023,True,1.0,official,high,,,,,current_workflow
2026-05-28|xgboost_champion|2026-05-28|MLB|pitcher_strikeouts|name:grayson rodriguez|under|5.5|fanduel,2026-05-28|MLB|pitcher_strikeouts|name:grayson rodriguez|under|5.5|fanduel,2026-05-28,grayson rodriguez,mlbam_player:680570,mlbam_player:680570,680570,mlbam_player,grayson rodriguez,MLB,pitcher_strikeouts,player_prop,pitcher_k,LAA,DET,FanDuel,fanduel,28a4545a50aea1be3bff69f0dea3afcc,Under,under,5.5,-168,MLB|pitcher_strikeouts|name:grayson rodriguez|under|5.5,MLB|pitcher_strikeouts|name:grayson rodriguez|under|5.5|fanduel,xgboost_champion,champion,pitcher_k_model_v1,mlb_pitcher_props_policy_v1,6.773734092712402,6.773734092712402,3.773516947271707,9.773951238153098,3.000217145440695,-1.2737340927124023,False,,,,,,,,current_workflow
2026-05-28|xgboost_champion|2026-05-28|MLB|pitcher_strikeouts|name:grayson rodriguez|over|5.5|draftkings,2026-05-28|MLB|pitcher_strikeouts|name:grayson rodriguez|over|5.5|draftkings,2026-05-28,grayson rodriguez,mlbam_player:680570,mlbam_player:680570,680570,mlbam_player,grayson rodriguez,MLB,pitcher_strikeouts,player_prop,pitcher_k,LAA,DET,DraftKings,draftkings,28a4545a50aea1be3bff69f0dea3afcc,Over,over,5.5,126,MLB|pitcher_strikeouts|name:grayson rodriguez|over|5.5,MLB|pitcher_strikeouts|name:grayson rodriguez|over|5.5|draftkings,xgboost_champion,champion,pitcher_k_model_v1,mlb_pitcher_props_policy_v1,6.773734092712402,6.773734092712402,3.773516947271707,9.773951238153098,3.000217145440695,1.2737340927124023,False,,,,,,,,current_workflow
2026-05-28|xgboost_champion|2026-05-28|MLB|pitcher_strikeouts|name:grayson rodriguez|under|5.5|draftkings,2026-05-28|MLB|pitcher_strikeouts|name:grayson rodriguez|under|5.5|draftkings,2026-05-28,grayson rodriguez,mlbam_player:680570,mlbam_player:680570,680570,mlbam_player,grayson rodriguez,MLB,pitcher_strikeouts,player_prop,pitcher_k,LAA,DET,DraftKings,draftkings,28a4545a50aea1be3bff69f0dea3afcc,Under,under,5.5,-161,MLB|pitcher_strikeouts|name:grayson rodriguez|under|5.5,MLB|pitcher_strikeouts|name:grayson rodriguez|under|5.5|draftkings,xgboost_champion,champion,pitcher_k_model_v1,mlb_pitcher_props_policy_v1,6.773734092712402,6.773734092712402,3.773516947271707,9.773951238153098,3.000217145440695,-1.2737340927124023,False,,,,,,,,current_workflow
2026-05-28|xgboost_champion|2026-05-28|MLB|pitcher_strikeouts|name:grayson rodriguez|over|5.5|betmgm,2026-05-28|MLB|pitcher_strikeouts|name:grayson rodriguez|over|5.5|betmgm,2026-05-28,grayson rodriguez,mlbam_player:680570,mlbam_player:680570,680570,mlbam_player,grayson rodriguez,MLB,pitcher_strikeouts,player_prop,pitcher_k,LAA,DET,BetMGM,betmgm,28a4545a50aea1be3bff69f0dea3afcc,Over,over,5.5,120,MLB|pitcher_strikeouts|name:grayson rodriguez|over|5.5,MLB|pitcher_strikeouts|name:grayson rodriguez|over|5.5|betmgm,xgboost_champion,champion,pitcher_k_model_v1,mlb_pitcher_props_policy_v1,6.773734092712402,6.773734092712402,3.773516947271707,9.773951238153098,3.000217145440695,1.2737340927124023,False,,,,,,,,current_workflow
2026-05-28|xgboost_champion|2026-05-28|MLB|pitcher_strikeouts|name:grayson rodriguez|under|5.5|betmgm,2026-05-28|MLB|pitcher_strikeouts|name:grayson rodriguez|under|5.5|betmgm,2026-05-28,grayson rodriguez,mlbam_player:680570,mlbam_player:680570,680570,mlbam_player,grayson rodriguez,MLB,pitcher_strikeouts,player_prop,pitcher_k,LAA,DET,BetMGM,betmgm,28a4545a50aea1be3bff69f0dea3afcc,Under,under,5.5,-160,MLB|pitcher_strikeouts|name:grayson rodriguez|under|5.5,MLB|pitcher_strikeouts|name:grayson rodriguez|under|5.5|betmgm,xgboost_champion,champion,pitcher_k_model_v1,mlb_pitcher_props_policy_v1,6.773734092712402,6.773734092712402,3.773516947271707,9.773951238153098,3.000217145440695,-1.2737340927124023,False,,,,,,,,current_workflow
2026-05-28|xgboost_champion|2026-05-28|MLB|pitcher_strikeouts|name:jack flaherty|over|6.5|fanduel,2026-05-28|MLB|pitcher_strikeouts|name:jack flaherty|over|6.5|fanduel,2026-05-28,jack flaherty,mlbam_player:656427,mlbam_player:656427,656427,mlbam_player,jack flaherty,MLB,pitcher_strikeouts,player_prop,pitcher_k,DET,LAA,FanDuel,fanduel,28a4545a50aea1be3bff69f0dea3afcc,Over,over,6.5,118,MLB|pitcher_strikeouts|name:jack flaherty|over|6.5,MLB|pitcher_strikeouts|name:jack flaherty|over|6.5|fanduel,xgboost_champion,champion,pitcher_k_model_v1,mlb_pitcher_props_policy_v1,5.573106288909912,5.573106288909912,2.3331026770037386,8.813109900816086,3.2400036119061735,-0.9268937110900879,False,,,,,,,,current_workflow
2026-05-28|xgboost_champion|2026-05-28|MLB|pitcher_strikeouts|name:jack flaherty|under|6.5|fanduel,2026-05-28|MLB|pitcher_strikeouts|name:jack flaherty|under|6.5|fanduel,2026-05-28,jack flaherty,mlbam_player:656427,mlbam_player:656427,656427,mlbam_player,jack flaherty,MLB,pitcher_strikeouts,player_prop,pitcher_k,DET,LAA,FanDuel,fanduel,28a4545a50aea1be3bff69f0dea3afcc,Under,under,6.5,-144,MLB|pitcher_strikeouts|name:jack flaherty|under|6.5,MLB|pitcher_strikeouts|name:jack flaherty|under|6.5|fanduel,xgboost_champion,champion,pitcher_k_model_v1,mlb_pitcher_props_policy_v1,5.573106288909912,5.573106288909912,2.3331026770037386,8.813109900816086,3.2400036119061735,0.9268937110900879,False,,,,,,,,current_workflow
2026-05-28|xgboost_champion|2026-05-28|MLB|pitcher_strikeouts|name:jack flaherty|over|6.5|draftkings,2026-05-28|MLB|pitcher_strikeouts|name:jack flaherty|over|6.5|draftkings,2026-05-28,jack flaherty,mlbam_player:656427,mlbam_player:656427,656427,mlbam_player,jack flaherty,MLB,pitcher_strikeouts,player_prop,pitcher_k,DET,LAA,DraftKings,draftkings,28a4545a50aea1be3bff69f0dea3afcc,Over,over,6.5,103,MLB|pitcher_strikeouts|name:jack flaherty|over|6.5,MLB|pitcher_strikeouts|name:jack flaherty|over|6.5|draftkings,xgboost_champion,champion,pitcher_k_model_v1,mlb_pitcher_props_policy_v1,5.573106288909912,5.573106288909912,2.3331026770037386,8.813109900816086,3.2400036119061735,-0.9268937110900879,False,,,,,,,,current_workflow
2026-05-28|xgboost_champion|2026-05-28|MLB|pitcher_strikeouts|name:jack flaherty|under|6.5|draftkings,2026-05-28|MLB|pitcher_strikeouts|name:jack flaherty|under|6.5|draftkings,2026-05-28,jack flaherty,mlbam_player:656427,mlbam_player:656427,656427,mlbam_player,jack flaherty,MLB,pitcher_strikeouts,player_prop,pitcher_k,DET,LAA,DraftKings,draftkings,28a4545a50aea1be3bff69f0dea3afcc,Under,under,6.5,-131,MLB|pitcher_strikeouts|name:jack flaherty|under|6.5,MLB|pitcher_strikeouts|name:jack flaherty|under|6.5|draftkings,xgboost_champion,champion,pitcher_k_model_v1,mlb_pitcher_props_policy_v1,5.573106288909912,5.573106288909912,2.3331026770037386,8.813109900816086,3.2400036119061735,0.9268937110900879,True,5.0,official,medium,,,,,current_workflow
2026-05-28|xgboost_champion|2026-05-28|MLB|pitcher_strikeouts|name:jack flaherty|over|6.5|betmgm,2026-05-28|MLB|pitcher_strikeouts|name:jack flaherty|over|6.5|betmgm,2026-05-28,jack flaherty,mlbam_player:656427,mlbam_player:656427,656427,mlbam_player,jack flaherty,MLB,pitcher_strikeouts,player_prop,pitcher_k,DET,LAA,BetMGM,betmgm,28a4545a50aea1be3bff69f0dea3afcc,Over,over,6.5,110,MLB|pitcher_strikeouts|name:jack flaherty|over|6.5,MLB|pitcher_strikeouts|name:jack flaherty|over|6.5|betmgm,xgboost_champion,champion,pitcher_k_model_v1,mlb_pitcher_props_policy_v1,5.573106288909912,5.573106288909912,2.3331026770037386,8.813109900816086,3.2400036119061735,-0.9268937110900879,False,,,,,,,,current_workflow
2026-05-28|xgboost_champion|2026-05-28|MLB|pitcher_strikeouts|name:jack flaherty|under|6.5|betmgm,2026-05-28|MLB|pitcher_strikeouts|name:jack flaherty|under|6.5|betmgm,2026-05-28,jack flaherty,mlbam_player:656427,mlbam_player:656427,656427,mlbam_player,jack flaherty,MLB,pitcher_strikeouts,player_prop,pitcher_k,DET,LAA,BetMGM,betmgm,28a4545a50aea1be3bff69f0dea3afcc,Under,under,6.5,-150,MLB|pitcher_strikeouts|name:jack flaherty|under|6.5,MLB|pitcher_strikeouts|name:jack flaherty|under|6.5|betmgm,xgboost_champion,champion,pitcher_k_model_v1,mlb_pitcher_props_policy_v1,5.573106288909912,5.573106288909912,2.3331026770037386,8.813109900816086,3.2400036119061735,0.9268937110900879,False,,,,,,,,current_workflow
2026-05-28|xgboost_champion|2026-05-28|MLB|pitcher_strikeouts|name:davis martin|over|5.5|fanduel,2026-05-28|MLB|pitcher_strikeouts|name:davis martin|over|5.5|fanduel,2026-05-28,davis martin,mlbam_player:663436,mlbam_player:663436,663436,mlbam_player,davis martin,MLB,pitcher_strikeouts,player_prop,pitcher_k,CWS,MIN,FanDuel,fanduel,26a9e538184a6f2d2c207fd1872bd028,Over,over,5.5,100,MLB|pitcher_strikeouts|name:davis martin|over|5.5,MLB|pitcher_strikeouts|name:davis martin|over|5.5|fanduel,xgboost_champion,champion,pitcher_k_model_v1,mlb_pitcher_props_policy_v1,5.178677082061768,5.178677082061768,3.4420075745499434,6.915346589573591,1.7366695075118241,-0.3213229179382324,False,,,,,,,,current_workflow
2026-05-28|xgboost_champion|2026-05-28|MLB|pitcher_strikeouts|name:davis martin|under|5.5|fanduel,2026-05-28|MLB|pitcher_strikeouts|name:davis martin|under|5.5|fanduel,2026-05-28,davis martin,mlbam_player:663436,mlbam_player:663436,663436,mlbam_player,davis martin,MLB,pitcher_strikeouts,player_prop,pitcher_k,CWS,MIN,FanDuel,fanduel,26a9e538184a6f2d2c207fd1872bd028,Under,under,5.5,-120,MLB|pitcher_strikeouts|name:davis martin|under|5.5,MLB|pitcher_strikeouts|name:davis martin|under|5.5|fanduel,xgboost_champion,champion,pitcher_k_model_v1,mlb_pitcher_props_policy_v1,5.178677082061768,5.178677082061768,3.4420075745499434,6.915346589573591,1.7366695075118241,0.3213229179382324,False,,,,,,,,current_workflow
2026-05-28|xgboost_champion|2026-05-28|MLB|pitcher_strikeouts|name:davis martin|over|5.5|draftkings,2026-05-28|MLB|pitcher_strikeouts|name:davis martin|over|5.5|draftkings,2026-05-28,davis martin,mlbam_player:663436,mlbam_player:663436,663436,mlbam_player,davis martin,MLB,pitcher_strikeouts,player_prop,pitcher_k,CWS,MIN,DraftKings,draftkings,26a9e538184a6f2d2c207fd1872bd028,Over,over,5.5,-109,MLB|pitcher_strikeouts|name:davis martin|over|5.5,MLB|pitcher_strikeouts|name:davis martin|over|5.5|draftkings,xgboost_champion,champion,pitcher_k_model_v1,mlb_pitcher_props_policy_v1,5.178677082061768,5.178677082061768,3.4420075745499434,6.915346589573591,1.7366695075118241,-0.3213229179382324,False,,,,,,,,current_workflow
2026-05-28|xgboost_champion|2026-05-28|MLB|pitcher_strikeouts|name:davis martin|under|5.5|draftkings,2026-05-28|MLB|pitcher_strikeouts|name:davis martin|under|5.5|draftkings,2026-05-28,davis martin,mlbam_player:663436,mlbam_player:663436,663436,mlbam_player,davis martin,MLB,pitcher_strikeouts,player_prop,pitcher_k,CWS,MIN,DraftKings,draftkings,26a9e538184a6f2d2c207fd1872bd028,Under,under,5.5,-117,MLB|pitcher_strikeouts|name:davis martin|under|5.5,MLB|pitcher_strikeouts|name:davis martin|under|5.5|draftkings,xgboost_champion,champion,pitcher_k_model_v1,mlb_pitcher_props_policy_v1,5.178677082061768,5.178677082061768,3.4420075745499434,6.915346589573591,1.7366695075118241,0.3213229179382324,False,,,,,,,,current_workflow
2026-05-28|xgboost_champion|2026-05-28|MLB|pitcher_strikeouts|name:davis martin|over|5.5|betmgm,2026-05-28|MLB|pitcher_strikeouts|name:davis martin|over|5.5|betmgm,2026-05-28,davis martin,mlbam_player:663436,mlbam_player:663436,663436,mlbam_player,davis martin,MLB,pitcher_strikeouts,player_prop,pitcher_k,CWS,MIN,BetMGM,betmgm,26a9e538184a6f2d2c207fd1872bd028,Over,over,5.5,-115,MLB|pitcher_strikeouts|name:davis martin|over|5.5,MLB|pitcher_strikeouts|name:davis martin|over|5.5|betmgm,xgboost_champion,champion,pitcher_k_model_v1,mlb_pitcher_props_policy_v1,5.178677082061768,5.178677082061768,3.4420075745499434,6.915346589573591,1.7366695075118241,-0.3213229179382324,False,,,,,,,,current_workflow
2026-05-28|xgboost_champion|2026-05-28|MLB|pitcher_strikeouts|name:davis martin|under|5.5|betmgm,2026-05-28|MLB|pitcher_strikeouts|name:davis martin|under|5.5|betmgm,2026-05-28,davis martin,mlbam_player:663436,mlbam_player:663436,663436,mlbam_player,davis martin,MLB,pitcher_strikeouts,player_prop,pitcher_k,CWS,MIN,BetMGM,betmgm,26a9e538184a6f2d2c207fd1872bd028,Under,under,5.5,-115,MLB|pitcher_strikeouts|name:davis martin|under|5.5,MLB|pitcher_strikeouts|name:davis martin|under|5.5|betmgm,xgboost_champion,champion,pitcher_k_model_v1,mlb_pitcher_props_policy_v1,5.178677082061768,5.178677082061768,3.4420075745499434,6.915346589573591,1.7366695075118241,0.3213229179382324,False,,,,,,,,current_workflow
2026-05-28|xgboost_champion|2026-05-28|MLB|pitcher_strikeouts|name:chris sale|over|7.5|fanduel,2026-05-28|MLB|pitcher_strikeouts|name:chris sale|over|7.5|fanduel,2026-05-28,chris sale,mlbam_player:519242,mlbam_player:519242,519242,mlbam_player,chris sale,MLB,pitcher_strikeouts,player_prop,pitcher_k,ATL,BOS,FanDuel,fanduel,6072e0886fb927d9ece5f578024d31e2,Over,over,7.5,-130,MLB|pitcher_strikeouts|name:chris sale|over|7.5,MLB|pitcher_strikeouts|name:chris sale|over|7.5|fanduel,xgboost_champion,champion,pitcher_k_model_v1,mlb_pitcher_props_policy_v1,6.341753959655762,6.341753959655762,4.284624558601112,8.39888336071041,2.0571294010546497,-1.1582460403442383,False,,,,,,,,current_workflow
2026-05-28|xgboost_champion|2026-05-28|MLB|pitcher_strikeouts|name:chris sale|under|7.5|fanduel,2026-05-28|MLB|pitcher_strikeouts|name:chris sale|under|7.5|fanduel,2026-05-28,chris sale,mlbam_player:519242,mlbam_player:519242,519242,mlbam_player,chris sale,MLB,pitcher_strikeouts,player_prop,pitcher_k,ATL,BOS,FanDuel,fanduel,6072e0886fb927d9ece5f578024d31e2,Under,under,7.5,-102,MLB|pitcher_strikeouts|name:chris sale|under|7.5,MLB|pitcher_strikeouts|name:chris sale|under|7.5|fanduel,xgboost_champion,champion,pitcher_k_model_v1,mlb_pitcher_props_policy_v1,6.341753959655762,6.341753959655762,4.284624558601112,8.39888336071041,2.0571294010546497,1.1582460403442383,True,3.0,official,high,,,,,current_workflow
2026-05-28|xgboost_champion|2026-05-28|MLB|pitcher_strikeouts|name:chris sale|over|7.5|draftkings,2026-05-28|MLB|pitcher_strikeouts|name:chris sale|over|7.5|draftkings,2026-05-28,chris sale,mlbam_player:519242,mlbam_player:519242,519242,mlbam_player,chris sale,MLB,pitcher_strikeouts,player_prop,pitcher_k,ATL,BOS,DraftKings,draftkings,6072e0886fb927d9ece5f578024d31e2,Over,over,7.5,-119,MLB|pitcher_strikeouts|name:chris sale|over|7.5,MLB|pitcher_strikeouts|name:chris sale|over|7.5|draftkings,xgboost_champion,champion,pitcher_k_model_v1,mlb_pitcher_props_policy_v1,6.341753959655762,6.341753959655762,4.284624558601112,8.39888336071041,2.0571294010546497,-1.1582460403442383,False,,,,,,,,current_workflow
2026-05-28|xgboost_champion|2026-05-28|MLB|pitcher_strikeouts|name:chris sale|under|7.5|draftkings,2026-05-28|MLB|pitcher_strikeouts|name:chris sale|under|7.5|draftkings,2026-05-28,chris sale,mlbam_player:519242,mlbam_player:519242,519242,mlbam_player,chris sale,MLB,pitcher_strikeouts,player_prop,pitcher_k,ATL,BOS,DraftKings,draftkings,6072e0886fb927d9ece5f578024d31e2,Under,under,7.5,-107,MLB|pitcher_strikeouts|name:chris sale|under|7.5,MLB|pitcher_strikeouts|name:chris sale|under|7.5|draftkings,xgboost_champion,champion,pitcher_k_model_v1,mlb_pitcher_props_policy_v1,6.341753959655762,6.341753959655762,4.284624558601112,8.39888336071041,2.0571294010546497,1.1582460403442383,False,,,,,,,,current_workflow
2026-05-28|xgboost_champion|2026-05-28|MLB|pitcher_strikeouts|name:chris sale|over|7.5|betmgm,2026-05-28|MLB|pitcher_strikeouts|name:chris sale|over|7.5|betmgm,2026-05-28,chris sale,mlbam_player:519242,mlbam_player:519242,519242,mlbam_player,chris sale,MLB,pitcher_strikeouts,player_prop,pitcher_k,ATL,BOS,BetMGM,betmgm,6072e0886fb927d9ece5f578024d31e2,Over,over,7.5,-130,MLB|pitcher_strikeouts|name:chris sale|over|7.5,MLB|pitcher_strikeouts|name:chris sale|over|7.5|betmgm,xgboost_champion,champion,pitcher_k_model_v1,mlb_pitcher_props_policy_v1,6.341753959655762,6.341753959655762,4.284624558601112,8.39888336071041,2.0571294010546497,-1.1582460403442383,False,,,,,,,,current_workflow
2026-05-28|xgboost_champion|2026-05-28|MLB|pitcher_strikeouts|name:chris sale|under|7.5|betmgm,2026-05-28|MLB|pitcher_strikeouts|name:chris sale|under|7.5|betmgm,2026-05-28,chris sale,mlbam_player:519242,mlbam_player:519242,519242,mlbam_player,chris sale,MLB,pitcher_strikeouts,player_prop,pitcher_k,ATL,BOS,BetMGM,betmgm,6072e0886fb927d9ece5f578024d31e2,Under,under,7.5,-105,MLB|pitcher_strikeouts|name:chris sale|under|7.5,MLB|pitcher_strikeouts|name:chris sale|under|7.5|betmgm,xgboost_champion,champion,pitcher_k_model_v1,mlb_pitcher_props_policy_v1,6.341753959655762,6.341753959655762,4.284624558601112,8.39888336071041,2.0571294010546497,1.1582460403442383,False,,,,,,,,current_workflow
2026-05-28|xgboost_champion|2026-05-28|MLB|pitcher_strikeouts|name:patrick corbin|over|3.5|fanduel,2026-05-28|MLB|pitcher_strikeouts|name:patrick corbin|over|3.5|fanduel,2026-05-28,patrick corbin,mlbam_player:571578,mlbam_player:571578,571578,mlbam_player,patrick corbin,MLB,pitcher_strikeouts,player_prop,pitcher_k,TOR,BAL,FanDuel,fanduel,f83cd7ff929aebf58050093ee52c8a86,Over,over,3.5,-172,MLB|pitcher_strikeouts|name:patrick corbin|over|3.5,MLB|pitcher_strikeouts|name:patrick corbin|over|3.5|fanduel,xgboost_champion,champion,pitcher_k_model_v1,mlb_pitcher_props_policy_v1,4.605901718139648,4.605901718139648,1.4872348306864858,7.724568605592811,3.1186668874531627,1.1059017181396484,False,,,,,,,,current_workflow
2026-05-28|xgboost_champion|2026-05-28|MLB|pitcher_strikeouts|name:patrick corbin|under|3.5|fanduel,2026-05-28|MLB|pitcher_strikeouts|name:patrick corbin|under|3.5|fanduel,2026-05-28,patrick corbin,mlbam_player:571578,mlbam_player:571578,571578,mlbam_player,patrick corbin,MLB,pitcher_strikeouts,player_prop,pitcher_k,TOR,BAL,FanDuel,fanduel,f83cd7ff929aebf58050093ee52c8a86,Under,under,3.5,128,MLB|pitcher_strikeouts|name:patrick corbin|under|3.5,MLB|pitcher_strikeouts|name:patrick corbin|under|3.5|fanduel,xgboost_champion,champion,pitcher_k_model_v1,mlb_pitcher_props_policy_v1,4.605901718139648,4.605901718139648,1.4872348306864858,7.724568605592811,3.1186668874531627,-1.1059017181396484,False,,,,,,,,current_workflow
2026-05-28|xgboost_champion|2026-05-28|MLB|pitcher_strikeouts|name:patrick corbin|over|3.5|draftkings,2026-05-28|MLB|pitcher_strikeouts|name:patrick corbin|over|3.5|draftkings,2026-05-28,patrick corbin,mlbam_player:571578,mlbam_player:571578,571578,mlbam_player,patrick corbin,MLB,pitcher_strikeouts,player_prop,pitcher_k,TOR,BAL,DraftKings,draftkings,f83cd7ff929aebf58050093ee52c8a86,Over,over,3.5,-167,MLB|pitcher_strikeouts|name:patrick corbin|over|3.5,MLB|pitcher_strikeouts|name:patrick corbin|over|3.5|draftkings,xgboost_champion,champion,pitcher_k_model_v1,mlb_pitcher_props_policy_v1,4.605901718139648,4.605901718139648,1.4872348306864858,7.724568605592811,3.1186668874531627,1.1059017181396484,False,,,,,,,,current_workflow
2026-05-28|xgboost_champion|2026-05-28|MLB|pitcher_strikeouts|name:patrick corbin|under|3.5|draftkings,2026-05-28|MLB|pitcher_strikeouts|name:patrick corbin|under|3.5|draftkings,2026-05-28,patrick corbin,mlbam_player:571578,mlbam_player:571578,571578,mlbam_player,patrick corbin,MLB,pitcher_strikeouts,player_prop,pitcher_k,TOR,BAL,DraftKings,draftkings,f83cd7ff929aebf58050093ee52c8a86,Under,under,3.5,131,MLB|pitcher_strikeouts|name:patrick corbin|under|3.5,MLB|pitcher_strikeouts|name:patrick corbin|under|3.5|draftkings,xgboost_champion,champion,pitcher_k_model_v1,mlb_pitcher_props_policy_v1,4.605901718139648,4.605901718139648,1.4872348306864858,7.724568605592811,3.1186668874531627,-1.1059017181396484,False,,,,,,,,current_workflow
2026-05-28|xgboost_champion|2026-05-28|MLB|pitcher_strikeouts|name:patrick corbin|over|3.5|betmgm,2026-05-28|MLB|pitcher_strikeouts|name:patrick corbin|over|3.5|betmgm,2026-05-28,patrick corbin,mlbam_player:571578,mlbam_player:571578,571578,mlbam_player,patrick corbin,MLB,pitcher_strikeouts,player_prop,pitcher_k,TOR,BAL,BetMGM,betmgm,f83cd7ff929aebf58050093ee52c8a86,Over,over,3.5,-160,MLB|pitcher_strikeouts|name:patrick corbin|over|3.5,MLB|pitcher_strikeouts|name:patrick corbin|over|3.5|betmgm,xgboost_champion,champion,pitcher_k_model_v1,mlb_pitcher_props_policy_v1,4.605901718139648,4.605901718139648,1.4872348306864858,7.724568605592811,3.1186668874531627,1.1059017181396484,True,6.0,official,medium,,,,,current_workflow
2026-05-28|xgboost_champion|2026-05-28|MLB|pitcher_strikeouts|name:patrick corbin|under|3.5|betmgm,2026-05-28|MLB|pitcher_strikeouts|name:patrick corbin|under|3.5|betmgm,2026-05-28,patrick corbin,mlbam_player:571578,mlbam_player:571578,571578,mlbam_player,patrick corbin,MLB,pitcher_strikeouts,player_prop,pitcher_k,TOR,BAL,BetMGM,betmgm,f83cd7ff929aebf58050093ee52c8a86,Under,under,3.5,120,MLB|pitcher_strikeouts|name:patrick corbin|under|3.5,MLB|pitcher_strikeouts|name:patrick corbin|under|3.5|betmgm,xgboost_champion,champion,pitcher_k_model_v1,mlb_pitcher_props_policy_v1,4.605901718139648,4.605901718139648,1.4872348306864858,7.724568605592811,3.1186668874531627,-1.1059017181396484,False,,,,,,,,current_workflow
2026-05-28|xgboost_champion|2026-05-28|MLB|pitcher_strikeouts|name:chris bassitt|over|3.5|fanduel,2026-05-28|MLB|pitcher_strikeouts|name:chris bassitt|over|3.5|fanduel,2026-05-28,chris bassitt,mlbam_player:605135,mlbam_player:605135,605135,mlbam_player,chris bassitt,MLB,pitcher_strikeouts,player_prop,pitcher_k,BAL,TOR,FanDuel,fanduel,f83cd7ff929aebf58050093ee52c8a86,Over,over,3.5,-170,MLB|pitcher_strikeouts|name:chris bassitt|over|3.5,MLB|pitcher_strikeouts|name:chris bassitt|over|3.5|fanduel,xgboost_champion,champion,pitcher_k_model_v1,mlb_pitcher_props_policy_v1,4.296228408813477,4.296228408813477,0.9848505148178694,7.607606302809083,3.311377893995607,0.7962284088134766,False,,,,,,,,current_workflow
2026-05-28|xgboost_champion|2026-05-28|MLB|pitcher_strikeouts|name:chris bassitt|under|3.5|fanduel,2026-05-28|MLB|pitcher_strikeouts|name:chris bassitt|under|3.5|fanduel,2026-05-28,chris bassitt,mlbam_player:605135,mlbam_player:605135,605135,mlbam_player,chris bassitt,MLB,pitcher_strikeouts,player_prop,pitcher_k,BAL,TOR,FanDuel,fanduel,f83cd7ff929aebf58050093ee52c8a86,Under,under,3.5,138,MLB|pitcher_strikeouts|name:chris bassitt|under|3.5,MLB|pitcher_strikeouts|name:chris bassitt|under|3.5|fanduel,xgboost_champion,champion,pitcher_k_model_v1,mlb_pitcher_props_policy_v1,4.296228408813477,4.296228408813477,0.9848505148178694,7.607606302809083,3.311377893995607,-0.7962284088134766,False,,,,,,,,current_workflow
2026-05-28|xgboost_champion|2026-05-28|MLB|pitcher_strikeouts|name:chris bassitt|over|3.5|draftkings,2026-05-28|MLB|pitcher_strikeouts|name:chris bassitt|over|3.5|draftkings,2026-05-28,chris bassitt,mlbam_player:605135,mlbam_player:605135,605135,mlbam_player,chris bassitt,MLB,pitcher_strikeouts,player_prop,pitcher_k,BAL,TOR,DraftKings,draftkings,f83cd7ff929aebf58050093ee52c8a86,Over,over,3.5,-169,MLB|pitcher_strikeouts|name:chris bassitt|over|3.5,MLB|pitcher_strikeouts|name:chris bassitt|over|3.5|draftkings,xgboost_champion,champion,pitcher_k_model_v1,mlb_pitcher_props_policy_v1,4.296228408813477,4.296228408813477,0.9848505148178694,7.607606302809083,3.311377893995607,0.7962284088134766,True,8.0,official,low,,,,,current_workflow
2026-05-28|xgboost_champion|2026-05-28|MLB|pitcher_strikeouts|name:chris bassitt|under|3.5|draftkings,2026-05-28|MLB|pitcher_strikeouts|name:chris bassitt|under|3.5|draftkings,2026-05-28,chris bassitt,mlbam_player:605135,mlbam_player:605135,605135,mlbam_player,chris bassitt,MLB,pitcher_strikeouts,player_prop,pitcher_k,BAL,TOR,DraftKings,draftkings,f83cd7ff929aebf58050093ee52c8a86,Under,under,3.5,132,MLB|pitcher_strikeouts|name:chris bassitt|under|3.5,MLB|pitcher_strikeouts|name:chris bassitt|under|3.5|draftkings,xgboost_champion,champion,pitcher_k_model_v1,mlb_pitcher_props_policy_v1,4.296228408813477,4.296228408813477,0.9848505148178694,7.607606302809083,3.311377893995607,-0.7962284088134766,False,,,,,,,,current_workflow
2026-05-28|xgboost_champion|2026-05-28|MLB|pitcher_strikeouts|name:chris bassitt|over|4.5|betmgm,2026-05-28|MLB|pitcher_strikeouts|name:chris bassitt|over|4.5|betmgm,2026-05-28,chris bassitt,mlbam_player:605135,mlbam_player:605135,605135,mlbam_player,chris bassitt,MLB,pitcher_strikeouts,player_prop,pitcher_k,BAL,TOR,BetMGM,betmgm,f83cd7ff929aebf58050093ee52c8a86,Over,over,4.5,120,MLB|pitcher_strikeouts|name:chris bassitt|over|4.5,MLB|pitcher_strikeouts|name:chris bassitt|over|4.5|betmgm,xgboost_champion,champion,pitcher_k_model_v1,mlb_pitcher_props_policy_v1,4.296228408813477,4.296228408813477,0.9848505148178694,7.607606302809083,3.311377893995607,-0.20377159118652344,False,,,,,,,,current_workflow
2026-05-28|xgboost_champion|2026-05-28|MLB|pitcher_strikeouts|name:chris bassitt|under|4.5|betmgm,2026-05-28|MLB|pitcher_strikeouts|name:chris bassitt|under|4.5|betmgm,2026-05-28,chris bassitt,mlbam_player:605135,mlbam_player:605135,605135,mlbam_player,chris bassitt,MLB,pitcher_strikeouts,player_prop,pitcher_k,BAL,TOR,BetMGM,betmgm,f83cd7ff929aebf58050093ee52c8a86,Under,under,4.5,-160,MLB|pitcher_strikeouts|name:chris bassitt|under|4.5,MLB|pitcher_strikeouts|name:chris bassitt|under|4.5|betmgm,xgboost_champion,champion,pitcher_k_model_v1,mlb_pitcher_props_policy_v1,4.296228408813477,4.296228408813477,0.9848505148178694,7.607606302809083,3.311377893995607,0.20377159118652344,False,,,,,,,,current_workflow
2026-05-28|ridge_challenger|2026-05-28|MLB|pitcher_strikeouts|name:spencer arrighetti|over|5.5|fanduel,2026-05-28|MLB|pitcher_strikeouts|name:spencer arrighetti|over|5.5|fanduel,2026-05-28,spencer arrighetti,mlbam_player:681293,mlbam_player:681293,681293,mlbam_player,spencer arrighetti,MLB,pitcher_strikeouts,player_prop,pitcher_k,HOU,TEX,FanDuel,fanduel,5bacfc86e437d15ee2ffef91a1562308,Over,over,5.5,118,MLB|pitcher_strikeouts|name:spencer arrighetti|over|5.5,MLB|pitcher_strikeouts|name:spencer arrighetti|over|5.5|fanduel,ridge_challenger,challenger,single_stage_direct_count_regression_ridge_shadow_alpha_0.01,mlb_pitcher_props_policy_v1,4.867078059723269,4.867078059723269,2.245132440118522,7.4890236793280165,2.6219456196047473,-0.6329219402767308,False,,,,,,,,current_workflow
2026-05-28|ridge_challenger|2026-05-28|MLB|pitcher_strikeouts|name:spencer arrighetti|under|5.5|fanduel,2026-05-28|MLB|pitcher_strikeouts|name:spencer arrighetti|under|5.5|fanduel,2026-05-28,spencer arrighetti,mlbam_player:681293,mlbam_player:681293,681293,mlbam_player,spencer arrighetti,MLB,pitcher_strikeouts,player_prop,pitcher_k,HOU,TEX,FanDuel,fanduel,5bacfc86e437d15ee2ffef91a1562308,Under,under,5.5,-158,MLB|pitcher_strikeouts|name:spencer arrighetti|under|5.5,MLB|pitcher_strikeouts|name:spencer arrighetti|under|5.5|fanduel,ridge_challenger,challenger,single_stage_direct_count_regression_ridge_shadow_alpha_0.01,mlb_pitcher_props_policy_v1,4.867078059723269,4.867078059723269,2.245132440118522,7.4890236793280165,2.6219456196047473,0.6329219402767308,False,,,,,,,,current_workflow
2026-05-28|ridge_challenger|2026-05-28|MLB|pitcher_strikeouts|name:spencer arrighetti|over|5.5|draftkings,2026-05-28|MLB|pitcher_strikeouts|name:spencer arrighetti|over|5.5|draftkings,2026-05-28,spencer arrighetti,mlbam_player:681293,mlbam_player:681293,681293,mlbam_player,spencer arrighetti,MLB,pitcher_strikeouts,player_prop,pitcher_k,HOU,TEX,DraftKings,draftkings,5bacfc86e437d15ee2ffef91a1562308,Over,over,5.5,109,MLB|pitcher_strikeouts|name:spencer arrighetti|over|5.5,MLB|pitcher_strikeouts|name:spencer arrighetti|over|5.5|draftkings,ridge_challenger,challenger,single_stage_direct_count_regression_ridge_shadow_alpha_0.01,mlb_pitcher_props_policy_v1,4.867078059723269,4.867078059723269,2.245132440118522,7.4890236793280165,2.6219456196047473,-0.6329219402767308,False,,,,,,,,current_workflow
2026-05-28|ridge_challenger|2026-05-28|MLB|pitcher_strikeouts|name:spencer arrighetti|under|5.5|draftkings,2026-05-28|MLB|pitcher_strikeouts|name:spencer arrighetti|under|5.5|draftkings,2026-05-28,spencer arrighetti,mlbam_player:681293,mlbam_player:681293,681293,mlbam_player,spencer arrighetti,MLB,pitcher_strikeouts,player_prop,pitcher_k,HOU,TEX,DraftKings,draftkings,5bacfc86e437d15ee2ffef91a1562308,Under,under,5.5,-139,MLB|pitcher_strikeouts|name:spencer arrighetti|under|5.5,MLB|pitcher_strikeouts|name:spencer arrighetti|under|5.5|draftkings,ridge_challenger,challenger,single_stage_direct_count_regression_ridge_shadow_alpha_0.01,mlb_pitcher_props_policy_v1,4.867078059723269,4.867078059723269,2.245132440118522,7.4890236793280165,2.6219456196047473,0.6329219402767308,True,6.0,lean,low,,,,,current_workflow
2026-05-28|ridge_challenger|2026-05-28|MLB|pitcher_strikeouts|name:spencer arrighetti|over|5.5|betmgm,2026-05-28|MLB|pitcher_strikeouts|name:spencer arrighetti|over|5.5|betmgm,2026-05-28,spencer arrighetti,mlbam_player:681293,mlbam_player:681293,681293,mlbam_player,spencer arrighetti,MLB,pitcher_strikeouts,player_prop,pitcher_k,HOU,TEX,BetMGM,betmgm,5bacfc86e437d15ee2ffef91a1562308,Over,over,5.5,110,MLB|pitcher_strikeouts|name:spencer arrighetti|over|5.5,MLB|pitcher_strikeouts|name:spencer arrighetti|over|5.5|betmgm,ridge_challenger,challenger,single_stage_direct_count_regression_ridge_shadow_alpha_0.01,mlb_pitcher_props_policy_v1,4.867078059723269,4.867078059723269,2.245132440118522,7.4890236793280165,2.6219456196047473,-0.6329219402767308,False,,,,,,,,current_workflow
2026-05-28|ridge_challenger|2026-05-28|MLB|pitcher_strikeouts|name:spencer arrighetti|under|5.5|betmgm,2026-05-28|MLB|pitcher_strikeouts|name:spencer arrighetti|under|5.5|betmgm,2026-05-28,spencer arrighetti,mlbam_player:681293,mlbam_player:681293,681293,mlbam_player,spencer arrighetti,MLB,pitcher_strikeouts,player_prop,pitcher_k,HOU,TEX,BetMGM,betmgm,5bacfc86e437d15ee2ffef91a1562308,Under,under,5.5,-150,MLB|pitcher_strikeouts|name:spencer arrighetti|under|5.5,MLB|pitcher_strikeouts|name:spencer arrighetti|under|5.5|betmgm,ridge_challenger,challenger,single_stage_direct_count_regression_ridge_shadow_alpha_0.01,mlb_pitcher_props_policy_v1,4.867078059723269,4.867078059723269,2.245132440118522,7.4890236793280165,2.6219456196047473,0.6329219402767308,False,,,,,,,,current_workflow
2026-05-28|ridge_challenger|2026-05-28|MLB|pitcher_strikeouts|name:nathan eovaldi|over|6.5|fanduel,2026-05-28|MLB|pitcher_strikeouts|name:nathan eovaldi|over|6.5|fanduel,2026-05-28,nathan eovaldi,mlbam_player:543135,mlbam_player:543135,543135,mlbam_player,nathan eovaldi,MLB,pitcher_strikeouts,player_prop,pitcher_k,TEX,HOU,FanDuel,fanduel,5bacfc86e437d15ee2ffef91a1562308,Over,over,6.5,128,MLB|pitcher_strikeouts|name:nathan eovaldi|over|6.5,MLB|pitcher_strikeouts|name:nathan eovaldi|over|6.5|fanduel,ridge_challenger,challenger,single_stage_direct_count_regression_ridge_shadow_alpha_0.01,mlb_pitcher_props_policy_v1,5.4106419406058555,5.4106419406058555,2.20697442033871,8.614309460873,3.2036675202671456,-1.0893580593941445,False,,,,,,,,current_workflow
2026-05-28|ridge_challenger|2026-05-28|MLB|pitcher_strikeouts|name:nathan eovaldi|under|6.5|fanduel,2026-05-28|MLB|pitcher_strikeouts|name:nathan eovaldi|under|6.5|fanduel,2026-05-28,nathan eovaldi,mlbam_player:543135,mlbam_player:543135,543135,mlbam_player,nathan eovaldi,MLB,pitcher_strikeouts,player_prop,pitcher_k,TEX,HOU,FanDuel,fanduel,5bacfc86e437d15ee2ffef91a1562308,Under,under,6.5,-158,MLB|pitcher_strikeouts|name:nathan eovaldi|under|6.5,MLB|pitcher_strikeouts|name:nathan eovaldi|under|6.5|fanduel,ridge_challenger,challenger,single_stage_direct_count_regression_ridge_shadow_alpha_0.01,mlb_pitcher_props_policy_v1,5.4106419406058555,5.4106419406058555,2.20697442033871,8.614309460873,3.2036675202671456,1.0893580593941445,False,,,,,,,,current_workflow
2026-05-28|ridge_challenger|2026-05-28|MLB|pitcher_strikeouts|name:nathan eovaldi|over|5.5|draftkings,2026-05-28|MLB|pitcher_strikeouts|name:nathan eovaldi|over|5.5|draftkings,2026-05-28,nathan eovaldi,mlbam_player:543135,mlbam_player:543135,543135,mlbam_player,nathan eovaldi,MLB,pitcher_strikeouts,player_prop,pitcher_k,TEX,HOU,DraftKings,draftkings,5bacfc86e437d15ee2ffef91a1562308,Over,over,5.5,-159,MLB|pitcher_strikeouts|name:nathan eovaldi|over|5.5,MLB|pitcher_strikeouts|name:nathan eovaldi|over|5.5|draftkings,ridge_challenger,challenger,single_stage_direct_count_regression_ridge_shadow_alpha_0.01,mlb_pitcher_props_policy_v1,5.4106419406058555,5.4106419406058555,2.20697442033871,8.614309460873,3.2036675202671456,-0.08935805939414454,False,,,,,,,,current_workflow
2026-05-28|ridge_challenger|2026-05-28|MLB|pitcher_strikeouts|name:nathan eovaldi|under|5.5|draftkings,2026-05-28|MLB|pitcher_strikeouts|name:nathan eovaldi|under|5.5|draftkings,2026-05-28,nathan eovaldi,mlbam_player:543135,mlbam_player:543135,543135,mlbam_player,nathan eovaldi,MLB,pitcher_strikeouts,player_prop,pitcher_k,TEX,HOU,DraftKings,draftkings,5bacfc86e437d15ee2ffef91a1562308,Under,under,5.5,125,MLB|pitcher_strikeouts|name:nathan eovaldi|under|5.5,MLB|pitcher_strikeouts|name:nathan eovaldi|under|5.5|draftkings,ridge_challenger,challenger,single_stage_direct_count_regression_ridge_shadow_alpha_0.01,mlb_pitcher_props_policy_v1,5.4106419406058555,5.4106419406058555,2.20697442033871,8.614309460873,3.2036675202671456,0.08935805939414454,False,,,,,,,,current_workflow
2026-05-28|ridge_challenger|2026-05-28|MLB|pitcher_strikeouts|name:nathan eovaldi|over|6.5|betmgm,2026-05-28|MLB|pitcher_strikeouts|name:nathan eovaldi|over|6.5|betmgm,2026-05-28,nathan eovaldi,mlbam_player:543135,mlbam_player:543135,543135,mlbam_player,nathan eovaldi,MLB,pitcher_strikeouts,player_prop,pitcher_k,TEX,HOU,BetMGM,betmgm,5bacfc86e437d15ee2ffef91a1562308,Over,over,6.5,115,MLB|pitcher_strikeouts|name:nathan eovaldi|over|6.5,MLB|pitcher_strikeouts|name:nathan eovaldi|over|6.5|betmgm,ridge_challenger,challenger,single_stage_direct_count_regression_ridge_shadow_alpha_0.01,mlb_pitcher_props_policy_v1,5.4106419406058555,5.4106419406058555,2.20697442033871,8.614309460873,3.2036675202671456,-1.0893580593941445,False,,,,,,,,current_workflow
2026-05-28|ridge_challenger|2026-05-28|MLB|pitcher_strikeouts|name:nathan eovaldi|under|6.5|betmgm,2026-05-28|MLB|pitcher_strikeouts|name:nathan eovaldi|under|6.5|betmgm,2026-05-28,nathan eovaldi,mlbam_player:543135,mlbam_player:543135,543135,mlbam_player,nathan eovaldi,MLB,pitcher_strikeouts,player_prop,pitcher_k,TEX,HOU,BetMGM,betmgm,5bacfc86e437d15ee2ffef91a1562308,Under,under,6.5,-155,MLB|pitcher_strikeouts|name:nathan eovaldi|under|6.5,MLB|pitcher_strikeouts|name:nathan eovaldi|under|6.5|betmgm,ridge_challenger,challenger,single_stage_direct_count_regression_ridge_shadow_alpha_0.01,mlb_pitcher_props_policy_v1,5.4106419406058555,5.4106419406058555,2.20697442033871,8.614309460873,3.2036675202671456,1.0893580593941445,True,3.0,official,medium,,,,,current_workflow
2026-05-28|ridge_challenger|2026-05-28|MLB|pitcher_strikeouts|name:colin rea|over|4.5|fanduel,2026-05-28|MLB|pitcher_strikeouts|name:colin rea|over|4.5|fanduel,2026-05-28,colin rea,mlbam_player:607067,mlbam_player:607067,607067,mlbam_player,colin rea,MLB,pitcher_strikeouts,player_prop,pitcher_k,CHC,PIT,FanDuel,fanduel,10c998a5c2995335fd238b7e7e037c62,Over,over,4.5,110,MLB|pitcher_strikeouts|name:colin rea|over|4.5,MLB|pitcher_strikeouts|name:colin rea|over|4.5|fanduel,ridge_challenger,challenger,single_stage_direct_count_regression_ridge_shadow_alpha_0.01,mlb_pitcher_props_policy_v1,5.347103885246653,5.347103885246653,1.548818085839363,9.145389684653942,3.7982857994072896,0.8471038852466526,True,4.0,official,medium,,,,,current_workflow
2026-05-28|ridge_challenger|2026-05-28|MLB|pitcher_strikeouts|name:colin rea|under|4.5|fanduel,2026-05-28|MLB|pitcher_strikeouts|name:colin rea|under|4.5|fanduel,2026-05-28,colin rea,mlbam_player:607067,mlbam_player:607067,607067,mlbam_player,colin rea,MLB,pitcher_strikeouts,player_prop,pitcher_k,CHC,PIT,FanDuel,fanduel,10c998a5c2995335fd238b7e7e037c62,Under,under,4.5,-146,MLB|pitcher_strikeouts|name:colin rea|under|4.5,MLB|pitcher_strikeouts|name:colin rea|under|4.5|fanduel,ridge_challenger,challenger,single_stage_direct_count_regression_ridge_shadow_alpha_0.01,mlb_pitcher_props_policy_v1,5.347103885246653,5.347103885246653,1.548818085839363,9.145389684653942,3.7982857994072896,-0.8471038852466526,False,,,,,,,,current_workflow
2026-05-28|ridge_challenger|2026-05-28|MLB|pitcher_strikeouts|name:colin rea|over|4.5|draftkings,2026-05-28|MLB|pitcher_strikeouts|name:colin rea|over|4.5|draftkings,2026-05-28,colin rea,mlbam_player:607067,mlbam_player:607067,607067,mlbam_player,colin rea,MLB,pitcher_strikeouts,player_prop,pitcher_k,CHC,PIT,DraftKings,draftkings,10c998a5c2995335fd238b7e7e037c62,Over,over,4.5,-102,MLB|pitcher_strikeouts|name:colin rea|over|4.5,MLB|pitcher_strikeouts|name:colin rea|over|4.5|draftkings,ridge_challenger,challenger,single_stage_direct_count_regression_ridge_shadow_alpha_0.01,mlb_pitcher_props_policy_v1,5.347103885246653,5.347103885246653,1.548818085839363,9.145389684653942,3.7982857994072896,0.8471038852466526,False,,,,,,,,current_workflow
2026-05-28|ridge_challenger|2026-05-28|MLB|pitcher_strikeouts|name:colin rea|under|4.5|draftkings,2026-05-28|MLB|pitcher_strikeouts|name:colin rea|under|4.5|draftkings,2026-05-28,colin rea,mlbam_player:607067,mlbam_player:607067,607067,mlbam_player,colin rea,MLB,pitcher_strikeouts,player_prop,pitcher_k,CHC,PIT,DraftKings,draftkings,10c998a5c2995335fd238b7e7e037c62,Under,under,4.5,-125,MLB|pitcher_strikeouts|name:colin rea|under|4.5,MLB|pitcher_strikeouts|name:colin rea|under|4.5|draftkings,ridge_challenger,challenger,single_stage_direct_count_regression_ridge_shadow_alpha_0.01,mlb_pitcher_props_policy_v1,5.347103885246653,5.347103885246653,1.548818085839363,9.145389684653942,3.7982857994072896,-0.8471038852466526,False,,,,,,,,current_workflow
2026-05-28|ridge_challenger|2026-05-28|MLB|pitcher_strikeouts|name:colin rea|over|4.5|betmgm,2026-05-28|MLB|pitcher_strikeouts|name:colin rea|over|4.5|betmgm,2026-05-28,colin rea,mlbam_player:607067,mlbam_player:607067,607067,mlbam_player,colin rea,MLB,pitcher_strikeouts,player_prop,pitcher_k,CHC,PIT,BetMGM,betmgm,10c998a5c2995335fd238b7e7e037c62,Over,over,4.5,-105,MLB|pitcher_strikeouts|name:colin rea|over|4.5,MLB|pitcher_strikeouts|name:colin rea|over|4.5|betmgm,ridge_challenger,challenger,single_stage_direct_count_regression_ridge_shadow_alpha_0.01,mlb_pitcher_props_policy_v1,5.347103885246653,5.347103885246653,1.548818085839363,9.145389684653942,3.7982857994072896,0.8471038852466526,False,,,,,,,,current_workflow
2026-05-28|ridge_challenger|2026-05-28|MLB|pitcher_strikeouts|name:colin rea|under|4.5|betmgm,2026-05-28|MLB|pitcher_strikeouts|name:colin rea|under|4.5|betmgm,2026-05-28,colin rea,mlbam_player:607067,mlbam_player:607067,607067,mlbam_player,colin rea,MLB,pitcher_strikeouts,player_prop,pitcher_k,CHC,PIT,BetMGM,betmgm,10c998a5c2995335fd238b7e7e037c62,Under,under,4.5,-125,MLB|pitcher_strikeouts|name:colin rea|under|4.5,MLB|pitcher_strikeouts|name:colin rea|under|4.5|betmgm,ridge_challenger,challenger,single_stage_direct_count_regression_ridge_shadow_alpha_0.01,mlb_pitcher_props_policy_v1,5.347103885246653,5.347103885246653,1.548818085839363,9.145389684653942,3.7982857994072896,-0.8471038852466526,False,,,,,,,,current_workflow
2026-05-28|ridge_challenger|2026-05-28|MLB|pitcher_strikeouts|name:paul skenes|over|6.5|fanduel,2026-05-28|MLB|pitcher_strikeouts|name:paul skenes|over|6.5|fanduel,2026-05-28,paul skenes,mlbam_player:694973,mlbam_player:694973,694973,mlbam_player,paul skenes,MLB,pitcher_strikeouts,player_prop,pitcher_k,PIT,CHC,FanDuel,fanduel,10c998a5c2995335fd238b7e7e037c62,Over,over,6.5,100,MLB|pitcher_strikeouts|name:paul skenes|over|6.5,MLB|pitcher_strikeouts|name:paul skenes|over|6.5|fanduel,ridge_challenger,challenger,single_stage_direct_count_regression_ridge_shadow_alpha_0.01,mlb_pitcher_props_policy_v1,6.3102799136691425,6.3102799136691425,4.342282600009502,8.278277227328783,1.967997313659641,-0.18972008633085746,False,,,,,,,,current_workflow
2026-05-28|ridge_challenger|2026-05-28|MLB|pitcher_strikeouts|name:paul skenes|under|6.5|fanduel,2026-05-28|MLB|pitcher_strikeouts|name:paul skenes|under|6.5|fanduel,2026-05-28,paul skenes,mlbam_player:694973,mlbam_player:694973,694973,mlbam_player,paul skenes,MLB,pitcher_strikeouts,player_prop,pitcher_k,PIT,CHC,FanDuel,fanduel,10c998a5c2995335fd238b7e7e037c62,Under,under,6.5,-122,MLB|pitcher_strikeouts|name:paul skenes|under|6.5,MLB|pitcher_strikeouts|name:paul skenes|under|6.5|fanduel,ridge_challenger,challenger,single_stage_direct_count_regression_ridge_shadow_alpha_0.01,mlb_pitcher_props_policy_v1,6.3102799136691425,6.3102799136691425,4.342282600009502,8.278277227328783,1.967997313659641,0.18972008633085746,False,,,,,,,,current_workflow
2026-05-28|ridge_challenger|2026-05-28|MLB|pitcher_strikeouts|name:paul skenes|over|6.5|draftkings,2026-05-28|MLB|pitcher_strikeouts|name:paul skenes|over|6.5|draftkings,2026-05-28,paul skenes,mlbam_player:694973,mlbam_player:694973,694973,mlbam_player,paul skenes,MLB,pitcher_strikeouts,player_prop,pitcher_k,PIT,CHC,DraftKings,draftkings,10c998a5c2995335fd238b7e7e037c62,Over,over,6.5,-106,MLB|pitcher_strikeouts|name:paul skenes|over|6.5,MLB|pitcher_strikeouts|name:paul skenes|over|6.5|draftkings,ridge_challenger,challenger,single_stage_direct_count_regression_ridge_shadow_alpha_0.01,mlb_pitcher_props_policy_v1,6.3102799136691425,6.3102799136691425,4.342282600009502,8.278277227328783,1.967997313659641,-0.18972008633085746,False,,,,,,,,current_workflow
2026-05-28|ridge_challenger|2026-05-28|MLB|pitcher_strikeouts|name:paul skenes|under|6.5|draftkings,2026-05-28|MLB|pitcher_strikeouts|name:paul skenes|under|6.5|draftkings,2026-05-28,paul skenes,mlbam_player:694973,mlbam_player:694973,694973,mlbam_player,paul skenes,MLB,pitcher_strikeouts,player_prop,pitcher_k,PIT,CHC,DraftKings,draftkings,10c998a5c2995335fd238b7e7e037c62,Under,under,6.5,-121,MLB|pitcher_strikeouts|name:paul skenes|under|6.5,MLB|pitcher_strikeouts|name:paul skenes|under|6.5|draftkings,ridge_challenger,challenger,single_stage_direct_count_regression_ridge_shadow_alpha_0.01,mlb_pitcher_props_policy_v1,6.3102799136691425,6.3102799136691425,4.342282600009502,8.278277227328783,1.967997313659641,0.18972008633085746,False,,,,,,,,current_workflow
2026-05-28|ridge_challenger|2026-05-28|MLB|pitcher_strikeouts|name:paul skenes|over|6.5|betmgm,2026-05-28|MLB|pitcher_strikeouts|name:paul skenes|over|6.5|betmgm,2026-05-28,paul skenes,mlbam_player:694973,mlbam_player:694973,694973,mlbam_player,paul skenes,MLB,pitcher_strikeouts,player_prop,pitcher_k,PIT,CHC,BetMGM,betmgm,10c998a5c2995335fd238b7e7e037c62,Over,over,6.5,-110,MLB|pitcher_strikeouts|name:paul skenes|over|6.5,MLB|pitcher_strikeouts|name:paul skenes|over|6.5|betmgm,ridge_challenger,challenger,single_stage_direct_count_regression_ridge_shadow_alpha_0.01,mlb_pitcher_props_policy_v1,6.3102799136691425,6.3102799136691425,4.342282600009502,8.278277227328783,1.967997313659641,-0.18972008633085746,False,,,,,,,,current_workflow
2026-05-28|ridge_challenger|2026-05-28|MLB|pitcher_strikeouts|name:paul skenes|under|6.5|betmgm,2026-05-28|MLB|pitcher_strikeouts|name:paul skenes|under|6.5|betmgm,2026-05-28,paul skenes,mlbam_player:694973,mlbam_player:694973,694973,mlbam_player,paul skenes,MLB,pitcher_strikeouts,player_prop,pitcher_k,PIT,CHC,BetMGM,betmgm,10c998a5c2995335fd238b7e7e037c62,Under,under,6.5,-120,MLB|pitcher_strikeouts|name:paul skenes|under|6.5,MLB|pitcher_strikeouts|name:paul skenes|under|6.5|betmgm,ridge_challenger,challenger,single_stage_direct_count_regression_ridge_shadow_alpha_0.01,mlb_pitcher_props_policy_v1,6.3102799136691425,6.3102799136691425,4.342282600009502,8.278277227328783,1.967997313659641,0.18972008633085746,False,,,,,,,,current_workflow
2026-05-28|ridge_challenger|2026-05-28|MLB|pitcher_strikeouts|name:grayson rodriguez|over|5.5|fanduel,2026-05-28|MLB|pitcher_strikeouts|name:grayson rodriguez|over|5.5|fanduel,2026-05-28,grayson rodriguez,mlbam_player:680570,mlbam_player:680570,680570,mlbam_player,grayson rodriguez,MLB,pitcher_strikeouts,player_prop,pitcher_k,LAA,DET,FanDuel,fanduel,28a4545a50aea1be3bff69f0dea3afcc,Over,over,5.5,126,MLB|pitcher_strikeouts|name:grayson rodriguez|over|5.5,MLB|pitcher_strikeouts|name:grayson rodriguez|over|5.5|fanduel,ridge_challenger,challenger,single_stage_direct_count_regression_ridge_shadow_alpha_0.01,mlb_pitcher_props_policy_v1,6.665706814049011,6.665706814049011,3.6129312642111553,9.718482363886867,3.052775549837856,1.1657068140490114,True,1.0,official,high,,,,,current_workflow
2026-05-28|ridge_challenger|2026-05-28|MLB|pitcher_strikeouts|name:grayson rodriguez|under|5.5|fanduel,2026-05-28|MLB|pitcher_strikeouts|name:grayson rodriguez|under|5.5|fanduel,2026-05-28,grayson rodriguez,mlbam_player:680570,mlbam_player:680570,680570,mlbam_player,grayson rodriguez,MLB,pitcher_strikeouts,player_prop,pitcher_k,LAA,DET,FanDuel,fanduel,28a4545a50aea1be3bff69f0dea3afcc,Under,under,5.5,-168,MLB|pitcher_strikeouts|name:grayson rodriguez|under|5.5,MLB|pitcher_strikeouts|name:grayson rodriguez|under|5.5|fanduel,ridge_challenger,challenger,single_stage_direct_count_regression_ridge_shadow_alpha_0.01,mlb_pitcher_props_policy_v1,6.665706814049011,6.665706814049011,3.6129312642111553,9.718482363886867,3.052775549837856,-1.1657068140490114,False,,,,,,,,current_workflow
2026-05-28|ridge_challenger|2026-05-28|MLB|pitcher_strikeouts|name:grayson rodriguez|over|5.5|draftkings,2026-05-28|MLB|pitcher_strikeouts|name:grayson rodriguez|over|5.5|draftkings,2026-05-28,grayson rodriguez,mlbam_player:680570,mlbam_player:680570,680570,mlbam_player,grayson rodriguez,MLB,pitcher_strikeouts,player_prop,pitcher_k,LAA,DET,DraftKings,draftkings,28a4545a50aea1be3bff69f0dea3afcc,Over,over,5.5,126,MLB|pitcher_strikeouts|name:grayson rodriguez|over|5.5,MLB|pitcher_strikeouts|name:grayson rodriguez|over|5.5|draftkings,ridge_challenger,challenger,single_stage_direct_count_regression_ridge_shadow_alpha_0.01,mlb_pitcher_props_policy_v1,6.665706814049011,6.665706814049011,3.6129312642111553,9.718482363886867,3.052775549837856,1.1657068140490114,False,,,,,,,,current_workflow
2026-05-28|ridge_challenger|2026-05-28|MLB|pitcher_strikeouts|name:grayson rodriguez|under|5.5|draftkings,2026-05-28|MLB|pitcher_strikeouts|name:grayson rodriguez|under|5.5|draftkings,2026-05-28,grayson rodriguez,mlbam_player:680570,mlbam_player:680570,680570,mlbam_player,grayson rodriguez,MLB,pitcher_strikeouts,player_prop,pitcher_k,LAA,DET,DraftKings,draftkings,28a4545a50aea1be3bff69f0dea3afcc,Under,under,5.5,-161,MLB|pitcher_strikeouts|name:grayson rodriguez|under|5.5,MLB|pitcher_strikeouts|name:grayson rodriguez|under|5.5|draftkings,ridge_challenger,challenger,single_stage_direct_count_regression_ridge_shadow_alpha_0.01,mlb_pitcher_props_policy_v1,6.665706814049011,6.665706814049011,3.6129312642111553,9.718482363886867,3.052775549837856,-1.1657068140490114,False,,,,,,,,current_workflow
2026-05-28|ridge_challenger|2026-05-28|MLB|pitcher_strikeouts|name:grayson rodriguez|over|5.5|betmgm,2026-05-28|MLB|pitcher_strikeouts|name:grayson rodriguez|over|5.5|betmgm,2026-05-28,grayson rodriguez,mlbam_player:680570,mlbam_player:680570,680570,mlbam_player,grayson rodriguez,MLB,pitcher_strikeouts,player_prop,pitcher_k,LAA,DET,BetMGM,betmgm,28a4545a50aea1be3bff69f0dea3afcc,Over,over,5.5,120,MLB|pitcher_strikeouts|name:grayson rodriguez|over|5.5,MLB|pitcher_strikeouts|name:grayson rodriguez|over|5.5|betmgm,ridge_challenger,challenger,single_stage_direct_count_regression_ridge_shadow_alpha_0.01,mlb_pitcher_props_policy_v1,6.665706814049011,6.665706814049011,3.6129312642111553,9.718482363886867,3.052775549837856,1.1657068140490114,False,,,,,,,,current_workflow
2026-05-28|ridge_challenger|2026-05-28|MLB|pitcher_strikeouts|name:grayson rodriguez|under|5.5|betmgm,2026-05-28|MLB|pitcher_strikeouts|name:grayson rodriguez|under|5.5|betmgm,2026-05-28,grayson rodriguez,mlbam_player:680570,mlbam_player:680570,680570,mlbam_player,grayson rodriguez,MLB,pitcher_strikeouts,player_prop,pitcher_k,LAA,DET,BetMGM,betmgm,28a4545a50aea1be3bff69f0dea3afcc,Under,under,5.5,-160,MLB|pitcher_strikeouts|name:grayson rodriguez|under|5.5,MLB|pitcher_strikeouts|name:grayson rodriguez|under|5.5|betmgm,ridge_challenger,challenger,single_stage_direct_count_regression_ridge_shadow_alpha_0.01,mlb_pitcher_props_policy_v1,6.665706814049011,6.665706814049011,3.6129312642111553,9.718482363886867,3.052775549837856,-1.1657068140490114,False,,,,,,,,current_workflow
2026-05-28|ridge_challenger|2026-05-28|MLB|pitcher_strikeouts|name:jack flaherty|over|6.5|fanduel,2026-05-28|MLB|pitcher_strikeouts|name:jack flaherty|over|6.5|fanduel,2026-05-28,jack flaherty,mlbam_player:656427,mlbam_player:656427,656427,mlbam_player,jack flaherty,MLB,pitcher_strikeouts,player_prop,pitcher_k,DET,LAA,FanDuel,fanduel,28a4545a50aea1be3bff69f0dea3afcc,Over,over,6.5,118,MLB|pitcher_strikeouts|name:jack flaherty|over|6.5,MLB|pitcher_strikeouts|name:jack flaherty|over|6.5|fanduel,ridge_challenger,challenger,single_stage_direct_count_regression_ridge_shadow_alpha_0.01,mlb_pitcher_props_policy_v1,5.652375026179875,5.652375026179875,2.355612382567744,8.949137669792007,3.2967626436121313,-0.8476249738201247,False,,,,,,,,current_workflow
2026-05-28|ridge_challenger|2026-05-28|MLB|pitcher_strikeouts|name:jack flaherty|under|6.5|fanduel,2026-05-28|MLB|pitcher_strikeouts|name:jack flaherty|under|6.5|fanduel,2026-05-28,jack flaherty,mlbam_player:656427,mlbam_player:656427,656427,mlbam_player,jack flaherty,MLB,pitcher_strikeouts,player_prop,pitcher_k,DET,LAA,FanDuel,fanduel,28a4545a50aea1be3bff69f0dea3afcc,Under,under,6.5,-144,MLB|pitcher_strikeouts|name:jack flaherty|under|6.5,MLB|pitcher_strikeouts|name:jack flaherty|under|6.5|fanduel,ridge_challenger,challenger,single_stage_direct_count_regression_ridge_shadow_alpha_0.01,mlb_pitcher_props_policy_v1,5.652375026179875,5.652375026179875,2.355612382567744,8.949137669792007,3.2967626436121313,0.8476249738201247,False,,,,,,,,current_workflow
2026-05-28|ridge_challenger|2026-05-28|MLB|pitcher_strikeouts|name:jack flaherty|over|6.5|draftkings,2026-05-28|MLB|pitcher_strikeouts|name:jack flaherty|over|6.5|draftkings,2026-05-28,jack flaherty,mlbam_player:656427,mlbam_player:656427,656427,mlbam_player,jack flaherty,MLB,pitcher_strikeouts,player_prop,pitcher_k,DET,LAA,DraftKings,draftkings,28a4545a50aea1be3bff69f0dea3afcc,Over,over,6.5,103,MLB|pitcher_strikeouts|name:jack flaherty|over|6.5,MLB|pitcher_strikeouts|name:jack flaherty|over|6.5|draftkings,ridge_challenger,challenger,single_stage_direct_count_regression_ridge_shadow_alpha_0.01,mlb_pitcher_props_policy_v1,5.652375026179875,5.652375026179875,2.355612382567744,8.949137669792007,3.2967626436121313,-0.8476249738201247,False,,,,,,,,current_workflow
2026-05-28|ridge_challenger|2026-05-28|MLB|pitcher_strikeouts|name:jack flaherty|under|6.5|draftkings,2026-05-28|MLB|pitcher_strikeouts|name:jack flaherty|under|6.5|draftkings,2026-05-28,jack flaherty,mlbam_player:656427,mlbam_player:656427,656427,mlbam_player,jack flaherty,MLB,pitcher_strikeouts,player_prop,pitcher_k,DET,LAA,DraftKings,draftkings,28a4545a50aea1be3bff69f0dea3afcc,Under,under,6.5,-131,MLB|pitcher_strikeouts|name:jack flaherty|under|6.5,MLB|pitcher_strikeouts|name:jack flaherty|under|6.5|draftkings,ridge_challenger,challenger,single_stage_direct_count_regression_ridge_shadow_alpha_0.01,mlb_pitcher_props_policy_v1,5.652375026179875,5.652375026179875,2.355612382567744,8.949137669792007,3.2967626436121313,0.8476249738201247,True,5.0,official,medium,,,,,current_workflow
2026-05-28|ridge_challenger|2026-05-28|MLB|pitcher_strikeouts|name:jack flaherty|over|6.5|betmgm,2026-05-28|MLB|pitcher_strikeouts|name:jack flaherty|over|6.5|betmgm,2026-05-28,jack flaherty,mlbam_player:656427,mlbam_player:656427,656427,mlbam_player,jack flaherty,MLB,pitcher_strikeouts,player_prop,pitcher_k,DET,LAA,BetMGM,betmgm,28a4545a50aea1be3bff69f0dea3afcc,Over,over,6.5,110,MLB|pitcher_strikeouts|name:jack flaherty|over|6.5,MLB|pitcher_strikeouts|name:jack flaherty|over|6.5|betmgm,ridge_challenger,challenger,single_stage_direct_count_regression_ridge_shadow_alpha_0.01,mlb_pitcher_props_policy_v1,5.652375026179875,5.652375026179875,2.355612382567744,8.949137669792007,3.2967626436121313,-0.8476249738201247,False,,,,,,,,current_workflow
2026-05-28|ridge_challenger|2026-05-28|MLB|pitcher_strikeouts|name:jack flaherty|under|6.5|betmgm,2026-05-28|MLB|pitcher_strikeouts|name:jack flaherty|under|6.5|betmgm,2026-05-28,jack flaherty,mlbam_player:656427,mlbam_player:656427,656427,mlbam_player,jack flaherty,MLB,pitcher_strikeouts,player_prop,pitcher_k,DET,LAA,BetMGM,betmgm,28a4545a50aea1be3bff69f0dea3afcc,Under,under,6.5,-150,MLB|pitcher_strikeouts|name:jack flaherty|under|6.5,MLB|pitcher_strikeouts|name:jack flaherty|under|6.5|betmgm,ridge_challenger,challenger,single_stage_direct_count_regression_ridge_shadow_alpha_0.01,mlb_pitcher_props_policy_v1,5.652375026179875,5.652375026179875,2.355612382567744,8.949137669792007,3.2967626436121313,0.8476249738201247,False,,,,,,,,current_workflow
2026-05-28|ridge_challenger|2026-05-28|MLB|pitcher_strikeouts|name:davis martin|over|5.5|fanduel,2026-05-28|MLB|pitcher_strikeouts|name:davis martin|over|5.5|fanduel,2026-05-28,davis martin,mlbam_player:663436,mlbam_player:663436,663436,mlbam_player,davis martin,MLB,pitcher_strikeouts,player_prop,pitcher_k,CWS,MIN,FanDuel,fanduel,26a9e538184a6f2d2c207fd1872bd028,Over,over,5.5,100,MLB|pitcher_strikeouts|name:davis martin|over|5.5,MLB|pitcher_strikeouts|name:davis martin|over|5.5|fanduel,ridge_challenger,challenger,single_stage_direct_count_regression_ridge_shadow_alpha_0.01,mlb_pitcher_props_policy_v1,5.04381380264701,5.04381380264701,3.2767209711372103,6.81090663415681,1.7670928315098,-0.4561861973529897,False,,,,,,,,current_workflow
2026-05-28|ridge_challenger|2026-05-28|MLB|pitcher_strikeouts|name:davis martin|under|5.5|fanduel,2026-05-28|MLB|pitcher_strikeouts|name:davis martin|under|5.5|fanduel,2026-05-28,davis martin,mlbam_player:663436,mlbam_player:663436,663436,mlbam_player,davis martin,MLB,pitcher_strikeouts,player_prop,pitcher_k,CWS,MIN,FanDuel,fanduel,26a9e538184a6f2d2c207fd1872bd028,Under,under,5.5,-120,MLB|pitcher_strikeouts|name:davis martin|under|5.5,MLB|pitcher_strikeouts|name:davis martin|under|5.5|fanduel,ridge_challenger,challenger,single_stage_direct_count_regression_ridge_shadow_alpha_0.01,mlb_pitcher_props_policy_v1,5.04381380264701,5.04381380264701,3.2767209711372103,6.81090663415681,1.7670928315098,0.4561861973529897,False,,,,,,,,current_workflow
2026-05-28|ridge_challenger|2026-05-28|MLB|pitcher_strikeouts|name:davis martin|over|5.5|draftkings,2026-05-28|MLB|pitcher_strikeouts|name:davis martin|over|5.5|draftkings,2026-05-28,davis martin,mlbam_player:663436,mlbam_player:663436,663436,mlbam_player,davis martin,MLB,pitcher_strikeouts,player_prop,pitcher_k,CWS,MIN,DraftKings,draftkings,26a9e538184a6f2d2c207fd1872bd028,Over,over,5.5,-109,MLB|pitcher_strikeouts|name:davis martin|over|5.5,MLB|pitcher_strikeouts|name:davis martin|over|5.5|draftkings,ridge_challenger,challenger,single_stage_direct_count_regression_ridge_shadow_alpha_0.01,mlb_pitcher_props_policy_v1,5.04381380264701,5.04381380264701,3.2767209711372103,6.81090663415681,1.7670928315098,-0.4561861973529897,False,,,,,,,,current_workflow
2026-05-28|ridge_challenger|2026-05-28|MLB|pitcher_strikeouts|name:davis martin|under|5.5|draftkings,2026-05-28|MLB|pitcher_strikeouts|name:davis martin|under|5.5|draftkings,2026-05-28,davis martin,mlbam_player:663436,mlbam_player:663436,663436,mlbam_player,davis martin,MLB,pitcher_strikeouts,player_prop,pitcher_k,CWS,MIN,DraftKings,draftkings,26a9e538184a6f2d2c207fd1872bd028,Under,under,5.5,-117,MLB|pitcher_strikeouts|name:davis martin|under|5.5,MLB|pitcher_strikeouts|name:davis martin|under|5.5|draftkings,ridge_challenger,challenger,single_stage_direct_count_regression_ridge_shadow_alpha_0.01,mlb_pitcher_props_policy_v1,5.04381380264701,5.04381380264701,3.2767209711372103,6.81090663415681,1.7670928315098,0.4561861973529897,False,,,,,,,,current_workflow
2026-05-28|ridge_challenger|2026-05-28|MLB|pitcher_strikeouts|name:davis martin|over|5.5|betmgm,2026-05-28|MLB|pitcher_strikeouts|name:davis martin|over|5.5|betmgm,2026-05-28,davis martin,mlbam_player:663436,mlbam_player:663436,663436,mlbam_player,davis martin,MLB,pitcher_strikeouts,player_prop,pitcher_k,CWS,MIN,BetMGM,betmgm,26a9e538184a6f2d2c207fd1872bd028,Over,over,5.5,-115,MLB|pitcher_strikeouts|name:davis martin|over|5.5,MLB|pitcher_strikeouts|name:davis martin|over|5.5|betmgm,ridge_challenger,challenger,single_stage_direct_count_regression_ridge_shadow_alpha_0.01,mlb_pitcher_props_policy_v1,5.04381380264701,5.04381380264701,3.2767209711372103,6.81090663415681,1.7670928315098,-0.4561861973529897,False,,,,,,,,current_workflow
2026-05-28|ridge_challenger|2026-05-28|MLB|pitcher_strikeouts|name:davis martin|under|5.5|betmgm,2026-05-28|MLB|pitcher_strikeouts|name:davis martin|under|5.5|betmgm,2026-05-28,davis martin,mlbam_player:663436,mlbam_player:663436,663436,mlbam_player,davis martin,MLB,pitcher_strikeouts,player_prop,pitcher_k,CWS,MIN,BetMGM,betmgm,26a9e538184a6f2d2c207fd1872bd028,Under,under,5.5,-115,MLB|pitcher_strikeouts|name:davis martin|under|5.5,MLB|pitcher_strikeouts|name:davis martin|under|5.5|betmgm,ridge_challenger,challenger,single_stage_direct_count_regression_ridge_shadow_alpha_0.01,mlb_pitcher_props_policy_v1,5.04381380264701,5.04381380264701,3.2767209711372103,6.81090663415681,1.7670928315098,0.4561861973529897,True,9.0,lean,low,,,,,current_workflow
2026-05-28|ridge_challenger|2026-05-28|MLB|pitcher_strikeouts|name:chris sale|over|7.5|fanduel,2026-05-28|MLB|pitcher_strikeouts|name:chris sale|over|7.5|fanduel,2026-05-28,chris sale,mlbam_player:519242,mlbam_player:519242,519242,mlbam_player,chris sale,MLB,pitcher_strikeouts,player_prop,pitcher_k,ATL,BOS,FanDuel,fanduel,6072e0886fb927d9ece5f578024d31e2,Over,over,7.5,-130,MLB|pitcher_strikeouts|name:chris sale|over|7.5,MLB|pitcher_strikeouts|name:chris sale|over|7.5|fanduel,ridge_challenger,challenger,single_stage_direct_count_regression_ridge_shadow_alpha_0.01,mlb_pitcher_props_policy_v1,7.001292227634671,7.001292227634671,4.908125622032269,9.094458833237073,2.093166605602402,-0.4987077723653286,False,,,,,,,,current_workflow
2026-05-28|ridge_challenger|2026-05-28|MLB|pitcher_strikeouts|name:chris sale|under|7.5|fanduel,2026-05-28|MLB|pitcher_strikeouts|name:chris sale|under|7.5|fanduel,2026-05-28,chris sale,mlbam_player:519242,mlbam_player:519242,519242,mlbam_player,chris sale,MLB,pitcher_strikeouts,player_prop,pitcher_k,ATL,BOS,FanDuel,fanduel,6072e0886fb927d9ece5f578024d31e2,Under,under,7.5,-102,MLB|pitcher_strikeouts|name:chris sale|under|7.5,MLB|pitcher_strikeouts|name:chris sale|under|7.5|fanduel,ridge_challenger,challenger,single_stage_direct_count_regression_ridge_shadow_alpha_0.01,mlb_pitcher_props_policy_v1,7.001292227634671,7.001292227634671,4.908125622032269,9.094458833237073,2.093166605602402,0.4987077723653286,True,7.0,lean,low,,,,,current_workflow
2026-05-28|ridge_challenger|2026-05-28|MLB|pitcher_strikeouts|name:chris sale|over|7.5|draftkings,2026-05-28|MLB|pitcher_strikeouts|name:chris sale|over|7.5|draftkings,2026-05-28,chris sale,mlbam_player:519242,mlbam_player:519242,519242,mlbam_player,chris sale,MLB,pitcher_strikeouts,player_prop,pitcher_k,ATL,BOS,DraftKings,draftkings,6072e0886fb927d9ece5f578024d31e2,Over,over,7.5,-119,MLB|pitcher_strikeouts|name:chris sale|over|7.5,MLB|pitcher_strikeouts|name:chris sale|over|7.5|draftkings,ridge_challenger,challenger,single_stage_direct_count_regression_ridge_shadow_alpha_0.01,mlb_pitcher_props_policy_v1,7.001292227634671,7.001292227634671,4.908125622032269,9.094458833237073,2.093166605602402,-0.4987077723653286,False,,,,,,,,current_workflow
2026-05-28|ridge_challenger|2026-05-28|MLB|pitcher_strikeouts|name:chris sale|under|7.5|draftkings,2026-05-28|MLB|pitcher_strikeouts|name:chris sale|under|7.5|draftkings,2026-05-28,chris sale,mlbam_player:519242,mlbam_player:519242,519242,mlbam_player,chris sale,MLB,pitcher_strikeouts,player_prop,pitcher_k,ATL,BOS,DraftKings,draftkings,6072e0886fb927d9ece5f578024d31e2,Under,under,7.5,-107,MLB|pitcher_strikeouts|name:chris sale|under|7.5,MLB|pitcher_strikeouts|name:chris sale|under|7.5|draftkings,ridge_challenger,challenger,single_stage_direct_count_regression_ridge_shadow_alpha_0.01,mlb_pitcher_props_policy_v1,7.001292227634671,7.001292227634671,4.908125622032269,9.094458833237073,2.093166605602402,0.4987077723653286,False,,,,,,,,current_workflow
2026-05-28|ridge_challenger|2026-05-28|MLB|pitcher_strikeouts|name:chris sale|over|7.5|betmgm,2026-05-28|MLB|pitcher_strikeouts|name:chris sale|over|7.5|betmgm,2026-05-28,chris sale,mlbam_player:519242,mlbam_player:519242,519242,mlbam_player,chris sale,MLB,pitcher_strikeouts,player_prop,pitcher_k,ATL,BOS,BetMGM,betmgm,6072e0886fb927d9ece5f578024d31e2,Over,over,7.5,-130,MLB|pitcher_strikeouts|name:chris sale|over|7.5,MLB|pitcher_strikeouts|name:chris sale|over|7.5|betmgm,ridge_challenger,challenger,single_stage_direct_count_regression_ridge_shadow_alpha_0.01,mlb_pitcher_props_policy_v1,7.001292227634671,7.001292227634671,4.908125622032269,9.094458833237073,2.093166605602402,-0.4987077723653286,False,,,,,,,,current_workflow
2026-05-28|ridge_challenger|2026-05-28|MLB|pitcher_strikeouts|name:chris sale|under|7.5|betmgm,2026-05-28|MLB|pitcher_strikeouts|name:chris sale|under|7.5|betmgm,2026-05-28,chris sale,mlbam_player:519242,mlbam_player:519242,519242,mlbam_player,chris sale,MLB,pitcher_strikeouts,player_prop,pitcher_k,ATL,BOS,BetMGM,betmgm,6072e0886fb927d9ece5f578024d31e2,Under,under,7.5,-105,MLB|pitcher_strikeouts|name:chris sale|under|7.5,MLB|pitcher_strikeouts|name:chris sale|under|7.5|betmgm,ridge_challenger,challenger,single_stage_direct_count_regression_ridge_shadow_alpha_0.01,mlb_pitcher_props_policy_v1,7.001292227634671,7.001292227634671,4.908125622032269,9.094458833237073,2.093166605602402,0.4987077723653286,False,,,,,,,,current_workflow
2026-05-28|ridge_challenger|2026-05-28|MLB|pitcher_strikeouts|name:patrick corbin|over|3.5|fanduel,2026-05-28|MLB|pitcher_strikeouts|name:patrick corbin|over|3.5|fanduel,2026-05-28,patrick corbin,mlbam_player:571578,mlbam_player:571578,571578,mlbam_player,patrick corbin,MLB,pitcher_strikeouts,player_prop,pitcher_k,TOR,BAL,FanDuel,fanduel,f83cd7ff929aebf58050093ee52c8a86,Over,over,3.5,-172,MLB|pitcher_strikeouts|name:patrick corbin|over|3.5,MLB|pitcher_strikeouts|name:patrick corbin|over|3.5|fanduel,ridge_challenger,challenger,single_stage_direct_count_regression_ridge_shadow_alpha_0.01,mlb_pitcher_props_policy_v1,4.742635553059568,4.742635553059568,1.5693352349229333,7.9159358711962025,3.1733003181366346,1.2426355530595679,False,,,,,,,,current_workflow
2026-05-28|ridge_challenger|2026-05-28|MLB|pitcher_strikeouts|name:patrick corbin|under|3.5|fanduel,2026-05-28|MLB|pitcher_strikeouts|name:patrick corbin|under|3.5|fanduel,2026-05-28,patrick corbin,mlbam_player:571578,mlbam_player:571578,571578,mlbam_player,patrick corbin,MLB,pitcher_strikeouts,player_prop,pitcher_k,TOR,BAL,FanDuel,fanduel,f83cd7ff929aebf58050093ee52c8a86,Under,under,3.5,128,MLB|pitcher_strikeouts|name:patrick corbin|under|3.5,MLB|pitcher_strikeouts|name:patrick corbin|under|3.5|fanduel,ridge_challenger,challenger,single_stage_direct_count_regression_ridge_shadow_alpha_0.01,mlb_pitcher_props_policy_v1,4.742635553059568,4.742635553059568,1.5693352349229333,7.9159358711962025,3.1733003181366346,-1.2426355530595679,False,,,,,,,,current_workflow
2026-05-28|ridge_challenger|2026-05-28|MLB|pitcher_strikeouts|name:patrick corbin|over|3.5|draftkings,2026-05-28|MLB|pitcher_strikeouts|name:patrick corbin|over|3.5|draftkings,2026-05-28,patrick corbin,mlbam_player:571578,mlbam_player:571578,571578,mlbam_player,patrick corbin,MLB,pitcher_strikeouts,player_prop,pitcher_k,TOR,BAL,DraftKings,draftkings,f83cd7ff929aebf58050093ee52c8a86,Over,over,3.5,-167,MLB|pitcher_strikeouts|name:patrick corbin|over|3.5,MLB|pitcher_strikeouts|name:patrick corbin|over|3.5|draftkings,ridge_challenger,challenger,single_stage_direct_count_regression_ridge_shadow_alpha_0.01,mlb_pitcher_props_policy_v1,4.742635553059568,4.742635553059568,1.5693352349229333,7.9159358711962025,3.1733003181366346,1.2426355530595679,False,,,,,,,,current_workflow
2026-05-28|ridge_challenger|2026-05-28|MLB|pitcher_strikeouts|name:patrick corbin|under|3.5|draftkings,2026-05-28|MLB|pitcher_strikeouts|name:patrick corbin|under|3.5|draftkings,2026-05-28,patrick corbin,mlbam_player:571578,mlbam_player:571578,571578,mlbam_player,patrick corbin,MLB,pitcher_strikeouts,player_prop,pitcher_k,TOR,BAL,DraftKings,draftkings,f83cd7ff929aebf58050093ee52c8a86,Under,under,3.5,131,MLB|pitcher_strikeouts|name:patrick corbin|under|3.5,MLB|pitcher_strikeouts|name:patrick corbin|under|3.5|draftkings,ridge_challenger,challenger,single_stage_direct_count_regression_ridge_shadow_alpha_0.01,mlb_pitcher_props_policy_v1,4.742635553059568,4.742635553059568,1.5693352349229333,7.9159358711962025,3.1733003181366346,-1.2426355530595679,False,,,,,,,,current_workflow
2026-05-28|ridge_challenger|2026-05-28|MLB|pitcher_strikeouts|name:patrick corbin|over|3.5|betmgm,2026-05-28|MLB|pitcher_strikeouts|name:patrick corbin|over|3.5|betmgm,2026-05-28,patrick corbin,mlbam_player:571578,mlbam_player:571578,571578,mlbam_player,patrick corbin,MLB,pitcher_strikeouts,player_prop,pitcher_k,TOR,BAL,BetMGM,betmgm,f83cd7ff929aebf58050093ee52c8a86,Over,over,3.5,-160,MLB|pitcher_strikeouts|name:patrick corbin|over|3.5,MLB|pitcher_strikeouts|name:patrick corbin|over|3.5|betmgm,ridge_challenger,challenger,single_stage_direct_count_regression_ridge_shadow_alpha_0.01,mlb_pitcher_props_policy_v1,4.742635553059568,4.742635553059568,1.5693352349229333,7.9159358711962025,3.1733003181366346,1.2426355530595679,True,2.0,official,medium,,,,,current_workflow
2026-05-28|ridge_challenger|2026-05-28|MLB|pitcher_strikeouts|name:patrick corbin|under|3.5|betmgm,2026-05-28|MLB|pitcher_strikeouts|name:patrick corbin|under|3.5|betmgm,2026-05-28,patrick corbin,mlbam_player:571578,mlbam_player:571578,571578,mlbam_player,patrick corbin,MLB,pitcher_strikeouts,player_prop,pitcher_k,TOR,BAL,BetMGM,betmgm,f83cd7ff929aebf58050093ee52c8a86,Under,under,3.5,120,MLB|pitcher_strikeouts|name:patrick corbin|under|3.5,MLB|pitcher_strikeouts|name:patrick corbin|under|3.5|betmgm,ridge_challenger,challenger,single_stage_direct_count_regression_ridge_shadow_alpha_0.01,mlb_pitcher_props_policy_v1,4.742635553059568,4.742635553059568,1.5693352349229333,7.9159358711962025,3.1733003181366346,-1.2426355530595679,False,,,,,,,,current_workflow
2026-05-28|ridge_challenger|2026-05-28|MLB|pitcher_strikeouts|name:chris bassitt|over|3.5|fanduel,2026-05-28|MLB|pitcher_strikeouts|name:chris bassitt|over|3.5|fanduel,2026-05-28,chris bassitt,mlbam_player:605135,mlbam_player:605135,605135,mlbam_player,chris bassitt,MLB,pitcher_strikeouts,player_prop,pitcher_k,BAL,TOR,FanDuel,fanduel,f83cd7ff929aebf58050093ee52c8a86,Over,over,3.5,-170,MLB|pitcher_strikeouts|name:chris bassitt|over|3.5,MLB|pitcher_strikeouts|name:chris bassitt|over|3.5|fanduel,ridge_challenger,challenger,single_stage_direct_count_regression_ridge_shadow_alpha_0.01,mlb_pitcher_props_policy_v1,4.138077628411876,4.138077628411876,0.7686903537522989,7.507464903071454,3.3693872746595774,0.6380776284118763,False,,,,,,,,current_workflow
2026-05-28|ridge_challenger|2026-05-28|MLB|pitcher_strikeouts|name:chris bassitt|under|3.5|fanduel,2026-05-28|MLB|pitcher_strikeouts|name:chris bassitt|under|3.5|fanduel,2026-05-28,chris bassitt,mlbam_player:605135,mlbam_player:605135,605135,mlbam_player,chris bassitt,MLB,pitcher_strikeouts,player_prop,pitcher_k,BAL,TOR,FanDuel,fanduel,f83cd7ff929aebf58050093ee52c8a86,Under,under,3.5,138,MLB|pitcher_strikeouts|name:chris bassitt|under|3.5,MLB|pitcher_strikeouts|name:chris bassitt|under|3.5|fanduel,ridge_challenger,challenger,single_stage_direct_count_regression_ridge_shadow_alpha_0.01,mlb_pitcher_props_policy_v1,4.138077628411876,4.138077628411876,0.7686903537522989,7.507464903071454,3.3693872746595774,-0.6380776284118763,False,,,,,,,,current_workflow
2026-05-28|ridge_challenger|2026-05-28|MLB|pitcher_strikeouts|name:chris bassitt|over|3.5|draftkings,2026-05-28|MLB|pitcher_strikeouts|name:chris bassitt|over|3.5|draftkings,2026-05-28,chris bassitt,mlbam_player:605135,mlbam_player:605135,605135,mlbam_player,chris bassitt,MLB,pitcher_strikeouts,player_prop,pitcher_k,BAL,TOR,DraftKings,draftkings,f83cd7ff929aebf58050093ee52c8a86,Over,over,3.5,-169,MLB|pitcher_strikeouts|name:chris bassitt|over|3.5,MLB|pitcher_strikeouts|name:chris bassitt|over|3.5|draftkings,ridge_challenger,challenger,single_stage_direct_count_regression_ridge_shadow_alpha_0.01,mlb_pitcher_props_policy_v1,4.138077628411876,4.138077628411876,0.7686903537522989,7.507464903071454,3.3693872746595774,0.6380776284118763,True,8.0,lean,low,,,,,current_workflow
2026-05-28|ridge_challenger|2026-05-28|MLB|pitcher_strikeouts|name:chris bassitt|under|3.5|draftkings,2026-05-28|MLB|pitcher_strikeouts|name:chris bassitt|under|3.5|draftkings,2026-05-28,chris bassitt,mlbam_player:605135,mlbam_player:605135,605135,mlbam_player,chris bassitt,MLB,pitcher_strikeouts,player_prop,pitcher_k,BAL,TOR,DraftKings,draftkings,f83cd7ff929aebf58050093ee52c8a86,Under,under,3.5,132,MLB|pitcher_strikeouts|name:chris bassitt|under|3.5,MLB|pitcher_strikeouts|name:chris bassitt|under|3.5|draftkings,ridge_challenger,challenger,single_stage_direct_count_regression_ridge_shadow_alpha_0.01,mlb_pitcher_props_policy_v1,4.138077628411876,4.138077628411876,0.7686903537522989,7.507464903071454,3.3693872746595774,-0.6380776284118763,False,,,,,,,,current_workflow
2026-05-28|ridge_challenger|2026-05-28|MLB|pitcher_strikeouts|name:chris bassitt|over|4.5|betmgm,2026-05-28|MLB|pitcher_strikeouts|name:chris bassitt|over|4.5|betmgm,2026-05-28,chris bassitt,mlbam_player:605135,mlbam_player:605135,605135,mlbam_player,chris bassitt,MLB,pitcher_strikeouts,player_prop,pitcher_k,BAL,TOR,BetMGM,betmgm,f83cd7ff929aebf58050093ee52c8a86,Over,over,4.5,120,MLB|pitcher_strikeouts|name:chris bassitt|over|4.5,MLB|pitcher_strikeouts|name:chris bassitt|over|4.5|betmgm,ridge_challenger,challenger,single_stage_direct_count_regression_ridge_shadow_alpha_0.01,mlb_pitcher_props_policy_v1,4.138077628411876,4.138077628411876,0.7686903537522989,7.507464903071454,3.3693872746595774,-0.3619223715881237,False,,,,,,,,current_workflow
2026-05-28|ridge_challenger|2026-05-28|MLB|pitcher_strikeouts|name:chris bassitt|under|4.5|betmgm,2026-05-28|MLB|pitcher_strikeouts|name:chris bassitt|under|4.5|betmgm,2026-05-28,chris bassitt,mlbam_player:605135,mlbam_player:605135,605135,mlbam_player,chris bassitt,MLB,pitcher_strikeouts,player_prop,pitcher_k,BAL,TOR,BetMGM,betmgm,f83cd7ff929aebf58050093ee52c8a86,Under,under,4.5,-160,MLB|pitcher_strikeouts|name:chris bassitt|under|4.5,MLB|pitcher_strikeouts|name:chris bassitt|under|4.5|betmgm,ridge_challenger,challenger,single_stage_direct_count_regression_ridge_shadow_alpha_0.01,mlb_pitcher_props_policy_v1,4.138077628411876,4.138077628411876,0.7686903537522989,7.507464903071454,3.3693872746595774,0.3619223715881237,False,,,,,,,,current_workflow
