shadow_row_key,candidate_key,game_date,player_name,participant_join_key,participant_id,participant_source_id,participant_source_id_type,participant_name_norm,sport,market_key,market_family,prop_type,team,opponent,book,bookmaker_key,event_id,side,side_norm,line,price,market_selection_key,market_offer_key,model_name,model_role,model_version,policy_version,predicted_value,predicted_strikeouts,lower_bound,upper_bound,std_dev,edge,would_pick,pick_rank,pick_type,confidence_tier,actual_value,result,profit_units,graded_at,tracking_regime
2026-05-26|ridge_challenger|2026-05-26|MLB|pitcher_strikeouts|name:aaron nola|over|4.5|draftkings,2026-05-26|MLB|pitcher_strikeouts|name:aaron nola|over|4.5|draftkings,2026-05-26,aaron nola,mlbam_player:605400,mlbam_player:605400,605400,mlbam_player,aaron nola,MLB,pitcher_strikeouts,player_prop,pitcher_k,PHI,SD,DraftKings,draftkings,82e37a8a126f9724f8872ec1669446da,Over,over,4.5,-159,MLB|pitcher_strikeouts|name:aaron nola|over|4.5,MLB|pitcher_strikeouts|name:aaron nola|over|4.5|draftkings,ridge_challenger,challenger,single_stage_direct_count_regression_ridge_shadow_alpha_0.01,mlb_pitcher_props_policy_v1,5.113321695601546,5.113321695601546,2.2614226448284858,7.965220746374607,2.8518990507730604,0.6133216956015461,True,15.0,lean,low,5,W,0.6289308176100629,2026-05-27T10:46:56.053157-04:00,current_workflow
2026-05-26|xgboost_champion|2026-05-26|MLB|pitcher_strikeouts|name:aaron nola|over|4.5|draftkings,2026-05-26|MLB|pitcher_strikeouts|name:aaron nola|over|4.5|draftkings,2026-05-26,aaron nola,mlbam_player:605400,mlbam_player:605400,605400,mlbam_player,aaron nola,MLB,pitcher_strikeouts,player_prop,pitcher_k,PHI,SD,DraftKings,draftkings,82e37a8a126f9724f8872ec1669446da,Over,over,4.5,-159,MLB|pitcher_strikeouts|name:aaron nola|over|4.5,MLB|pitcher_strikeouts|name:aaron nola|over|4.5|draftkings,xgboost_champion,champion,pitcher_k_model_v1,mlb_pitcher_props_policy_v1,5.1034440994262695,5.1034440994262695,2.300645043449214,7.906243155403326,2.802799055977056,0.6034440994262695,True,15.0,lean,low,5,W,0.6289308176100629,2026-05-27T10:46:56.053157-04:00,current_workflow
2026-05-26|ridge_challenger|2026-05-26|MLB|pitcher_strikeouts|name:aaron nola|over|4.5|fanduel,2026-05-26|MLB|pitcher_strikeouts|name:aaron nola|over|4.5|fanduel,2026-05-26,aaron nola,mlbam_player:605400,mlbam_player:605400,605400,mlbam_player,aaron nola,MLB,pitcher_strikeouts,player_prop,pitcher_k,PHI,SD,FanDuel,fanduel,82e37a8a126f9724f8872ec1669446da,Over,over,4.5,-162,MLB|pitcher_strikeouts|name:aaron nola|over|4.5,MLB|pitcher_strikeouts|name:aaron nola|over|4.5|fanduel,ridge_challenger,challenger,single_stage_direct_count_regression_ridge_shadow_alpha_0.01,mlb_pitcher_props_policy_v1,5.113321695601546,5.113321695601546,2.2614226448284858,7.965220746374607,2.8518990507730604,0.6133216956015461,False,,,,5,,,2026-05-27T10:46:56.053157-04:00,current_workflow
2026-05-26|xgboost_champion|2026-05-26|MLB|pitcher_strikeouts|name:aaron nola|over|4.5|fanduel,2026-05-26|MLB|pitcher_strikeouts|name:aaron nola|over|4.5|fanduel,2026-05-26,aaron nola,mlbam_player:605400,mlbam_player:605400,605400,mlbam_player,aaron nola,MLB,pitcher_strikeouts,player_prop,pitcher_k,PHI,SD,FanDuel,fanduel,82e37a8a126f9724f8872ec1669446da,Over,over,4.5,-162,MLB|pitcher_strikeouts|name:aaron nola|over|4.5,MLB|pitcher_strikeouts|name:aaron nola|over|4.5|fanduel,xgboost_champion,champion,pitcher_k_model_v1,mlb_pitcher_props_policy_v1,5.1034440994262695,5.1034440994262695,2.300645043449214,7.906243155403326,2.802799055977056,0.6034440994262695,False,,,,5,,,2026-05-27T10:46:56.053157-04:00,current_workflow
2026-05-26|ridge_challenger|2026-05-26|MLB|pitcher_strikeouts|name:aaron nola|over|5.5|betmgm,2026-05-26|MLB|pitcher_strikeouts|name:aaron nola|over|5.5|betmgm,2026-05-26,aaron nola,mlbam_player:605400,mlbam_player:605400,605400,mlbam_player,aaron nola,MLB,pitcher_strikeouts,player_prop,pitcher_k,PHI,SD,BetMGM,betmgm,82e37a8a126f9724f8872ec1669446da,Over,over,5.5,110,MLB|pitcher_strikeouts|name:aaron nola|over|5.5,MLB|pitcher_strikeouts|name:aaron nola|over|5.5|betmgm,ridge_challenger,challenger,single_stage_direct_count_regression_ridge_shadow_alpha_0.01,mlb_pitcher_props_policy_v1,5.113321695601546,5.113321695601546,2.2614226448284858,7.965220746374607,2.8518990507730604,-0.3866783043984538,False,,,,5,,,2026-05-27T10:46:56.053157-04:00,current_workflow
2026-05-26|xgboost_champion|2026-05-26|MLB|pitcher_strikeouts|name:aaron nola|over|5.5|betmgm,2026-05-26|MLB|pitcher_strikeouts|name:aaron nola|over|5.5|betmgm,2026-05-26,aaron nola,mlbam_player:605400,mlbam_player:605400,605400,mlbam_player,aaron nola,MLB,pitcher_strikeouts,player_prop,pitcher_k,PHI,SD,BetMGM,betmgm,82e37a8a126f9724f8872ec1669446da,Over,over,5.5,110,MLB|pitcher_strikeouts|name:aaron nola|over|5.5,MLB|pitcher_strikeouts|name:aaron nola|over|5.5|betmgm,xgboost_champion,champion,pitcher_k_model_v1,mlb_pitcher_props_policy_v1,5.1034440994262695,5.1034440994262695,2.300645043449214,7.906243155403326,2.802799055977056,-0.3965559005737304,False,,,,5,,,2026-05-27T10:46:56.053157-04:00,current_workflow
2026-05-26|ridge_challenger|2026-05-26|MLB|pitcher_strikeouts|name:aaron nola|under|4.5|draftkings,2026-05-26|MLB|pitcher_strikeouts|name:aaron nola|under|4.5|draftkings,2026-05-26,aaron nola,mlbam_player:605400,mlbam_player:605400,605400,mlbam_player,aaron nola,MLB,pitcher_strikeouts,player_prop,pitcher_k,PHI,SD,DraftKings,draftkings,82e37a8a126f9724f8872ec1669446da,Under,under,4.5,125,MLB|pitcher_strikeouts|name:aaron nola|under|4.5,MLB|pitcher_strikeouts|name:aaron nola|under|4.5|draftkings,ridge_challenger,challenger,single_stage_direct_count_regression_ridge_shadow_alpha_0.01,mlb_pitcher_props_policy_v1,5.113321695601546,5.113321695601546,2.2614226448284858,7.965220746374607,2.8518990507730604,-0.6133216956015461,False,,,,5,,,2026-05-27T10:46:56.053157-04:00,current_workflow
2026-05-26|xgboost_champion|2026-05-26|MLB|pitcher_strikeouts|name:aaron nola|under|4.5|draftkings,2026-05-26|MLB|pitcher_strikeouts|name:aaron nola|under|4.5|draftkings,2026-05-26,aaron nola,mlbam_player:605400,mlbam_player:605400,605400,mlbam_player,aaron nola,MLB,pitcher_strikeouts,player_prop,pitcher_k,PHI,SD,DraftKings,draftkings,82e37a8a126f9724f8872ec1669446da,Under,under,4.5,125,MLB|pitcher_strikeouts|name:aaron nola|under|4.5,MLB|pitcher_strikeouts|name:aaron nola|under|4.5|draftkings,xgboost_champion,champion,pitcher_k_model_v1,mlb_pitcher_props_policy_v1,5.1034440994262695,5.1034440994262695,2.300645043449214,7.906243155403326,2.802799055977056,-0.6034440994262695,False,,,,5,,,2026-05-27T10:46:56.053157-04:00,current_workflow
2026-05-26|ridge_challenger|2026-05-26|MLB|pitcher_strikeouts|name:aaron nola|under|4.5|fanduel,2026-05-26|MLB|pitcher_strikeouts|name:aaron nola|under|4.5|fanduel,2026-05-26,aaron nola,mlbam_player:605400,mlbam_player:605400,605400,mlbam_player,aaron nola,MLB,pitcher_strikeouts,player_prop,pitcher_k,PHI,SD,FanDuel,fanduel,82e37a8a126f9724f8872ec1669446da,Under,under,4.5,122,MLB|pitcher_strikeouts|name:aaron nola|under|4.5,MLB|pitcher_strikeouts|name:aaron nola|under|4.5|fanduel,ridge_challenger,challenger,single_stage_direct_count_regression_ridge_shadow_alpha_0.01,mlb_pitcher_props_policy_v1,5.113321695601546,5.113321695601546,2.2614226448284858,7.965220746374607,2.8518990507730604,-0.6133216956015461,False,,,,5,,,2026-05-27T10:46:56.053157-04:00,current_workflow
2026-05-26|xgboost_champion|2026-05-26|MLB|pitcher_strikeouts|name:aaron nola|under|4.5|fanduel,2026-05-26|MLB|pitcher_strikeouts|name:aaron nola|under|4.5|fanduel,2026-05-26,aaron nola,mlbam_player:605400,mlbam_player:605400,605400,mlbam_player,aaron nola,MLB,pitcher_strikeouts,player_prop,pitcher_k,PHI,SD,FanDuel,fanduel,82e37a8a126f9724f8872ec1669446da,Under,under,4.5,122,MLB|pitcher_strikeouts|name:aaron nola|under|4.5,MLB|pitcher_strikeouts|name:aaron nola|under|4.5|fanduel,xgboost_champion,champion,pitcher_k_model_v1,mlb_pitcher_props_policy_v1,5.1034440994262695,5.1034440994262695,2.300645043449214,7.906243155403326,2.802799055977056,-0.6034440994262695,False,,,,5,,,2026-05-27T10:46:56.053157-04:00,current_workflow
2026-05-26|ridge_challenger|2026-05-26|MLB|pitcher_strikeouts|name:aaron nola|under|5.5|betmgm,2026-05-26|MLB|pitcher_strikeouts|name:aaron nola|under|5.5|betmgm,2026-05-26,aaron nola,mlbam_player:605400,mlbam_player:605400,605400,mlbam_player,aaron nola,MLB,pitcher_strikeouts,player_prop,pitcher_k,PHI,SD,BetMGM,betmgm,82e37a8a126f9724f8872ec1669446da,Under,under,5.5,-150,MLB|pitcher_strikeouts|name:aaron nola|under|5.5,MLB|pitcher_strikeouts|name:aaron nola|under|5.5|betmgm,ridge_challenger,challenger,single_stage_direct_count_regression_ridge_shadow_alpha_0.01,mlb_pitcher_props_policy_v1,5.113321695601546,5.113321695601546,2.2614226448284858,7.965220746374607,2.8518990507730604,0.3866783043984538,False,,,,5,,,2026-05-27T10:46:56.053157-04:00,current_workflow
2026-05-26|xgboost_champion|2026-05-26|MLB|pitcher_strikeouts|name:aaron nola|under|5.5|betmgm,2026-05-26|MLB|pitcher_strikeouts|name:aaron nola|under|5.5|betmgm,2026-05-26,aaron nola,mlbam_player:605400,mlbam_player:605400,605400,mlbam_player,aaron nola,MLB,pitcher_strikeouts,player_prop,pitcher_k,PHI,SD,BetMGM,betmgm,82e37a8a126f9724f8872ec1669446da,Under,under,5.5,-150,MLB|pitcher_strikeouts|name:aaron nola|under|5.5,MLB|pitcher_strikeouts|name:aaron nola|under|5.5|betmgm,xgboost_champion,champion,pitcher_k_model_v1,mlb_pitcher_props_policy_v1,5.1034440994262695,5.1034440994262695,2.300645043449214,7.906243155403326,2.802799055977056,0.3965559005737304,False,,,,5,,,2026-05-27T10:46:56.053157-04:00,current_workflow
2026-05-26|ridge_challenger|2026-05-26|MLB|pitcher_strikeouts|name:braxton ashcraft|over|5.5|betmgm,2026-05-26|MLB|pitcher_strikeouts|name:braxton ashcraft|over|5.5|betmgm,2026-05-26,braxton ashcraft,mlbam_player:677952,mlbam_player:677952,677952,mlbam_player,braxton ashcraft,MLB,pitcher_strikeouts,player_prop,pitcher_k,PIT,CHC,BetMGM,betmgm,2a617b3c38b4cfff06d9866d761bb481,Over,over,5.5,-105,MLB|pitcher_strikeouts|name:braxton ashcraft|over|5.5,MLB|pitcher_strikeouts|name:braxton ashcraft|over|5.5|betmgm,ridge_challenger,challenger,single_stage_direct_count_regression_ridge_shadow_alpha_0.01,mlb_pitcher_props_policy_v1,4.806325125308272,4.806325125308272,3.1306357942375085,6.482014456379036,1.675689331070764,-0.6936748746917276,False,,,,5,,,2026-05-27T10:46:56.053157-04:00,current_workflow
2026-05-26|xgboost_champion|2026-05-26|MLB|pitcher_strikeouts|name:braxton ashcraft|over|5.5|betmgm,2026-05-26|MLB|pitcher_strikeouts|name:braxton ashcraft|over|5.5|betmgm,2026-05-26,braxton ashcraft,mlbam_player:677952,mlbam_player:677952,677952,mlbam_player,braxton ashcraft,MLB,pitcher_strikeouts,player_prop,pitcher_k,PIT,CHC,BetMGM,betmgm,2a617b3c38b4cfff06d9866d761bb481,Over,over,5.5,-105,MLB|pitcher_strikeouts|name:braxton ashcraft|over|5.5,MLB|pitcher_strikeouts|name:braxton ashcraft|over|5.5|betmgm,xgboost_champion,champion,pitcher_k_model_v1,mlb_pitcher_props_policy_v1,4.589924812316895,4.589924812316895,2.943085148071817,6.236764476561971,1.646839664245077,-0.9100751876831056,False,,,,5,,,2026-05-27T10:46:56.053157-04:00,current_workflow
2026-05-26|ridge_challenger|2026-05-26|MLB|pitcher_strikeouts|name:braxton ashcraft|over|5.5|draftkings,2026-05-26|MLB|pitcher_strikeouts|name:braxton ashcraft|over|5.5|draftkings,2026-05-26,braxton ashcraft,mlbam_player:677952,mlbam_player:677952,677952,mlbam_player,braxton ashcraft,MLB,pitcher_strikeouts,player_prop,pitcher_k,PIT,CHC,DraftKings,draftkings,2a617b3c38b4cfff06d9866d761bb481,Over,over,5.5,-129,MLB|pitcher_strikeouts|name:braxton ashcraft|over|5.5,MLB|pitcher_strikeouts|name:braxton ashcraft|over|5.5|draftkings,ridge_challenger,challenger,single_stage_direct_count_regression_ridge_shadow_alpha_0.01,mlb_pitcher_props_policy_v1,4.806325125308272,4.806325125308272,3.1306357942375085,6.482014456379036,1.675689331070764,-0.6936748746917276,False,,,,5,,,2026-05-27T10:46:56.053157-04:00,current_workflow
2026-05-26|xgboost_champion|2026-05-26|MLB|pitcher_strikeouts|name:braxton ashcraft|over|5.5|draftkings,2026-05-26|MLB|pitcher_strikeouts|name:braxton ashcraft|over|5.5|draftkings,2026-05-26,braxton ashcraft,mlbam_player:677952,mlbam_player:677952,677952,mlbam_player,braxton ashcraft,MLB,pitcher_strikeouts,player_prop,pitcher_k,PIT,CHC,DraftKings,draftkings,2a617b3c38b4cfff06d9866d761bb481,Over,over,5.5,-129,MLB|pitcher_strikeouts|name:braxton ashcraft|over|5.5,MLB|pitcher_strikeouts|name:braxton ashcraft|over|5.5|draftkings,xgboost_champion,champion,pitcher_k_model_v1,mlb_pitcher_props_policy_v1,4.589924812316895,4.589924812316895,2.943085148071817,6.236764476561971,1.646839664245077,-0.9100751876831056,False,,,,5,,,2026-05-27T10:46:56.053157-04:00,current_workflow
2026-05-26|ridge_challenger|2026-05-26|MLB|pitcher_strikeouts|name:braxton ashcraft|over|5.5|fanduel,2026-05-26|MLB|pitcher_strikeouts|name:braxton ashcraft|over|5.5|fanduel,2026-05-26,braxton ashcraft,mlbam_player:677952,mlbam_player:677952,677952,mlbam_player,braxton ashcraft,MLB,pitcher_strikeouts,player_prop,pitcher_k,PIT,CHC,FanDuel,fanduel,2a617b3c38b4cfff06d9866d761bb481,Over,over,5.5,-105,MLB|pitcher_strikeouts|name:braxton ashcraft|over|5.5,MLB|pitcher_strikeouts|name:braxton ashcraft|over|5.5|fanduel,ridge_challenger,challenger,single_stage_direct_count_regression_ridge_shadow_alpha_0.01,mlb_pitcher_props_policy_v1,4.806325125308272,4.806325125308272,3.1306357942375085,6.482014456379036,1.675689331070764,-0.6936748746917276,False,,,,5,,,2026-05-27T10:46:56.053157-04:00,current_workflow
2026-05-26|xgboost_champion|2026-05-26|MLB|pitcher_strikeouts|name:braxton ashcraft|over|5.5|fanduel,2026-05-26|MLB|pitcher_strikeouts|name:braxton ashcraft|over|5.5|fanduel,2026-05-26,braxton ashcraft,mlbam_player:677952,mlbam_player:677952,677952,mlbam_player,braxton ashcraft,MLB,pitcher_strikeouts,player_prop,pitcher_k,PIT,CHC,FanDuel,fanduel,2a617b3c38b4cfff06d9866d761bb481,Over,over,5.5,-105,MLB|pitcher_strikeouts|name:braxton ashcraft|over|5.5,MLB|pitcher_strikeouts|name:braxton ashcraft|over|5.5|fanduel,xgboost_champion,champion,pitcher_k_model_v1,mlb_pitcher_props_policy_v1,4.589924812316895,4.589924812316895,2.943085148071817,6.236764476561971,1.646839664245077,-0.9100751876831056,False,,,,5,,,2026-05-27T10:46:56.053157-04:00,current_workflow
2026-05-26|ridge_challenger|2026-05-26|MLB|pitcher_strikeouts|name:braxton ashcraft|under|5.5|betmgm,2026-05-26|MLB|pitcher_strikeouts|name:braxton ashcraft|under|5.5|betmgm,2026-05-26,braxton ashcraft,mlbam_player:677952,mlbam_player:677952,677952,mlbam_player,braxton ashcraft,MLB,pitcher_strikeouts,player_prop,pitcher_k,PIT,CHC,BetMGM,betmgm,2a617b3c38b4cfff06d9866d761bb481,Under,under,5.5,-125,MLB|pitcher_strikeouts|name:braxton ashcraft|under|5.5,MLB|pitcher_strikeouts|name:braxton ashcraft|under|5.5|betmgm,ridge_challenger,challenger,single_stage_direct_count_regression_ridge_shadow_alpha_0.01,mlb_pitcher_props_policy_v1,4.806325125308272,4.806325125308272,3.1306357942375085,6.482014456379036,1.675689331070764,0.6936748746917276,False,,,,5,,,2026-05-27T10:46:56.053157-04:00,current_workflow
2026-05-26|xgboost_champion|2026-05-26|MLB|pitcher_strikeouts|name:braxton ashcraft|under|5.5|betmgm,2026-05-26|MLB|pitcher_strikeouts|name:braxton ashcraft|under|5.5|betmgm,2026-05-26,braxton ashcraft,mlbam_player:677952,mlbam_player:677952,677952,mlbam_player,braxton ashcraft,MLB,pitcher_strikeouts,player_prop,pitcher_k,PIT,CHC,BetMGM,betmgm,2a617b3c38b4cfff06d9866d761bb481,Under,under,5.5,-125,MLB|pitcher_strikeouts|name:braxton ashcraft|under|5.5,MLB|pitcher_strikeouts|name:braxton ashcraft|under|5.5|betmgm,xgboost_champion,champion,pitcher_k_model_v1,mlb_pitcher_props_policy_v1,4.589924812316895,4.589924812316895,2.943085148071817,6.236764476561971,1.646839664245077,0.9100751876831056,False,,,,5,,,2026-05-27T10:46:56.053157-04:00,current_workflow
2026-05-26|ridge_challenger|2026-05-26|MLB|pitcher_strikeouts|name:braxton ashcraft|under|5.5|draftkings,2026-05-26|MLB|pitcher_strikeouts|name:braxton ashcraft|under|5.5|draftkings,2026-05-26,braxton ashcraft,mlbam_player:677952,mlbam_player:677952,677952,mlbam_player,braxton ashcraft,MLB,pitcher_strikeouts,player_prop,pitcher_k,PIT,CHC,DraftKings,draftkings,2a617b3c38b4cfff06d9866d761bb481,Under,under,5.5,101,MLB|pitcher_strikeouts|name:braxton ashcraft|under|5.5,MLB|pitcher_strikeouts|name:braxton ashcraft|under|5.5|draftkings,ridge_challenger,challenger,single_stage_direct_count_regression_ridge_shadow_alpha_0.01,mlb_pitcher_props_policy_v1,4.806325125308272,4.806325125308272,3.1306357942375085,6.482014456379036,1.675689331070764,0.6936748746917276,True,13.0,lean,medium,5,W,1.01,2026-05-27T10:46:56.053157-04:00,current_workflow
2026-05-26|xgboost_champion|2026-05-26|MLB|pitcher_strikeouts|name:braxton ashcraft|under|5.5|draftkings,2026-05-26|MLB|pitcher_strikeouts|name:braxton ashcraft|under|5.5|draftkings,2026-05-26,braxton ashcraft,mlbam_player:677952,mlbam_player:677952,677952,mlbam_player,braxton ashcraft,MLB,pitcher_strikeouts,player_prop,pitcher_k,PIT,CHC,DraftKings,draftkings,2a617b3c38b4cfff06d9866d761bb481,Under,under,5.5,101,MLB|pitcher_strikeouts|name:braxton ashcraft|under|5.5,MLB|pitcher_strikeouts|name:braxton ashcraft|under|5.5|draftkings,xgboost_champion,champion,pitcher_k_model_v1,mlb_pitcher_props_policy_v1,4.589924812316895,4.589924812316895,2.943085148071817,6.236764476561971,1.646839664245077,0.9100751876831056,True,7.0,official,medium,5,W,1.01,2026-05-27T10:46:56.053157-04:00,current_workflow
2026-05-26|ridge_challenger|2026-05-26|MLB|pitcher_strikeouts|name:braxton ashcraft|under|5.5|fanduel,2026-05-26|MLB|pitcher_strikeouts|name:braxton ashcraft|under|5.5|fanduel,2026-05-26,braxton ashcraft,mlbam_player:677952,mlbam_player:677952,677952,mlbam_player,braxton ashcraft,MLB,pitcher_strikeouts,player_prop,pitcher_k,PIT,CHC,FanDuel,fanduel,2a617b3c38b4cfff06d9866d761bb481,Under,under,5.5,-115,MLB|pitcher_strikeouts|name:braxton ashcraft|under|5.5,MLB|pitcher_strikeouts|name:braxton ashcraft|under|5.5|fanduel,ridge_challenger,challenger,single_stage_direct_count_regression_ridge_shadow_alpha_0.01,mlb_pitcher_props_policy_v1,4.806325125308272,4.806325125308272,3.1306357942375085,6.482014456379036,1.675689331070764,0.6936748746917276,False,,,,5,,,2026-05-27T10:46:56.053157-04:00,current_workflow
2026-05-26|xgboost_champion|2026-05-26|MLB|pitcher_strikeouts|name:braxton ashcraft|under|5.5|fanduel,2026-05-26|MLB|pitcher_strikeouts|name:braxton ashcraft|under|5.5|fanduel,2026-05-26,braxton ashcraft,mlbam_player:677952,mlbam_player:677952,677952,mlbam_player,braxton ashcraft,MLB,pitcher_strikeouts,player_prop,pitcher_k,PIT,CHC,FanDuel,fanduel,2a617b3c38b4cfff06d9866d761bb481,Under,under,5.5,-115,MLB|pitcher_strikeouts|name:braxton ashcraft|under|5.5,MLB|pitcher_strikeouts|name:braxton ashcraft|under|5.5|fanduel,xgboost_champion,champion,pitcher_k_model_v1,mlb_pitcher_props_policy_v1,4.589924812316895,4.589924812316895,2.943085148071817,6.236764476561971,1.646839664245077,0.9100751876831056,False,,,,5,,,2026-05-27T10:46:56.053157-04:00,current_workflow
2026-05-26|ridge_challenger|2026-05-26|MLB|pitcher_strikeouts|name:cade cavalli|over|4.5|betmgm,2026-05-26|MLB|pitcher_strikeouts|name:cade cavalli|over|4.5|betmgm,2026-05-26,cade cavalli,mlbam_player:676917,mlbam_player:676917,676917,mlbam_player,cade cavalli,MLB,pitcher_strikeouts,player_prop,pitcher_k,WSH,CLE,BetMGM,betmgm,e3e38b1f0ba0517d7e95030e6f0b6a8d,Over,over,4.5,-155,MLB|pitcher_strikeouts|name:cade cavalli|over|4.5,MLB|pitcher_strikeouts|name:cade cavalli|over|4.5|betmgm,ridge_challenger,challenger,single_stage_direct_count_regression_ridge_shadow_alpha_0.01,mlb_pitcher_props_policy_v1,4.596932466155521,4.596932466155521,1.993516729762228,7.200348202548815,2.603415736393293,0.096932466155521,False,,,,7,,,2026-05-27T10:46:56.053157-04:00,current_workflow
2026-05-26|xgboost_champion|2026-05-26|MLB|pitcher_strikeouts|name:cade cavalli|over|4.5|betmgm,2026-05-26|MLB|pitcher_strikeouts|name:cade cavalli|over|4.5|betmgm,2026-05-26,cade cavalli,mlbam_player:676917,mlbam_player:676917,676917,mlbam_player,cade cavalli,MLB,pitcher_strikeouts,player_prop,pitcher_k,WSH,CLE,BetMGM,betmgm,e3e38b1f0ba0517d7e95030e6f0b6a8d,Over,over,4.5,-155,MLB|pitcher_strikeouts|name:cade cavalli|over|4.5,MLB|pitcher_strikeouts|name:cade cavalli|over|4.5|betmgm,xgboost_champion,champion,pitcher_k_model_v1,mlb_pitcher_props_policy_v1,4.584403991699219,4.584403991699219,2.025810213177856,7.142997770220582,2.5585937785213635,0.0844039916992187,False,,,,7,,,2026-05-27T10:46:56.053157-04:00,current_workflow
2026-05-26|ridge_challenger|2026-05-26|MLB|pitcher_strikeouts|name:cade cavalli|over|4.5|draftkings,2026-05-26|MLB|pitcher_strikeouts|name:cade cavalli|over|4.5|draftkings,2026-05-26,cade cavalli,mlbam_player:676917,mlbam_player:676917,676917,mlbam_player,cade cavalli,MLB,pitcher_strikeouts,player_prop,pitcher_k,WSH,CLE,DraftKings,draftkings,e3e38b1f0ba0517d7e95030e6f0b6a8d,Over,over,4.5,-150,MLB|pitcher_strikeouts|name:cade cavalli|over|4.5,MLB|pitcher_strikeouts|name:cade cavalli|over|4.5|draftkings,ridge_challenger,challenger,single_stage_direct_count_regression_ridge_shadow_alpha_0.01,mlb_pitcher_props_policy_v1,4.596932466155521,4.596932466155521,1.993516729762228,7.200348202548815,2.603415736393293,0.096932466155521,False,,,,7,,,2026-05-27T10:46:56.053157-04:00,current_workflow
2026-05-26|xgboost_champion|2026-05-26|MLB|pitcher_strikeouts|name:cade cavalli|over|4.5|draftkings,2026-05-26|MLB|pitcher_strikeouts|name:cade cavalli|over|4.5|draftkings,2026-05-26,cade cavalli,mlbam_player:676917,mlbam_player:676917,676917,mlbam_player,cade cavalli,MLB,pitcher_strikeouts,player_prop,pitcher_k,WSH,CLE,DraftKings,draftkings,e3e38b1f0ba0517d7e95030e6f0b6a8d,Over,over,4.5,-150,MLB|pitcher_strikeouts|name:cade cavalli|over|4.5,MLB|pitcher_strikeouts|name:cade cavalli|over|4.5|draftkings,xgboost_champion,champion,pitcher_k_model_v1,mlb_pitcher_props_policy_v1,4.584403991699219,4.584403991699219,2.025810213177856,7.142997770220582,2.5585937785213635,0.0844039916992187,False,,,,7,,,2026-05-27T10:46:56.053157-04:00,current_workflow
2026-05-26|ridge_challenger|2026-05-26|MLB|pitcher_strikeouts|name:cade cavalli|over|4.5|fanduel,2026-05-26|MLB|pitcher_strikeouts|name:cade cavalli|over|4.5|fanduel,2026-05-26,cade cavalli,mlbam_player:676917,mlbam_player:676917,676917,mlbam_player,cade cavalli,MLB,pitcher_strikeouts,player_prop,pitcher_k,WSH,CLE,FanDuel,fanduel,e3e38b1f0ba0517d7e95030e6f0b6a8d,Over,over,4.5,-146,MLB|pitcher_strikeouts|name:cade cavalli|over|4.5,MLB|pitcher_strikeouts|name:cade cavalli|over|4.5|fanduel,ridge_challenger,challenger,single_stage_direct_count_regression_ridge_shadow_alpha_0.01,mlb_pitcher_props_policy_v1,4.596932466155521,4.596932466155521,1.993516729762228,7.200348202548815,2.603415736393293,0.096932466155521,False,,,,7,,,2026-05-27T10:46:56.053157-04:00,current_workflow
2026-05-26|xgboost_champion|2026-05-26|MLB|pitcher_strikeouts|name:cade cavalli|over|4.5|fanduel,2026-05-26|MLB|pitcher_strikeouts|name:cade cavalli|over|4.5|fanduel,2026-05-26,cade cavalli,mlbam_player:676917,mlbam_player:676917,676917,mlbam_player,cade cavalli,MLB,pitcher_strikeouts,player_prop,pitcher_k,WSH,CLE,FanDuel,fanduel,e3e38b1f0ba0517d7e95030e6f0b6a8d,Over,over,4.5,-146,MLB|pitcher_strikeouts|name:cade cavalli|over|4.5,MLB|pitcher_strikeouts|name:cade cavalli|over|4.5|fanduel,xgboost_champion,champion,pitcher_k_model_v1,mlb_pitcher_props_policy_v1,4.584403991699219,4.584403991699219,2.025810213177856,7.142997770220582,2.5585937785213635,0.0844039916992187,False,,,,7,,,2026-05-27T10:46:56.053157-04:00,current_workflow
2026-05-26|ridge_challenger|2026-05-26|MLB|pitcher_strikeouts|name:cade cavalli|under|4.5|betmgm,2026-05-26|MLB|pitcher_strikeouts|name:cade cavalli|under|4.5|betmgm,2026-05-26,cade cavalli,mlbam_player:676917,mlbam_player:676917,676917,mlbam_player,cade cavalli,MLB,pitcher_strikeouts,player_prop,pitcher_k,WSH,CLE,BetMGM,betmgm,e3e38b1f0ba0517d7e95030e6f0b6a8d,Under,under,4.5,115,MLB|pitcher_strikeouts|name:cade cavalli|under|4.5,MLB|pitcher_strikeouts|name:cade cavalli|under|4.5|betmgm,ridge_challenger,challenger,single_stage_direct_count_regression_ridge_shadow_alpha_0.01,mlb_pitcher_props_policy_v1,4.596932466155521,4.596932466155521,1.993516729762228,7.200348202548815,2.603415736393293,-0.096932466155521,False,,,,7,,,2026-05-27T10:46:56.053157-04:00,current_workflow
2026-05-26|xgboost_champion|2026-05-26|MLB|pitcher_strikeouts|name:cade cavalli|under|4.5|betmgm,2026-05-26|MLB|pitcher_strikeouts|name:cade cavalli|under|4.5|betmgm,2026-05-26,cade cavalli,mlbam_player:676917,mlbam_player:676917,676917,mlbam_player,cade cavalli,MLB,pitcher_strikeouts,player_prop,pitcher_k,WSH,CLE,BetMGM,betmgm,e3e38b1f0ba0517d7e95030e6f0b6a8d,Under,under,4.5,115,MLB|pitcher_strikeouts|name:cade cavalli|under|4.5,MLB|pitcher_strikeouts|name:cade cavalli|under|4.5|betmgm,xgboost_champion,champion,pitcher_k_model_v1,mlb_pitcher_props_policy_v1,4.584403991699219,4.584403991699219,2.025810213177856,7.142997770220582,2.5585937785213635,-0.0844039916992187,False,,,,7,,,2026-05-27T10:46:56.053157-04:00,current_workflow
2026-05-26|ridge_challenger|2026-05-26|MLB|pitcher_strikeouts|name:cade cavalli|under|4.5|draftkings,2026-05-26|MLB|pitcher_strikeouts|name:cade cavalli|under|4.5|draftkings,2026-05-26,cade cavalli,mlbam_player:676917,mlbam_player:676917,676917,mlbam_player,cade cavalli,MLB,pitcher_strikeouts,player_prop,pitcher_k,WSH,CLE,DraftKings,draftkings,e3e38b1f0ba0517d7e95030e6f0b6a8d,Under,under,4.5,118,MLB|pitcher_strikeouts|name:cade cavalli|under|4.5,MLB|pitcher_strikeouts|name:cade cavalli|under|4.5|draftkings,ridge_challenger,challenger,single_stage_direct_count_regression_ridge_shadow_alpha_0.01,mlb_pitcher_props_policy_v1,4.596932466155521,4.596932466155521,1.993516729762228,7.200348202548815,2.603415736393293,-0.096932466155521,False,,,,7,,,2026-05-27T10:46:56.053157-04:00,current_workflow
2026-05-26|xgboost_champion|2026-05-26|MLB|pitcher_strikeouts|name:cade cavalli|under|4.5|draftkings,2026-05-26|MLB|pitcher_strikeouts|name:cade cavalli|under|4.5|draftkings,2026-05-26,cade cavalli,mlbam_player:676917,mlbam_player:676917,676917,mlbam_player,cade cavalli,MLB,pitcher_strikeouts,player_prop,pitcher_k,WSH,CLE,DraftKings,draftkings,e3e38b1f0ba0517d7e95030e6f0b6a8d,Under,under,4.5,118,MLB|pitcher_strikeouts|name:cade cavalli|under|4.5,MLB|pitcher_strikeouts|name:cade cavalli|under|4.5|draftkings,xgboost_champion,champion,pitcher_k_model_v1,mlb_pitcher_props_policy_v1,4.584403991699219,4.584403991699219,2.025810213177856,7.142997770220582,2.5585937785213635,-0.0844039916992187,False,,,,7,,,2026-05-27T10:46:56.053157-04:00,current_workflow
2026-05-26|ridge_challenger|2026-05-26|MLB|pitcher_strikeouts|name:cade cavalli|under|4.5|fanduel,2026-05-26|MLB|pitcher_strikeouts|name:cade cavalli|under|4.5|fanduel,2026-05-26,cade cavalli,mlbam_player:676917,mlbam_player:676917,676917,mlbam_player,cade cavalli,MLB,pitcher_strikeouts,player_prop,pitcher_k,WSH,CLE,FanDuel,fanduel,e3e38b1f0ba0517d7e95030e6f0b6a8d,Under,under,4.5,110,MLB|pitcher_strikeouts|name:cade cavalli|under|4.5,MLB|pitcher_strikeouts|name:cade cavalli|under|4.5|fanduel,ridge_challenger,challenger,single_stage_direct_count_regression_ridge_shadow_alpha_0.01,mlb_pitcher_props_policy_v1,4.596932466155521,4.596932466155521,1.993516729762228,7.200348202548815,2.603415736393293,-0.096932466155521,False,,,,7,,,2026-05-27T10:46:56.053157-04:00,current_workflow
2026-05-26|xgboost_champion|2026-05-26|MLB|pitcher_strikeouts|name:cade cavalli|under|4.5|fanduel,2026-05-26|MLB|pitcher_strikeouts|name:cade cavalli|under|4.5|fanduel,2026-05-26,cade cavalli,mlbam_player:676917,mlbam_player:676917,676917,mlbam_player,cade cavalli,MLB,pitcher_strikeouts,player_prop,pitcher_k,WSH,CLE,FanDuel,fanduel,e3e38b1f0ba0517d7e95030e6f0b6a8d,Under,under,4.5,110,MLB|pitcher_strikeouts|name:cade cavalli|under|4.5,MLB|pitcher_strikeouts|name:cade cavalli|under|4.5|fanduel,xgboost_champion,champion,pitcher_k_model_v1,mlb_pitcher_props_policy_v1,4.584403991699219,4.584403991699219,2.025810213177856,7.142997770220582,2.5585937785213635,-0.0844039916992187,False,,,,7,,,2026-05-27T10:46:56.053157-04:00,current_workflow
2026-05-26|ridge_challenger|2026-05-26|MLB|pitcher_strikeouts|name:cam schlittler|over|5.5|draftkings,2026-05-26|MLB|pitcher_strikeouts|name:cam schlittler|over|5.5|draftkings,2026-05-26,cam schlittler,mlbam_player:693645,mlbam_player:693645,693645,mlbam_player,cam schlittler,MLB,pitcher_strikeouts,player_prop,pitcher_k,NYY,KC,DraftKings,draftkings,ba00397c03fc2b6ae2ee60c76dbab901,Over,over,5.5,-149,MLB|pitcher_strikeouts|name:cam schlittler|over|5.5,MLB|pitcher_strikeouts|name:cam schlittler|over|5.5|draftkings,ridge_challenger,challenger,single_stage_direct_count_regression_ridge_shadow_alpha_0.01,mlb_pitcher_props_policy_v1,5.782293105740654,5.782293105740654,2.4417662108767133,9.122820000604596,3.3405268948639404,0.2822931057406537,False,,,,6,,,2026-05-27T10:46:56.053157-04:00,current_workflow
2026-05-26|xgboost_champion|2026-05-26|MLB|pitcher_strikeouts|name:cam schlittler|over|5.5|draftkings,2026-05-26|MLB|pitcher_strikeouts|name:cam schlittler|over|5.5|draftkings,2026-05-26,cam schlittler,mlbam_player:693645,mlbam_player:693645,693645,mlbam_player,cam schlittler,MLB,pitcher_strikeouts,player_prop,pitcher_k,NYY,KC,DraftKings,draftkings,ba00397c03fc2b6ae2ee60c76dbab901,Over,over,5.5,-149,MLB|pitcher_strikeouts|name:cam schlittler|over|5.5,MLB|pitcher_strikeouts|name:cam schlittler|over|5.5|draftkings,xgboost_champion,champion,pitcher_k_model_v1,mlb_pitcher_props_policy_v1,5.8146586418151855,5.8146586418151855,2.5316442501056864,9.097673033524686,3.283014391709499,0.3146586418151855,False,,,,6,,,2026-05-27T10:46:56.053157-04:00,current_workflow
2026-05-26|ridge_challenger|2026-05-26|MLB|pitcher_strikeouts|name:cam schlittler|over|5.5|fanduel,2026-05-26|MLB|pitcher_strikeouts|name:cam schlittler|over|5.5|fanduel,2026-05-26,cam schlittler,mlbam_player:693645,mlbam_player:693645,693645,mlbam_player,cam schlittler,MLB,pitcher_strikeouts,player_prop,pitcher_k,NYY,KC,FanDuel,fanduel,ba00397c03fc2b6ae2ee60c76dbab901,Over,over,5.5,-154,MLB|pitcher_strikeouts|name:cam schlittler|over|5.5,MLB|pitcher_strikeouts|name:cam schlittler|over|5.5|fanduel,ridge_challenger,challenger,single_stage_direct_count_regression_ridge_shadow_alpha_0.01,mlb_pitcher_props_policy_v1,5.782293105740654,5.782293105740654,2.4417662108767133,9.122820000604596,3.3405268948639404,0.2822931057406537,False,,,,6,,,2026-05-27T10:46:56.053157-04:00,current_workflow
2026-05-26|xgboost_champion|2026-05-26|MLB|pitcher_strikeouts|name:cam schlittler|over|5.5|fanduel,2026-05-26|MLB|pitcher_strikeouts|name:cam schlittler|over|5.5|fanduel,2026-05-26,cam schlittler,mlbam_player:693645,mlbam_player:693645,693645,mlbam_player,cam schlittler,MLB,pitcher_strikeouts,player_prop,pitcher_k,NYY,KC,FanDuel,fanduel,ba00397c03fc2b6ae2ee60c76dbab901,Over,over,5.5,-154,MLB|pitcher_strikeouts|name:cam schlittler|over|5.5,MLB|pitcher_strikeouts|name:cam schlittler|over|5.5|fanduel,xgboost_champion,champion,pitcher_k_model_v1,mlb_pitcher_props_policy_v1,5.8146586418151855,5.8146586418151855,2.5316442501056864,9.097673033524686,3.283014391709499,0.3146586418151855,False,,,,6,,,2026-05-27T10:46:56.053157-04:00,current_workflow
2026-05-26|ridge_challenger|2026-05-26|MLB|pitcher_strikeouts|name:cam schlittler|over|6.5|betmgm,2026-05-26|MLB|pitcher_strikeouts|name:cam schlittler|over|6.5|betmgm,2026-05-26,cam schlittler,mlbam_player:693645,mlbam_player:693645,693645,mlbam_player,cam schlittler,MLB,pitcher_strikeouts,player_prop,pitcher_k,NYY,KC,BetMGM,betmgm,ba00397c03fc2b6ae2ee60c76dbab901,Over,over,6.5,115,MLB|pitcher_strikeouts|name:cam schlittler|over|6.5,MLB|pitcher_strikeouts|name:cam schlittler|over|6.5|betmgm,ridge_challenger,challenger,single_stage_direct_count_regression_ridge_shadow_alpha_0.01,mlb_pitcher_props_policy_v1,5.782293105740654,5.782293105740654,2.4417662108767133,9.122820000604596,3.3405268948639404,-0.7177068942593463,False,,,,6,,,2026-05-27T10:46:56.053157-04:00,current_workflow
2026-05-26|xgboost_champion|2026-05-26|MLB|pitcher_strikeouts|name:cam schlittler|over|6.5|betmgm,2026-05-26|MLB|pitcher_strikeouts|name:cam schlittler|over|6.5|betmgm,2026-05-26,cam schlittler,mlbam_player:693645,mlbam_player:693645,693645,mlbam_player,cam schlittler,MLB,pitcher_strikeouts,player_prop,pitcher_k,NYY,KC,BetMGM,betmgm,ba00397c03fc2b6ae2ee60c76dbab901,Over,over,6.5,115,MLB|pitcher_strikeouts|name:cam schlittler|over|6.5,MLB|pitcher_strikeouts|name:cam schlittler|over|6.5|betmgm,xgboost_champion,champion,pitcher_k_model_v1,mlb_pitcher_props_policy_v1,5.8146586418151855,5.8146586418151855,2.5316442501056864,9.097673033524686,3.283014391709499,-0.6853413581848145,False,,,,6,,,2026-05-27T10:46:56.053157-04:00,current_workflow
2026-05-26|ridge_challenger|2026-05-26|MLB|pitcher_strikeouts|name:cam schlittler|under|5.5|draftkings,2026-05-26|MLB|pitcher_strikeouts|name:cam schlittler|under|5.5|draftkings,2026-05-26,cam schlittler,mlbam_player:693645,mlbam_player:693645,693645,mlbam_player,cam schlittler,MLB,pitcher_strikeouts,player_prop,pitcher_k,NYY,KC,DraftKings,draftkings,ba00397c03fc2b6ae2ee60c76dbab901,Under,under,5.5,117,MLB|pitcher_strikeouts|name:cam schlittler|under|5.5,MLB|pitcher_strikeouts|name:cam schlittler|under|5.5|draftkings,ridge_challenger,challenger,single_stage_direct_count_regression_ridge_shadow_alpha_0.01,mlb_pitcher_props_policy_v1,5.782293105740654,5.782293105740654,2.4417662108767133,9.122820000604596,3.3405268948639404,-0.2822931057406537,False,,,,6,,,2026-05-27T10:46:56.053157-04:00,current_workflow
2026-05-26|xgboost_champion|2026-05-26|MLB|pitcher_strikeouts|name:cam schlittler|under|5.5|draftkings,2026-05-26|MLB|pitcher_strikeouts|name:cam schlittler|under|5.5|draftkings,2026-05-26,cam schlittler,mlbam_player:693645,mlbam_player:693645,693645,mlbam_player,cam schlittler,MLB,pitcher_strikeouts,player_prop,pitcher_k,NYY,KC,DraftKings,draftkings,ba00397c03fc2b6ae2ee60c76dbab901,Under,under,5.5,117,MLB|pitcher_strikeouts|name:cam schlittler|under|5.5,MLB|pitcher_strikeouts|name:cam schlittler|under|5.5|draftkings,xgboost_champion,champion,pitcher_k_model_v1,mlb_pitcher_props_policy_v1,5.8146586418151855,5.8146586418151855,2.5316442501056864,9.097673033524686,3.283014391709499,-0.3146586418151855,False,,,,6,,,2026-05-27T10:46:56.053157-04:00,current_workflow
2026-05-26|ridge_challenger|2026-05-26|MLB|pitcher_strikeouts|name:cam schlittler|under|5.5|fanduel,2026-05-26|MLB|pitcher_strikeouts|name:cam schlittler|under|5.5|fanduel,2026-05-26,cam schlittler,mlbam_player:693645,mlbam_player:693645,693645,mlbam_player,cam schlittler,MLB,pitcher_strikeouts,player_prop,pitcher_k,NYY,KC,FanDuel,fanduel,ba00397c03fc2b6ae2ee60c76dbab901,Under,under,5.5,116,MLB|pitcher_strikeouts|name:cam schlittler|under|5.5,MLB|pitcher_strikeouts|name:cam schlittler|under|5.5|fanduel,ridge_challenger,challenger,single_stage_direct_count_regression_ridge_shadow_alpha_0.01,mlb_pitcher_props_policy_v1,5.782293105740654,5.782293105740654,2.4417662108767133,9.122820000604596,3.3405268948639404,-0.2822931057406537,False,,,,6,,,2026-05-27T10:46:56.053157-04:00,current_workflow
2026-05-26|xgboost_champion|2026-05-26|MLB|pitcher_strikeouts|name:cam schlittler|under|5.5|fanduel,2026-05-26|MLB|pitcher_strikeouts|name:cam schlittler|under|5.5|fanduel,2026-05-26,cam schlittler,mlbam_player:693645,mlbam_player:693645,693645,mlbam_player,cam schlittler,MLB,pitcher_strikeouts,player_prop,pitcher_k,NYY,KC,FanDuel,fanduel,ba00397c03fc2b6ae2ee60c76dbab901,Under,under,5.5,116,MLB|pitcher_strikeouts|name:cam schlittler|under|5.5,MLB|pitcher_strikeouts|name:cam schlittler|under|5.5|fanduel,xgboost_champion,champion,pitcher_k_model_v1,mlb_pitcher_props_policy_v1,5.8146586418151855,5.8146586418151855,2.5316442501056864,9.097673033524686,3.283014391709499,-0.3146586418151855,False,,,,6,,,2026-05-27T10:46:56.053157-04:00,current_workflow
2026-05-26|ridge_challenger|2026-05-26|MLB|pitcher_strikeouts|name:cam schlittler|under|6.5|betmgm,2026-05-26|MLB|pitcher_strikeouts|name:cam schlittler|under|6.5|betmgm,2026-05-26,cam schlittler,mlbam_player:693645,mlbam_player:693645,693645,mlbam_player,cam schlittler,MLB,pitcher_strikeouts,player_prop,pitcher_k,NYY,KC,BetMGM,betmgm,ba00397c03fc2b6ae2ee60c76dbab901,Under,under,6.5,-155,MLB|pitcher_strikeouts|name:cam schlittler|under|6.5,MLB|pitcher_strikeouts|name:cam schlittler|under|6.5|betmgm,ridge_challenger,challenger,single_stage_direct_count_regression_ridge_shadow_alpha_0.01,mlb_pitcher_props_policy_v1,5.782293105740654,5.782293105740654,2.4417662108767133,9.122820000604596,3.3405268948639404,0.7177068942593463,True,14.0,lean,low,6,W,0.6451612903225806,2026-05-27T10:46:56.053157-04:00,current_workflow
2026-05-26|xgboost_champion|2026-05-26|MLB|pitcher_strikeouts|name:cam schlittler|under|6.5|betmgm,2026-05-26|MLB|pitcher_strikeouts|name:cam schlittler|under|6.5|betmgm,2026-05-26,cam schlittler,mlbam_player:693645,mlbam_player:693645,693645,mlbam_player,cam schlittler,MLB,pitcher_strikeouts,player_prop,pitcher_k,NYY,KC,BetMGM,betmgm,ba00397c03fc2b6ae2ee60c76dbab901,Under,under,6.5,-155,MLB|pitcher_strikeouts|name:cam schlittler|under|6.5,MLB|pitcher_strikeouts|name:cam schlittler|under|6.5|betmgm,xgboost_champion,champion,pitcher_k_model_v1,mlb_pitcher_props_policy_v1,5.8146586418151855,5.8146586418151855,2.5316442501056864,9.097673033524686,3.283014391709499,0.6853413581848145,True,13.0,lean,low,6,W,0.6451612903225806,2026-05-27T10:46:56.053157-04:00,current_workflow
2026-05-26|ridge_challenger|2026-05-26|MLB|pitcher_strikeouts|name:chase burns|over|6.5|betmgm,2026-05-26|MLB|pitcher_strikeouts|name:chase burns|over|6.5|betmgm,2026-05-26,chase burns,mlbam_player:695505,mlbam_player:695505,695505,mlbam_player,chase burns,MLB,pitcher_strikeouts,player_prop,pitcher_k,CIN,NYM,BetMGM,betmgm,42ec808f3f2b51bde3830094a2d31f59,Over,over,6.5,-110,MLB|pitcher_strikeouts|name:chase burns|over|6.5,MLB|pitcher_strikeouts|name:chase burns|over|6.5|betmgm,ridge_challenger,challenger,single_stage_direct_count_regression_ridge_shadow_alpha_0.01,mlb_pitcher_props_policy_v1,8.052431300736275,8.052431300736275,6.164652110529618,9.940210490942931,1.887779190206658,1.552431300736275,True,2.0,official,high,8,W,0.9090909090909092,2026-05-27T10:46:56.053157-04:00,current_workflow
2026-05-26|xgboost_champion|2026-05-26|MLB|pitcher_strikeouts|name:chase burns|over|6.5|betmgm,2026-05-26|MLB|pitcher_strikeouts|name:chase burns|over|6.5|betmgm,2026-05-26,chase burns,mlbam_player:695505,mlbam_player:695505,695505,mlbam_player,chase burns,MLB,pitcher_strikeouts,player_prop,pitcher_k,CIN,NYM,BetMGM,betmgm,42ec808f3f2b51bde3830094a2d31f59,Over,over,6.5,-110,MLB|pitcher_strikeouts|name:chase burns|over|6.5,MLB|pitcher_strikeouts|name:chase burns|over|6.5|betmgm,xgboost_champion,champion,pitcher_k_model_v1,mlb_pitcher_props_policy_v1,7.362545013427734,7.362545013427734,5.507266955542021,9.217823071313449,1.855278057885713,0.8625450134277344,True,8.0,official,medium,8,W,0.9090909090909092,2026-05-27T10:46:56.053157-04:00,current_workflow
2026-05-26|ridge_challenger|2026-05-26|MLB|pitcher_strikeouts|name:chase burns|over|6.5|draftkings,2026-05-26|MLB|pitcher_strikeouts|name:chase burns|over|6.5|draftkings,2026-05-26,chase burns,mlbam_player:695505,mlbam_player:695505,695505,mlbam_player,chase burns,MLB,pitcher_strikeouts,player_prop,pitcher_k,CIN,NYM,DraftKings,draftkings,42ec808f3f2b51bde3830094a2d31f59,Over,over,6.5,-111,MLB|pitcher_strikeouts|name:chase burns|over|6.5,MLB|pitcher_strikeouts|name:chase burns|over|6.5|draftkings,ridge_challenger,challenger,single_stage_direct_count_regression_ridge_shadow_alpha_0.01,mlb_pitcher_props_policy_v1,8.052431300736275,8.052431300736275,6.164652110529618,9.940210490942931,1.887779190206658,1.552431300736275,False,,,,8,,,2026-05-27T10:46:56.053157-04:00,current_workflow
2026-05-26|xgboost_champion|2026-05-26|MLB|pitcher_strikeouts|name:chase burns|over|6.5|draftkings,2026-05-26|MLB|pitcher_strikeouts|name:chase burns|over|6.5|draftkings,2026-05-26,chase burns,mlbam_player:695505,mlbam_player:695505,695505,mlbam_player,chase burns,MLB,pitcher_strikeouts,player_prop,pitcher_k,CIN,NYM,DraftKings,draftkings,42ec808f3f2b51bde3830094a2d31f59,Over,over,6.5,-111,MLB|pitcher_strikeouts|name:chase burns|over|6.5,MLB|pitcher_strikeouts|name:chase burns|over|6.5|draftkings,xgboost_champion,champion,pitcher_k_model_v1,mlb_pitcher_props_policy_v1,7.362545013427734,7.362545013427734,5.507266955542021,9.217823071313449,1.855278057885713,0.8625450134277344,False,,,,8,,,2026-05-27T10:46:56.053157-04:00,current_workflow
2026-05-26|ridge_challenger|2026-05-26|MLB|pitcher_strikeouts|name:chase burns|over|6.5|fanduel,2026-05-26|MLB|pitcher_strikeouts|name:chase burns|over|6.5|fanduel,2026-05-26,chase burns,mlbam_player:695505,mlbam_player:695505,695505,mlbam_player,chase burns,MLB,pitcher_strikeouts,player_prop,pitcher_k,CIN,NYM,FanDuel,fanduel,42ec808f3f2b51bde3830094a2d31f59,Over,over,6.5,-118,MLB|pitcher_strikeouts|name:chase burns|over|6.5,MLB|pitcher_strikeouts|name:chase burns|over|6.5|fanduel,ridge_challenger,challenger,single_stage_direct_count_regression_ridge_shadow_alpha_0.01,mlb_pitcher_props_policy_v1,8.052431300736275,8.052431300736275,6.164652110529618,9.940210490942931,1.887779190206658,1.552431300736275,False,,,,8,,,2026-05-27T10:46:56.053157-04:00,current_workflow
2026-05-26|xgboost_champion|2026-05-26|MLB|pitcher_strikeouts|name:chase burns|over|6.5|fanduel,2026-05-26|MLB|pitcher_strikeouts|name:chase burns|over|6.5|fanduel,2026-05-26,chase burns,mlbam_player:695505,mlbam_player:695505,695505,mlbam_player,chase burns,MLB,pitcher_strikeouts,player_prop,pitcher_k,CIN,NYM,FanDuel,fanduel,42ec808f3f2b51bde3830094a2d31f59,Over,over,6.5,-118,MLB|pitcher_strikeouts|name:chase burns|over|6.5,MLB|pitcher_strikeouts|name:chase burns|over|6.5|fanduel,xgboost_champion,champion,pitcher_k_model_v1,mlb_pitcher_props_policy_v1,7.362545013427734,7.362545013427734,5.507266955542021,9.217823071313449,1.855278057885713,0.8625450134277344,False,,,,8,,,2026-05-27T10:46:56.053157-04:00,current_workflow
2026-05-26|ridge_challenger|2026-05-26|MLB|pitcher_strikeouts|name:chase burns|under|6.5|betmgm,2026-05-26|MLB|pitcher_strikeouts|name:chase burns|under|6.5|betmgm,2026-05-26,chase burns,mlbam_player:695505,mlbam_player:695505,695505,mlbam_player,chase burns,MLB,pitcher_strikeouts,player_prop,pitcher_k,CIN,NYM,BetMGM,betmgm,42ec808f3f2b51bde3830094a2d31f59,Under,under,6.5,-120,MLB|pitcher_strikeouts|name:chase burns|under|6.5,MLB|pitcher_strikeouts|name:chase burns|under|6.5|betmgm,ridge_challenger,challenger,single_stage_direct_count_regression_ridge_shadow_alpha_0.01,mlb_pitcher_props_policy_v1,8.052431300736275,8.052431300736275,6.164652110529618,9.940210490942931,1.887779190206658,-1.552431300736275,False,,,,8,,,2026-05-27T10:46:56.053157-04:00,current_workflow
2026-05-26|xgboost_champion|2026-05-26|MLB|pitcher_strikeouts|name:chase burns|under|6.5|betmgm,2026-05-26|MLB|pitcher_strikeouts|name:chase burns|under|6.5|betmgm,2026-05-26,chase burns,mlbam_player:695505,mlbam_player:695505,695505,mlbam_player,chase burns,MLB,pitcher_strikeouts,player_prop,pitcher_k,CIN,NYM,BetMGM,betmgm,42ec808f3f2b51bde3830094a2d31f59,Under,under,6.5,-120,MLB|pitcher_strikeouts|name:chase burns|under|6.5,MLB|pitcher_strikeouts|name:chase burns|under|6.5|betmgm,xgboost_champion,champion,pitcher_k_model_v1,mlb_pitcher_props_policy_v1,7.362545013427734,7.362545013427734,5.507266955542021,9.217823071313449,1.855278057885713,-0.8625450134277344,False,,,,8,,,2026-05-27T10:46:56.053157-04:00,current_workflow
2026-05-26|ridge_challenger|2026-05-26|MLB|pitcher_strikeouts|name:chase burns|under|6.5|draftkings,2026-05-26|MLB|pitcher_strikeouts|name:chase burns|under|6.5|draftkings,2026-05-26,chase burns,mlbam_player:695505,mlbam_player:695505,695505,mlbam_player,chase burns,MLB,pitcher_strikeouts,player_prop,pitcher_k,CIN,NYM,DraftKings,draftkings,42ec808f3f2b51bde3830094a2d31f59,Under,under,6.5,-115,MLB|pitcher_strikeouts|name:chase burns|under|6.5,MLB|pitcher_strikeouts|name:chase burns|under|6.5|draftkings,ridge_challenger,challenger,single_stage_direct_count_regression_ridge_shadow_alpha_0.01,mlb_pitcher_props_policy_v1,8.052431300736275,8.052431300736275,6.164652110529618,9.940210490942931,1.887779190206658,-1.552431300736275,False,,,,8,,,2026-05-27T10:46:56.053157-04:00,current_workflow
2026-05-26|xgboost_champion|2026-05-26|MLB|pitcher_strikeouts|name:chase burns|under|6.5|draftkings,2026-05-26|MLB|pitcher_strikeouts|name:chase burns|under|6.5|draftkings,2026-05-26,chase burns,mlbam_player:695505,mlbam_player:695505,695505,mlbam_player,chase burns,MLB,pitcher_strikeouts,player_prop,pitcher_k,CIN,NYM,DraftKings,draftkings,42ec808f3f2b51bde3830094a2d31f59,Under,under,6.5,-115,MLB|pitcher_strikeouts|name:chase burns|under|6.5,MLB|pitcher_strikeouts|name:chase burns|under|6.5|draftkings,xgboost_champion,champion,pitcher_k_model_v1,mlb_pitcher_props_policy_v1,7.362545013427734,7.362545013427734,5.507266955542021,9.217823071313449,1.855278057885713,-0.8625450134277344,False,,,,8,,,2026-05-27T10:46:56.053157-04:00,current_workflow
2026-05-26|ridge_challenger|2026-05-26|MLB|pitcher_strikeouts|name:chase burns|under|6.5|fanduel,2026-05-26|MLB|pitcher_strikeouts|name:chase burns|under|6.5|fanduel,2026-05-26,chase burns,mlbam_player:695505,mlbam_player:695505,695505,mlbam_player,chase burns,MLB,pitcher_strikeouts,player_prop,pitcher_k,CIN,NYM,FanDuel,fanduel,42ec808f3f2b51bde3830094a2d31f59,Under,under,6.5,-114,MLB|pitcher_strikeouts|name:chase burns|under|6.5,MLB|pitcher_strikeouts|name:chase burns|under|6.5|fanduel,ridge_challenger,challenger,single_stage_direct_count_regression_ridge_shadow_alpha_0.01,mlb_pitcher_props_policy_v1,8.052431300736275,8.052431300736275,6.164652110529618,9.940210490942931,1.887779190206658,-1.552431300736275,False,,,,8,,,2026-05-27T10:46:56.053157-04:00,current_workflow
2026-05-26|xgboost_champion|2026-05-26|MLB|pitcher_strikeouts|name:chase burns|under|6.5|fanduel,2026-05-26|MLB|pitcher_strikeouts|name:chase burns|under|6.5|fanduel,2026-05-26,chase burns,mlbam_player:695505,mlbam_player:695505,695505,mlbam_player,chase burns,MLB,pitcher_strikeouts,player_prop,pitcher_k,CIN,NYM,FanDuel,fanduel,42ec808f3f2b51bde3830094a2d31f59,Under,under,6.5,-114,MLB|pitcher_strikeouts|name:chase burns|under|6.5,MLB|pitcher_strikeouts|name:chase burns|under|6.5|fanduel,xgboost_champion,champion,pitcher_k_model_v1,mlb_pitcher_props_policy_v1,7.362545013427734,7.362545013427734,5.507266955542021,9.217823071313449,1.855278057885713,-0.8625450134277344,False,,,,8,,,2026-05-27T10:46:56.053157-04:00,current_workflow
2026-05-26|ridge_challenger|2026-05-26|MLB|pitcher_strikeouts|name:eduardo rodriguez|over|4.5|betmgm,2026-05-26|MLB|pitcher_strikeouts|name:eduardo rodriguez|over|4.5|betmgm,2026-05-26,eduardo rodriguez,mlbam_player:593958,mlbam_player:593958,593958,mlbam_player,eduardo rodriguez,MLB,pitcher_strikeouts,player_prop,pitcher_k,AZ,SF,BetMGM,betmgm,178bf0e15a0e6812cdf47d0523e51ac7,Over,over,4.5,105,MLB|pitcher_strikeouts|name:eduardo rodriguez|over|4.5,MLB|pitcher_strikeouts|name:eduardo rodriguez|over|4.5|betmgm,ridge_challenger,challenger,single_stage_direct_count_regression_ridge_shadow_alpha_0.01,mlb_pitcher_props_policy_v1,4.724416687774568,4.724416687774568,2.02962538327218,7.419207992276956,2.694791304502388,0.2244166877745677,False,,,,6,,,2026-05-27T10:46:56.053157-04:00,current_workflow
2026-05-26|xgboost_champion|2026-05-26|MLB|pitcher_strikeouts|name:eduardo rodriguez|over|4.5|betmgm,2026-05-26|MLB|pitcher_strikeouts|name:eduardo rodriguez|over|4.5|betmgm,2026-05-26,eduardo rodriguez,mlbam_player:593958,mlbam_player:593958,593958,mlbam_player,eduardo rodriguez,MLB,pitcher_strikeouts,player_prop,pitcher_k,AZ,SF,BetMGM,betmgm,178bf0e15a0e6812cdf47d0523e51ac7,Over,over,4.5,105,MLB|pitcher_strikeouts|name:eduardo rodriguez|over|4.5,MLB|pitcher_strikeouts|name:eduardo rodriguez|over|4.5|betmgm,xgboost_champion,champion,pitcher_k_model_v1,mlb_pitcher_props_policy_v1,4.617453098297119,4.617453098297119,1.969056927939301,7.265849268654938,2.648396170357818,0.1174530982971191,False,,,,6,,,2026-05-27T10:46:56.053157-04:00,current_workflow
2026-05-26|ridge_challenger|2026-05-26|MLB|pitcher_strikeouts|name:eduardo rodriguez|over|4.5|draftkings,2026-05-26|MLB|pitcher_strikeouts|name:eduardo rodriguez|over|4.5|draftkings,2026-05-26,eduardo rodriguez,mlbam_player:593958,mlbam_player:593958,593958,mlbam_player,eduardo rodriguez,MLB,pitcher_strikeouts,player_prop,pitcher_k,AZ,SF,DraftKings,draftkings,178bf0e15a0e6812cdf47d0523e51ac7,Over,over,4.5,-102,MLB|pitcher_strikeouts|name:eduardo rodriguez|over|4.5,MLB|pitcher_strikeouts|name:eduardo rodriguez|over|4.5|draftkings,ridge_challenger,challenger,single_stage_direct_count_regression_ridge_shadow_alpha_0.01,mlb_pitcher_props_policy_v1,4.724416687774568,4.724416687774568,2.02962538327218,7.419207992276956,2.694791304502388,0.2244166877745677,False,,,,6,,,2026-05-27T10:46:56.053157-04:00,current_workflow
2026-05-26|xgboost_champion|2026-05-26|MLB|pitcher_strikeouts|name:eduardo rodriguez|over|4.5|draftkings,2026-05-26|MLB|pitcher_strikeouts|name:eduardo rodriguez|over|4.5|draftkings,2026-05-26,eduardo rodriguez,mlbam_player:593958,mlbam_player:593958,593958,mlbam_player,eduardo rodriguez,MLB,pitcher_strikeouts,player_prop,pitcher_k,AZ,SF,DraftKings,draftkings,178bf0e15a0e6812cdf47d0523e51ac7,Over,over,4.5,-102,MLB|pitcher_strikeouts|name:eduardo rodriguez|over|4.5,MLB|pitcher_strikeouts|name:eduardo rodriguez|over|4.5|draftkings,xgboost_champion,champion,pitcher_k_model_v1,mlb_pitcher_props_policy_v1,4.617453098297119,4.617453098297119,1.969056927939301,7.265849268654938,2.648396170357818,0.1174530982971191,False,,,,6,,,2026-05-27T10:46:56.053157-04:00,current_workflow
2026-05-26|ridge_challenger|2026-05-26|MLB|pitcher_strikeouts|name:eduardo rodriguez|over|4.5|fanduel,2026-05-26|MLB|pitcher_strikeouts|name:eduardo rodriguez|over|4.5|fanduel,2026-05-26,eduardo rodriguez,mlbam_player:593958,mlbam_player:593958,593958,mlbam_player,eduardo rodriguez,MLB,pitcher_strikeouts,player_prop,pitcher_k,AZ,SF,FanDuel,fanduel,178bf0e15a0e6812cdf47d0523e51ac7,Over,over,4.5,-110,MLB|pitcher_strikeouts|name:eduardo rodriguez|over|4.5,MLB|pitcher_strikeouts|name:eduardo rodriguez|over|4.5|fanduel,ridge_challenger,challenger,single_stage_direct_count_regression_ridge_shadow_alpha_0.01,mlb_pitcher_props_policy_v1,4.724416687774568,4.724416687774568,2.02962538327218,7.419207992276956,2.694791304502388,0.2244166877745677,False,,,,6,,,2026-05-27T10:46:56.053157-04:00,current_workflow
2026-05-26|xgboost_champion|2026-05-26|MLB|pitcher_strikeouts|name:eduardo rodriguez|over|4.5|fanduel,2026-05-26|MLB|pitcher_strikeouts|name:eduardo rodriguez|over|4.5|fanduel,2026-05-26,eduardo rodriguez,mlbam_player:593958,mlbam_player:593958,593958,mlbam_player,eduardo rodriguez,MLB,pitcher_strikeouts,player_prop,pitcher_k,AZ,SF,FanDuel,fanduel,178bf0e15a0e6812cdf47d0523e51ac7,Over,over,4.5,-110,MLB|pitcher_strikeouts|name:eduardo rodriguez|over|4.5,MLB|pitcher_strikeouts|name:eduardo rodriguez|over|4.5|fanduel,xgboost_champion,champion,pitcher_k_model_v1,mlb_pitcher_props_policy_v1,4.617453098297119,4.617453098297119,1.969056927939301,7.265849268654938,2.648396170357818,0.1174530982971191,False,,,,6,,,2026-05-27T10:46:56.053157-04:00,current_workflow
2026-05-26|ridge_challenger|2026-05-26|MLB|pitcher_strikeouts|name:eduardo rodriguez|under|4.5|betmgm,2026-05-26|MLB|pitcher_strikeouts|name:eduardo rodriguez|under|4.5|betmgm,2026-05-26,eduardo rodriguez,mlbam_player:593958,mlbam_player:593958,593958,mlbam_player,eduardo rodriguez,MLB,pitcher_strikeouts,player_prop,pitcher_k,AZ,SF,BetMGM,betmgm,178bf0e15a0e6812cdf47d0523e51ac7,Under,under,4.5,-140,MLB|pitcher_strikeouts|name:eduardo rodriguez|under|4.5,MLB|pitcher_strikeouts|name:eduardo rodriguez|under|4.5|betmgm,ridge_challenger,challenger,single_stage_direct_count_regression_ridge_shadow_alpha_0.01,mlb_pitcher_props_policy_v1,4.724416687774568,4.724416687774568,2.02962538327218,7.419207992276956,2.694791304502388,-0.2244166877745677,False,,,,6,,,2026-05-27T10:46:56.053157-04:00,current_workflow
2026-05-26|xgboost_champion|2026-05-26|MLB|pitcher_strikeouts|name:eduardo rodriguez|under|4.5|betmgm,2026-05-26|MLB|pitcher_strikeouts|name:eduardo rodriguez|under|4.5|betmgm,2026-05-26,eduardo rodriguez,mlbam_player:593958,mlbam_player:593958,593958,mlbam_player,eduardo rodriguez,MLB,pitcher_strikeouts,player_prop,pitcher_k,AZ,SF,BetMGM,betmgm,178bf0e15a0e6812cdf47d0523e51ac7,Under,under,4.5,-140,MLB|pitcher_strikeouts|name:eduardo rodriguez|under|4.5,MLB|pitcher_strikeouts|name:eduardo rodriguez|under|4.5|betmgm,xgboost_champion,champion,pitcher_k_model_v1,mlb_pitcher_props_policy_v1,4.617453098297119,4.617453098297119,1.969056927939301,7.265849268654938,2.648396170357818,-0.1174530982971191,False,,,,6,,,2026-05-27T10:46:56.053157-04:00,current_workflow
2026-05-26|ridge_challenger|2026-05-26|MLB|pitcher_strikeouts|name:eduardo rodriguez|under|4.5|draftkings,2026-05-26|MLB|pitcher_strikeouts|name:eduardo rodriguez|under|4.5|draftkings,2026-05-26,eduardo rodriguez,mlbam_player:593958,mlbam_player:593958,593958,mlbam_player,eduardo rodriguez,MLB,pitcher_strikeouts,player_prop,pitcher_k,AZ,SF,DraftKings,draftkings,178bf0e15a0e6812cdf47d0523e51ac7,Under,under,4.5,-125,MLB|pitcher_strikeouts|name:eduardo rodriguez|under|4.5,MLB|pitcher_strikeouts|name:eduardo rodriguez|under|4.5|draftkings,ridge_challenger,challenger,single_stage_direct_count_regression_ridge_shadow_alpha_0.01,mlb_pitcher_props_policy_v1,4.724416687774568,4.724416687774568,2.02962538327218,7.419207992276956,2.694791304502388,-0.2244166877745677,False,,,,6,,,2026-05-27T10:46:56.053157-04:00,current_workflow
2026-05-26|xgboost_champion|2026-05-26|MLB|pitcher_strikeouts|name:eduardo rodriguez|under|4.5|draftkings,2026-05-26|MLB|pitcher_strikeouts|name:eduardo rodriguez|under|4.5|draftkings,2026-05-26,eduardo rodriguez,mlbam_player:593958,mlbam_player:593958,593958,mlbam_player,eduardo rodriguez,MLB,pitcher_strikeouts,player_prop,pitcher_k,AZ,SF,DraftKings,draftkings,178bf0e15a0e6812cdf47d0523e51ac7,Under,under,4.5,-125,MLB|pitcher_strikeouts|name:eduardo rodriguez|under|4.5,MLB|pitcher_strikeouts|name:eduardo rodriguez|under|4.5|draftkings,xgboost_champion,champion,pitcher_k_model_v1,mlb_pitcher_props_policy_v1,4.617453098297119,4.617453098297119,1.969056927939301,7.265849268654938,2.648396170357818,-0.1174530982971191,False,,,,6,,,2026-05-27T10:46:56.053157-04:00,current_workflow
2026-05-26|ridge_challenger|2026-05-26|MLB|pitcher_strikeouts|name:eduardo rodriguez|under|4.5|fanduel,2026-05-26|MLB|pitcher_strikeouts|name:eduardo rodriguez|under|4.5|fanduel,2026-05-26,eduardo rodriguez,mlbam_player:593958,mlbam_player:593958,593958,mlbam_player,eduardo rodriguez,MLB,pitcher_strikeouts,player_prop,pitcher_k,AZ,SF,FanDuel,fanduel,178bf0e15a0e6812cdf47d0523e51ac7,Under,under,4.5,-120,MLB|pitcher_strikeouts|name:eduardo rodriguez|under|4.5,MLB|pitcher_strikeouts|name:eduardo rodriguez|under|4.5|fanduel,ridge_challenger,challenger,single_stage_direct_count_regression_ridge_shadow_alpha_0.01,mlb_pitcher_props_policy_v1,4.724416687774568,4.724416687774568,2.02962538327218,7.419207992276956,2.694791304502388,-0.2244166877745677,False,,,,6,,,2026-05-27T10:46:56.053157-04:00,current_workflow
2026-05-26|xgboost_champion|2026-05-26|MLB|pitcher_strikeouts|name:eduardo rodriguez|under|4.5|fanduel,2026-05-26|MLB|pitcher_strikeouts|name:eduardo rodriguez|under|4.5|fanduel,2026-05-26,eduardo rodriguez,mlbam_player:593958,mlbam_player:593958,593958,mlbam_player,eduardo rodriguez,MLB,pitcher_strikeouts,player_prop,pitcher_k,AZ,SF,FanDuel,fanduel,178bf0e15a0e6812cdf47d0523e51ac7,Under,under,4.5,-120,MLB|pitcher_strikeouts|name:eduardo rodriguez|under|4.5,MLB|pitcher_strikeouts|name:eduardo rodriguez|under|4.5|fanduel,xgboost_champion,champion,pitcher_k_model_v1,mlb_pitcher_props_policy_v1,4.617453098297119,4.617453098297119,1.969056927939301,7.265849268654938,2.648396170357818,-0.1174530982971191,False,,,,6,,,2026-05-27T10:46:56.053157-04:00,current_workflow
2026-05-26|ridge_challenger|2026-05-26|MLB|pitcher_strikeouts|name:emerson hancock|over|4.5|betmgm,2026-05-26|MLB|pitcher_strikeouts|name:emerson hancock|over|4.5|betmgm,2026-05-26,emerson hancock,mlbam_player:676106,mlbam_player:676106,676106,mlbam_player,emerson hancock,MLB,pitcher_strikeouts,player_prop,pitcher_k,SEA,ATH,BetMGM,betmgm,a688baa4f466d96e091e81af30a03a59,Over,over,4.5,-135,MLB|pitcher_strikeouts|name:emerson hancock|over|4.5,MLB|pitcher_strikeouts|name:emerson hancock|over|4.5|betmgm,ridge_challenger,challenger,single_stage_direct_count_regression_ridge_shadow_alpha_0.01,mlb_pitcher_props_policy_v1,4.535773083880987,4.535773083880987,1.8590073415797688,7.212538826182206,2.676765742301218,0.0357730838809873,False,,,,3,,,2026-05-27T10:46:56.053157-04:00,current_workflow
2026-05-26|xgboost_champion|2026-05-26|MLB|pitcher_strikeouts|name:emerson hancock|over|4.5|betmgm,2026-05-26|MLB|pitcher_strikeouts|name:emerson hancock|over|4.5|betmgm,2026-05-26,emerson hancock,mlbam_player:676106,mlbam_player:676106,676106,mlbam_player,emerson hancock,MLB,pitcher_strikeouts,player_prop,pitcher_k,SEA,ATH,BetMGM,betmgm,a688baa4f466d96e091e81af30a03a59,Over,over,4.5,-135,MLB|pitcher_strikeouts|name:emerson hancock|over|4.5,MLB|pitcher_strikeouts|name:emerson hancock|over|4.5|betmgm,xgboost_champion,champion,pitcher_k_model_v1,mlb_pitcher_props_policy_v1,4.240579605102539,4.240579605102539,1.6098986581174413,6.871260552087637,2.630680946985098,-0.2594203948974609,False,,,,3,,,2026-05-27T10:46:56.053157-04:00,current_workflow
2026-05-26|ridge_challenger|2026-05-26|MLB|pitcher_strikeouts|name:emerson hancock|over|4.5|draftkings,2026-05-26|MLB|pitcher_strikeouts|name:emerson hancock|over|4.5|draftkings,2026-05-26,emerson hancock,mlbam_player:676106,mlbam_player:676106,676106,mlbam_player,emerson hancock,MLB,pitcher_strikeouts,player_prop,pitcher_k,SEA,ATH,DraftKings,draftkings,a688baa4f466d96e091e81af30a03a59,Over,over,4.5,-123,MLB|pitcher_strikeouts|name:emerson hancock|over|4.5,MLB|pitcher_strikeouts|name:emerson hancock|over|4.5|draftkings,ridge_challenger,challenger,single_stage_direct_count_regression_ridge_shadow_alpha_0.01,mlb_pitcher_props_policy_v1,4.535773083880987,4.535773083880987,1.8590073415797688,7.212538826182206,2.676765742301218,0.0357730838809873,False,,,,3,,,2026-05-27T10:46:56.053157-04:00,current_workflow
2026-05-26|xgboost_champion|2026-05-26|MLB|pitcher_strikeouts|name:emerson hancock|over|4.5|draftkings,2026-05-26|MLB|pitcher_strikeouts|name:emerson hancock|over|4.5|draftkings,2026-05-26,emerson hancock,mlbam_player:676106,mlbam_player:676106,676106,mlbam_player,emerson hancock,MLB,pitcher_strikeouts,player_prop,pitcher_k,SEA,ATH,DraftKings,draftkings,a688baa4f466d96e091e81af30a03a59,Over,over,4.5,-123,MLB|pitcher_strikeouts|name:emerson hancock|over|4.5,MLB|pitcher_strikeouts|name:emerson hancock|over|4.5|draftkings,xgboost_champion,champion,pitcher_k_model_v1,mlb_pitcher_props_policy_v1,4.240579605102539,4.240579605102539,1.6098986581174413,6.871260552087637,2.630680946985098,-0.2594203948974609,False,,,,3,,,2026-05-27T10:46:56.053157-04:00,current_workflow
2026-05-26|ridge_challenger|2026-05-26|MLB|pitcher_strikeouts|name:emerson hancock|over|4.5|fanduel,2026-05-26|MLB|pitcher_strikeouts|name:emerson hancock|over|4.5|fanduel,2026-05-26,emerson hancock,mlbam_player:676106,mlbam_player:676106,676106,mlbam_player,emerson hancock,MLB,pitcher_strikeouts,player_prop,pitcher_k,SEA,ATH,FanDuel,fanduel,a688baa4f466d96e091e81af30a03a59,Over,over,4.5,-132,MLB|pitcher_strikeouts|name:emerson hancock|over|4.5,MLB|pitcher_strikeouts|name:emerson hancock|over|4.5|fanduel,ridge_challenger,challenger,single_stage_direct_count_regression_ridge_shadow_alpha_0.01,mlb_pitcher_props_policy_v1,4.535773083880987,4.535773083880987,1.8590073415797688,7.212538826182206,2.676765742301218,0.0357730838809873,False,,,,3,,,2026-05-27T10:46:56.053157-04:00,current_workflow
2026-05-26|xgboost_champion|2026-05-26|MLB|pitcher_strikeouts|name:emerson hancock|over|4.5|fanduel,2026-05-26|MLB|pitcher_strikeouts|name:emerson hancock|over|4.5|fanduel,2026-05-26,emerson hancock,mlbam_player:676106,mlbam_player:676106,676106,mlbam_player,emerson hancock,MLB,pitcher_strikeouts,player_prop,pitcher_k,SEA,ATH,FanDuel,fanduel,a688baa4f466d96e091e81af30a03a59,Over,over,4.5,-132,MLB|pitcher_strikeouts|name:emerson hancock|over|4.5,MLB|pitcher_strikeouts|name:emerson hancock|over|4.5|fanduel,xgboost_champion,champion,pitcher_k_model_v1,mlb_pitcher_props_policy_v1,4.240579605102539,4.240579605102539,1.6098986581174413,6.871260552087637,2.630680946985098,-0.2594203948974609,False,,,,3,,,2026-05-27T10:46:56.053157-04:00,current_workflow
2026-05-26|ridge_challenger|2026-05-26|MLB|pitcher_strikeouts|name:emerson hancock|under|4.5|betmgm,2026-05-26|MLB|pitcher_strikeouts|name:emerson hancock|under|4.5|betmgm,2026-05-26,emerson hancock,mlbam_player:676106,mlbam_player:676106,676106,mlbam_player,emerson hancock,MLB,pitcher_strikeouts,player_prop,pitcher_k,SEA,ATH,BetMGM,betmgm,a688baa4f466d96e091e81af30a03a59,Under,under,4.5,100,MLB|pitcher_strikeouts|name:emerson hancock|under|4.5,MLB|pitcher_strikeouts|name:emerson hancock|under|4.5|betmgm,ridge_challenger,challenger,single_stage_direct_count_regression_ridge_shadow_alpha_0.01,mlb_pitcher_props_policy_v1,4.535773083880987,4.535773083880987,1.8590073415797688,7.212538826182206,2.676765742301218,-0.0357730838809873,False,,,,3,,,2026-05-27T10:46:56.053157-04:00,current_workflow
2026-05-26|xgboost_champion|2026-05-26|MLB|pitcher_strikeouts|name:emerson hancock|under|4.5|betmgm,2026-05-26|MLB|pitcher_strikeouts|name:emerson hancock|under|4.5|betmgm,2026-05-26,emerson hancock,mlbam_player:676106,mlbam_player:676106,676106,mlbam_player,emerson hancock,MLB,pitcher_strikeouts,player_prop,pitcher_k,SEA,ATH,BetMGM,betmgm,a688baa4f466d96e091e81af30a03a59,Under,under,4.5,100,MLB|pitcher_strikeouts|name:emerson hancock|under|4.5,MLB|pitcher_strikeouts|name:emerson hancock|under|4.5|betmgm,xgboost_champion,champion,pitcher_k_model_v1,mlb_pitcher_props_policy_v1,4.240579605102539,4.240579605102539,1.6098986581174413,6.871260552087637,2.630680946985098,0.2594203948974609,False,,,,3,,,2026-05-27T10:46:56.053157-04:00,current_workflow
2026-05-26|ridge_challenger|2026-05-26|MLB|pitcher_strikeouts|name:emerson hancock|under|4.5|draftkings,2026-05-26|MLB|pitcher_strikeouts|name:emerson hancock|under|4.5|draftkings,2026-05-26,emerson hancock,mlbam_player:676106,mlbam_player:676106,676106,mlbam_player,emerson hancock,MLB,pitcher_strikeouts,player_prop,pitcher_k,SEA,ATH,DraftKings,draftkings,a688baa4f466d96e091e81af30a03a59,Under,under,4.5,-103,MLB|pitcher_strikeouts|name:emerson hancock|under|4.5,MLB|pitcher_strikeouts|name:emerson hancock|under|4.5|draftkings,ridge_challenger,challenger,single_stage_direct_count_regression_ridge_shadow_alpha_0.01,mlb_pitcher_props_policy_v1,4.535773083880987,4.535773083880987,1.8590073415797688,7.212538826182206,2.676765742301218,-0.0357730838809873,False,,,,3,,,2026-05-27T10:46:56.053157-04:00,current_workflow
2026-05-26|xgboost_champion|2026-05-26|MLB|pitcher_strikeouts|name:emerson hancock|under|4.5|draftkings,2026-05-26|MLB|pitcher_strikeouts|name:emerson hancock|under|4.5|draftkings,2026-05-26,emerson hancock,mlbam_player:676106,mlbam_player:676106,676106,mlbam_player,emerson hancock,MLB,pitcher_strikeouts,player_prop,pitcher_k,SEA,ATH,DraftKings,draftkings,a688baa4f466d96e091e81af30a03a59,Under,under,4.5,-103,MLB|pitcher_strikeouts|name:emerson hancock|under|4.5,MLB|pitcher_strikeouts|name:emerson hancock|under|4.5|draftkings,xgboost_champion,champion,pitcher_k_model_v1,mlb_pitcher_props_policy_v1,4.240579605102539,4.240579605102539,1.6098986581174413,6.871260552087637,2.630680946985098,0.2594203948974609,False,,,,3,,,2026-05-27T10:46:56.053157-04:00,current_workflow
2026-05-26|ridge_challenger|2026-05-26|MLB|pitcher_strikeouts|name:emerson hancock|under|4.5|fanduel,2026-05-26|MLB|pitcher_strikeouts|name:emerson hancock|under|4.5|fanduel,2026-05-26,emerson hancock,mlbam_player:676106,mlbam_player:676106,676106,mlbam_player,emerson hancock,MLB,pitcher_strikeouts,player_prop,pitcher_k,SEA,ATH,FanDuel,fanduel,a688baa4f466d96e091e81af30a03a59,Under,under,4.5,100,MLB|pitcher_strikeouts|name:emerson hancock|under|4.5,MLB|pitcher_strikeouts|name:emerson hancock|under|4.5|fanduel,ridge_challenger,challenger,single_stage_direct_count_regression_ridge_shadow_alpha_0.01,mlb_pitcher_props_policy_v1,4.535773083880987,4.535773083880987,1.8590073415797688,7.212538826182206,2.676765742301218,-0.0357730838809873,False,,,,3,,,2026-05-27T10:46:56.053157-04:00,current_workflow
2026-05-26|xgboost_champion|2026-05-26|MLB|pitcher_strikeouts|name:emerson hancock|under|4.5|fanduel,2026-05-26|MLB|pitcher_strikeouts|name:emerson hancock|under|4.5|fanduel,2026-05-26,emerson hancock,mlbam_player:676106,mlbam_player:676106,676106,mlbam_player,emerson hancock,MLB,pitcher_strikeouts,player_prop,pitcher_k,SEA,ATH,FanDuel,fanduel,a688baa4f466d96e091e81af30a03a59,Under,under,4.5,100,MLB|pitcher_strikeouts|name:emerson hancock|under|4.5,MLB|pitcher_strikeouts|name:emerson hancock|under|4.5|fanduel,xgboost_champion,champion,pitcher_k_model_v1,mlb_pitcher_props_policy_v1,4.240579605102539,4.240579605102539,1.6098986581174413,6.871260552087637,2.630680946985098,0.2594203948974609,False,,,,3,,,2026-05-27T10:46:56.053157-04:00,current_workflow
2026-05-26|ridge_challenger|2026-05-26|MLB|pitcher_strikeouts|name:jack kochanowicz|over|3.5|betmgm,2026-05-26|MLB|pitcher_strikeouts|name:jack kochanowicz|over|3.5|betmgm,2026-05-26,jack kochanowicz,mlbam_player:686799,mlbam_player:686799,686799,mlbam_player,jack kochanowicz,MLB,pitcher_strikeouts,player_prop,pitcher_k,LAA,DET,BetMGM,betmgm,6c64b931bb7cda75b570159a5a4ed328,Over,over,3.5,-125,MLB|pitcher_strikeouts|name:jack kochanowicz|over|3.5,MLB|pitcher_strikeouts|name:jack kochanowicz|over|3.5|betmgm,ridge_challenger,challenger,single_stage_direct_count_regression_ridge_shadow_alpha_0.01,mlb_pitcher_props_policy_v1,4.27648662016799,4.27648662016799,1.149289967878084,7.403683272457896,3.127196652289906,0.7764866201679901,True,11.0,official,medium,4,W,0.8,2026-05-27T10:46:56.053157-04:00,current_workflow
2026-05-26|xgboost_champion|2026-05-26|MLB|pitcher_strikeouts|name:jack kochanowicz|over|3.5|betmgm,2026-05-26|MLB|pitcher_strikeouts|name:jack kochanowicz|over|3.5|betmgm,2026-05-26,jack kochanowicz,mlbam_player:686799,mlbam_player:686799,686799,mlbam_player,jack kochanowicz,MLB,pitcher_strikeouts,player_prop,pitcher_k,LAA,DET,BetMGM,betmgm,6c64b931bb7cda75b570159a5a4ed328,Over,over,3.5,-125,MLB|pitcher_strikeouts|name:jack kochanowicz|over|3.5,MLB|pitcher_strikeouts|name:jack kochanowicz|over|3.5|betmgm,xgboost_champion,champion,pitcher_k_model_v1,mlb_pitcher_props_policy_v1,3.958519697189331,3.958519697189331,0.8851627273776308,7.031876667001031,3.0733569698117003,0.458519697189331,True,16.0,lean,low,4,W,0.8,2026-05-27T10:46:56.053157-04:00,current_workflow
2026-05-26|ridge_challenger|2026-05-26|MLB|pitcher_strikeouts|name:jack kochanowicz|over|3.5|draftkings,2026-05-26|MLB|pitcher_strikeouts|name:jack kochanowicz|over|3.5|draftkings,2026-05-26,jack kochanowicz,mlbam_player:686799,mlbam_player:686799,686799,mlbam_player,jack kochanowicz,MLB,pitcher_strikeouts,player_prop,pitcher_k,LAA,DET,DraftKings,draftkings,6c64b931bb7cda75b570159a5a4ed328,Over,over,3.5,-141,MLB|pitcher_strikeouts|name:jack kochanowicz|over|3.5,MLB|pitcher_strikeouts|name:jack kochanowicz|over|3.5|draftkings,ridge_challenger,challenger,single_stage_direct_count_regression_ridge_shadow_alpha_0.01,mlb_pitcher_props_policy_v1,4.27648662016799,4.27648662016799,1.149289967878084,7.403683272457896,3.127196652289906,0.7764866201679901,False,,,,4,,,2026-05-27T10:46:56.053157-04:00,current_workflow
2026-05-26|xgboost_champion|2026-05-26|MLB|pitcher_strikeouts|name:jack kochanowicz|over|3.5|draftkings,2026-05-26|MLB|pitcher_strikeouts|name:jack kochanowicz|over|3.5|draftkings,2026-05-26,jack kochanowicz,mlbam_player:686799,mlbam_player:686799,686799,mlbam_player,jack kochanowicz,MLB,pitcher_strikeouts,player_prop,pitcher_k,LAA,DET,DraftKings,draftkings,6c64b931bb7cda75b570159a5a4ed328,Over,over,3.5,-141,MLB|pitcher_strikeouts|name:jack kochanowicz|over|3.5,MLB|pitcher_strikeouts|name:jack kochanowicz|over|3.5|draftkings,xgboost_champion,champion,pitcher_k_model_v1,mlb_pitcher_props_policy_v1,3.958519697189331,3.958519697189331,0.8851627273776308,7.031876667001031,3.0733569698117003,0.458519697189331,False,,,,4,,,2026-05-27T10:46:56.053157-04:00,current_workflow
2026-05-26|ridge_challenger|2026-05-26|MLB|pitcher_strikeouts|name:jack kochanowicz|over|3.5|fanduel,2026-05-26|MLB|pitcher_strikeouts|name:jack kochanowicz|over|3.5|fanduel,2026-05-26,jack kochanowicz,mlbam_player:686799,mlbam_player:686799,686799,mlbam_player,jack kochanowicz,MLB,pitcher_strikeouts,player_prop,pitcher_k,LAA,DET,FanDuel,fanduel,6c64b931bb7cda75b570159a5a4ed328,Over,over,3.5,-136,MLB|pitcher_strikeouts|name:jack kochanowicz|over|3.5,MLB|pitcher_strikeouts|name:jack kochanowicz|over|3.5|fanduel,ridge_challenger,challenger,single_stage_direct_count_regression_ridge_shadow_alpha_0.01,mlb_pitcher_props_policy_v1,4.27648662016799,4.27648662016799,1.149289967878084,7.403683272457896,3.127196652289906,0.7764866201679901,False,,,,4,,,2026-05-27T10:46:56.053157-04:00,current_workflow
2026-05-26|xgboost_champion|2026-05-26|MLB|pitcher_strikeouts|name:jack kochanowicz|over|3.5|fanduel,2026-05-26|MLB|pitcher_strikeouts|name:jack kochanowicz|over|3.5|fanduel,2026-05-26,jack kochanowicz,mlbam_player:686799,mlbam_player:686799,686799,mlbam_player,jack kochanowicz,MLB,pitcher_strikeouts,player_prop,pitcher_k,LAA,DET,FanDuel,fanduel,6c64b931bb7cda75b570159a5a4ed328,Over,over,3.5,-136,MLB|pitcher_strikeouts|name:jack kochanowicz|over|3.5,MLB|pitcher_strikeouts|name:jack kochanowicz|over|3.5|fanduel,xgboost_champion,champion,pitcher_k_model_v1,mlb_pitcher_props_policy_v1,3.958519697189331,3.958519697189331,0.8851627273776308,7.031876667001031,3.0733569698117003,0.458519697189331,False,,,,4,,,2026-05-27T10:46:56.053157-04:00,current_workflow
2026-05-26|ridge_challenger|2026-05-26|MLB|pitcher_strikeouts|name:jack kochanowicz|under|3.5|betmgm,2026-05-26|MLB|pitcher_strikeouts|name:jack kochanowicz|under|3.5|betmgm,2026-05-26,jack kochanowicz,mlbam_player:686799,mlbam_player:686799,686799,mlbam_player,jack kochanowicz,MLB,pitcher_strikeouts,player_prop,pitcher_k,LAA,DET,BetMGM,betmgm,6c64b931bb7cda75b570159a5a4ed328,Under,under,3.5,-105,MLB|pitcher_strikeouts|name:jack kochanowicz|under|3.5,MLB|pitcher_strikeouts|name:jack kochanowicz|under|3.5|betmgm,ridge_challenger,challenger,single_stage_direct_count_regression_ridge_shadow_alpha_0.01,mlb_pitcher_props_policy_v1,4.27648662016799,4.27648662016799,1.149289967878084,7.403683272457896,3.127196652289906,-0.7764866201679901,False,,,,4,,,2026-05-27T10:46:56.053157-04:00,current_workflow
2026-05-26|xgboost_champion|2026-05-26|MLB|pitcher_strikeouts|name:jack kochanowicz|under|3.5|betmgm,2026-05-26|MLB|pitcher_strikeouts|name:jack kochanowicz|under|3.5|betmgm,2026-05-26,jack kochanowicz,mlbam_player:686799,mlbam_player:686799,686799,mlbam_player,jack kochanowicz,MLB,pitcher_strikeouts,player_prop,pitcher_k,LAA,DET,BetMGM,betmgm,6c64b931bb7cda75b570159a5a4ed328,Under,under,3.5,-105,MLB|pitcher_strikeouts|name:jack kochanowicz|under|3.5,MLB|pitcher_strikeouts|name:jack kochanowicz|under|3.5|betmgm,xgboost_champion,champion,pitcher_k_model_v1,mlb_pitcher_props_policy_v1,3.958519697189331,3.958519697189331,0.8851627273776308,7.031876667001031,3.0733569698117003,-0.458519697189331,False,,,,4,,,2026-05-27T10:46:56.053157-04:00,current_workflow
2026-05-26|ridge_challenger|2026-05-26|MLB|pitcher_strikeouts|name:jack kochanowicz|under|3.5|draftkings,2026-05-26|MLB|pitcher_strikeouts|name:jack kochanowicz|under|3.5|draftkings,2026-05-26,jack kochanowicz,mlbam_player:686799,mlbam_player:686799,686799,mlbam_player,jack kochanowicz,MLB,pitcher_strikeouts,player_prop,pitcher_k,LAA,DET,DraftKings,draftkings,6c64b931bb7cda75b570159a5a4ed328,Under,under,3.5,111,MLB|pitcher_strikeouts|name:jack kochanowicz|under|3.5,MLB|pitcher_strikeouts|name:jack kochanowicz|under|3.5|draftkings,ridge_challenger,challenger,single_stage_direct_count_regression_ridge_shadow_alpha_0.01,mlb_pitcher_props_policy_v1,4.27648662016799,4.27648662016799,1.149289967878084,7.403683272457896,3.127196652289906,-0.7764866201679901,False,,,,4,,,2026-05-27T10:46:56.053157-04:00,current_workflow
2026-05-26|xgboost_champion|2026-05-26|MLB|pitcher_strikeouts|name:jack kochanowicz|under|3.5|draftkings,2026-05-26|MLB|pitcher_strikeouts|name:jack kochanowicz|under|3.5|draftkings,2026-05-26,jack kochanowicz,mlbam_player:686799,mlbam_player:686799,686799,mlbam_player,jack kochanowicz,MLB,pitcher_strikeouts,player_prop,pitcher_k,LAA,DET,DraftKings,draftkings,6c64b931bb7cda75b570159a5a4ed328,Under,under,3.5,111,MLB|pitcher_strikeouts|name:jack kochanowicz|under|3.5,MLB|pitcher_strikeouts|name:jack kochanowicz|under|3.5|draftkings,xgboost_champion,champion,pitcher_k_model_v1,mlb_pitcher_props_policy_v1,3.958519697189331,3.958519697189331,0.8851627273776308,7.031876667001031,3.0733569698117003,-0.458519697189331,False,,,,4,,,2026-05-27T10:46:56.053157-04:00,current_workflow
2026-05-26|ridge_challenger|2026-05-26|MLB|pitcher_strikeouts|name:jack kochanowicz|under|3.5|fanduel,2026-05-26|MLB|pitcher_strikeouts|name:jack kochanowicz|under|3.5|fanduel,2026-05-26,jack kochanowicz,mlbam_player:686799,mlbam_player:686799,686799,mlbam_player,jack kochanowicz,MLB,pitcher_strikeouts,player_prop,pitcher_k,LAA,DET,FanDuel,fanduel,6c64b931bb7cda75b570159a5a4ed328,Under,under,3.5,102,MLB|pitcher_strikeouts|name:jack kochanowicz|under|3.5,MLB|pitcher_strikeouts|name:jack kochanowicz|under|3.5|fanduel,ridge_challenger,challenger,single_stage_direct_count_regression_ridge_shadow_alpha_0.01,mlb_pitcher_props_policy_v1,4.27648662016799,4.27648662016799,1.149289967878084,7.403683272457896,3.127196652289906,-0.7764866201679901,False,,,,4,,,2026-05-27T10:46:56.053157-04:00,current_workflow
2026-05-26|xgboost_champion|2026-05-26|MLB|pitcher_strikeouts|name:jack kochanowicz|under|3.5|fanduel,2026-05-26|MLB|pitcher_strikeouts|name:jack kochanowicz|under|3.5|fanduel,2026-05-26,jack kochanowicz,mlbam_player:686799,mlbam_player:686799,686799,mlbam_player,jack kochanowicz,MLB,pitcher_strikeouts,player_prop,pitcher_k,LAA,DET,FanDuel,fanduel,6c64b931bb7cda75b570159a5a4ed328,Under,under,3.5,102,MLB|pitcher_strikeouts|name:jack kochanowicz|under|3.5,MLB|pitcher_strikeouts|name:jack kochanowicz|under|3.5|fanduel,xgboost_champion,champion,pitcher_k_model_v1,mlb_pitcher_props_policy_v1,3.958519697189331,3.958519697189331,0.8851627273776308,7.031876667001031,3.0733569698117003,-0.458519697189331,False,,,,4,,,2026-05-27T10:46:56.053157-04:00,current_workflow
2026-05-26|ridge_challenger|2026-05-26|MLB|pitcher_strikeouts|name:jack leiter|over|5.5|betmgm,2026-05-26|MLB|pitcher_strikeouts|name:jack leiter|over|5.5|betmgm,2026-05-26,jack leiter,mlbam_player:683004,mlbam_player:683004,683004,mlbam_player,jack leiter,MLB,pitcher_strikeouts,player_prop,pitcher_k,TEX,HOU,BetMGM,betmgm,d8d4e1b2c44eb56c7b6ab81de4f6b385,Over,over,5.5,-115,MLB|pitcher_strikeouts|name:jack leiter|over|5.5,MLB|pitcher_strikeouts|name:jack leiter|over|5.5|betmgm,ridge_challenger,challenger,single_stage_direct_count_regression_ridge_shadow_alpha_0.01,mlb_pitcher_props_policy_v1,5.813375220441482,5.813375220441482,1.768195159274259,9.858555281608703,4.045180061167223,0.3133752204414817,False,,,,4,,,2026-05-27T10:46:56.053157-04:00,current_workflow
2026-05-26|xgboost_champion|2026-05-26|MLB|pitcher_strikeouts|name:jack leiter|over|5.5|betmgm,2026-05-26|MLB|pitcher_strikeouts|name:jack leiter|over|5.5|betmgm,2026-05-26,jack leiter,mlbam_player:683004,mlbam_player:683004,683004,mlbam_player,jack leiter,MLB,pitcher_strikeouts,player_prop,pitcher_k,TEX,HOU,BetMGM,betmgm,d8d4e1b2c44eb56c7b6ab81de4f6b385,Over,over,5.5,-115,MLB|pitcher_strikeouts|name:jack leiter|over|5.5,MLB|pitcher_strikeouts|name:jack leiter|over|5.5|betmgm,xgboost_champion,champion,pitcher_k_model_v1,mlb_pitcher_props_policy_v1,5.447797775268555,5.447797775268555,1.4722619463887177,9.423333604148391,3.975535828879837,-0.0522022247314453,False,,,,4,,,2026-05-27T10:46:56.053157-04:00,current_workflow
2026-05-26|ridge_challenger|2026-05-26|MLB|pitcher_strikeouts|name:jack leiter|over|5.5|draftkings,2026-05-26|MLB|pitcher_strikeouts|name:jack leiter|over|5.5|draftkings,2026-05-26,jack leiter,mlbam_player:683004,mlbam_player:683004,683004,mlbam_player,jack leiter,MLB,pitcher_strikeouts,player_prop,pitcher_k,TEX,HOU,DraftKings,draftkings,d8d4e1b2c44eb56c7b6ab81de4f6b385,Over,over,5.5,101,MLB|pitcher_strikeouts|name:jack leiter|over|5.5,MLB|pitcher_strikeouts|name:jack leiter|over|5.5|draftkings,ridge_challenger,challenger,single_stage_direct_count_regression_ridge_shadow_alpha_0.01,mlb_pitcher_props_policy_v1,5.813375220441482,5.813375220441482,1.768195159274259,9.858555281608703,4.045180061167223,0.3133752204414817,False,,,,4,,,2026-05-27T10:46:56.053157-04:00,current_workflow
2026-05-26|xgboost_champion|2026-05-26|MLB|pitcher_strikeouts|name:jack leiter|over|5.5|draftkings,2026-05-26|MLB|pitcher_strikeouts|name:jack leiter|over|5.5|draftkings,2026-05-26,jack leiter,mlbam_player:683004,mlbam_player:683004,683004,mlbam_player,jack leiter,MLB,pitcher_strikeouts,player_prop,pitcher_k,TEX,HOU,DraftKings,draftkings,d8d4e1b2c44eb56c7b6ab81de4f6b385,Over,over,5.5,101,MLB|pitcher_strikeouts|name:jack leiter|over|5.5,MLB|pitcher_strikeouts|name:jack leiter|over|5.5|draftkings,xgboost_champion,champion,pitcher_k_model_v1,mlb_pitcher_props_policy_v1,5.447797775268555,5.447797775268555,1.4722619463887177,9.423333604148391,3.975535828879837,-0.0522022247314453,False,,,,4,,,2026-05-27T10:46:56.053157-04:00,current_workflow
2026-05-26|ridge_challenger|2026-05-26|MLB|pitcher_strikeouts|name:jack leiter|over|5.5|fanduel,2026-05-26|MLB|pitcher_strikeouts|name:jack leiter|over|5.5|fanduel,2026-05-26,jack leiter,mlbam_player:683004,mlbam_player:683004,683004,mlbam_player,jack leiter,MLB,pitcher_strikeouts,player_prop,pitcher_k,TEX,HOU,FanDuel,fanduel,d8d4e1b2c44eb56c7b6ab81de4f6b385,Over,over,5.5,-105,MLB|pitcher_strikeouts|name:jack leiter|over|5.5,MLB|pitcher_strikeouts|name:jack leiter|over|5.5|fanduel,ridge_challenger,challenger,single_stage_direct_count_regression_ridge_shadow_alpha_0.01,mlb_pitcher_props_policy_v1,5.813375220441482,5.813375220441482,1.768195159274259,9.858555281608703,4.045180061167223,0.3133752204414817,False,,,,4,,,2026-05-27T10:46:56.053157-04:00,current_workflow
2026-05-26|xgboost_champion|2026-05-26|MLB|pitcher_strikeouts|name:jack leiter|over|5.5|fanduel,2026-05-26|MLB|pitcher_strikeouts|name:jack leiter|over|5.5|fanduel,2026-05-26,jack leiter,mlbam_player:683004,mlbam_player:683004,683004,mlbam_player,jack leiter,MLB,pitcher_strikeouts,player_prop,pitcher_k,TEX,HOU,FanDuel,fanduel,d8d4e1b2c44eb56c7b6ab81de4f6b385,Over,over,5.5,-105,MLB|pitcher_strikeouts|name:jack leiter|over|5.5,MLB|pitcher_strikeouts|name:jack leiter|over|5.5|fanduel,xgboost_champion,champion,pitcher_k_model_v1,mlb_pitcher_props_policy_v1,5.447797775268555,5.447797775268555,1.4722619463887177,9.423333604148391,3.975535828879837,-0.0522022247314453,False,,,,4,,,2026-05-27T10:46:56.053157-04:00,current_workflow
2026-05-26|ridge_challenger|2026-05-26|MLB|pitcher_strikeouts|name:jack leiter|under|5.5|betmgm,2026-05-26|MLB|pitcher_strikeouts|name:jack leiter|under|5.5|betmgm,2026-05-26,jack leiter,mlbam_player:683004,mlbam_player:683004,683004,mlbam_player,jack leiter,MLB,pitcher_strikeouts,player_prop,pitcher_k,TEX,HOU,BetMGM,betmgm,d8d4e1b2c44eb56c7b6ab81de4f6b385,Under,under,5.5,-115,MLB|pitcher_strikeouts|name:jack leiter|under|5.5,MLB|pitcher_strikeouts|name:jack leiter|under|5.5|betmgm,ridge_challenger,challenger,single_stage_direct_count_regression_ridge_shadow_alpha_0.01,mlb_pitcher_props_policy_v1,5.813375220441482,5.813375220441482,1.768195159274259,9.858555281608703,4.045180061167223,-0.3133752204414817,False,,,,4,,,2026-05-27T10:46:56.053157-04:00,current_workflow
2026-05-26|xgboost_champion|2026-05-26|MLB|pitcher_strikeouts|name:jack leiter|under|5.5|betmgm,2026-05-26|MLB|pitcher_strikeouts|name:jack leiter|under|5.5|betmgm,2026-05-26,jack leiter,mlbam_player:683004,mlbam_player:683004,683004,mlbam_player,jack leiter,MLB,pitcher_strikeouts,player_prop,pitcher_k,TEX,HOU,BetMGM,betmgm,d8d4e1b2c44eb56c7b6ab81de4f6b385,Under,under,5.5,-115,MLB|pitcher_strikeouts|name:jack leiter|under|5.5,MLB|pitcher_strikeouts|name:jack leiter|under|5.5|betmgm,xgboost_champion,champion,pitcher_k_model_v1,mlb_pitcher_props_policy_v1,5.447797775268555,5.447797775268555,1.4722619463887177,9.423333604148391,3.975535828879837,0.0522022247314453,False,,,,4,,,2026-05-27T10:46:56.053157-04:00,current_workflow
2026-05-26|ridge_challenger|2026-05-26|MLB|pitcher_strikeouts|name:jack leiter|under|5.5|draftkings,2026-05-26|MLB|pitcher_strikeouts|name:jack leiter|under|5.5|draftkings,2026-05-26,jack leiter,mlbam_player:683004,mlbam_player:683004,683004,mlbam_player,jack leiter,MLB,pitcher_strikeouts,player_prop,pitcher_k,TEX,HOU,DraftKings,draftkings,d8d4e1b2c44eb56c7b6ab81de4f6b385,Under,under,5.5,-128,MLB|pitcher_strikeouts|name:jack leiter|under|5.5,MLB|pitcher_strikeouts|name:jack leiter|under|5.5|draftkings,ridge_challenger,challenger,single_stage_direct_count_regression_ridge_shadow_alpha_0.01,mlb_pitcher_props_policy_v1,5.813375220441482,5.813375220441482,1.768195159274259,9.858555281608703,4.045180061167223,-0.3133752204414817,False,,,,4,,,2026-05-27T10:46:56.053157-04:00,current_workflow
2026-05-26|xgboost_champion|2026-05-26|MLB|pitcher_strikeouts|name:jack leiter|under|5.5|draftkings,2026-05-26|MLB|pitcher_strikeouts|name:jack leiter|under|5.5|draftkings,2026-05-26,jack leiter,mlbam_player:683004,mlbam_player:683004,683004,mlbam_player,jack leiter,MLB,pitcher_strikeouts,player_prop,pitcher_k,TEX,HOU,DraftKings,draftkings,d8d4e1b2c44eb56c7b6ab81de4f6b385,Under,under,5.5,-128,MLB|pitcher_strikeouts|name:jack leiter|under|5.5,MLB|pitcher_strikeouts|name:jack leiter|under|5.5|draftkings,xgboost_champion,champion,pitcher_k_model_v1,mlb_pitcher_props_policy_v1,5.447797775268555,5.447797775268555,1.4722619463887177,9.423333604148391,3.975535828879837,0.0522022247314453,False,,,,4,,,2026-05-27T10:46:56.053157-04:00,current_workflow
2026-05-26|ridge_challenger|2026-05-26|MLB|pitcher_strikeouts|name:jack leiter|under|5.5|fanduel,2026-05-26|MLB|pitcher_strikeouts|name:jack leiter|under|5.5|fanduel,2026-05-26,jack leiter,mlbam_player:683004,mlbam_player:683004,683004,mlbam_player,jack leiter,MLB,pitcher_strikeouts,player_prop,pitcher_k,TEX,HOU,FanDuel,fanduel,d8d4e1b2c44eb56c7b6ab81de4f6b385,Under,under,5.5,-115,MLB|pitcher_strikeouts|name:jack leiter|under|5.5,MLB|pitcher_strikeouts|name:jack leiter|under|5.5|fanduel,ridge_challenger,challenger,single_stage_direct_count_regression_ridge_shadow_alpha_0.01,mlb_pitcher_props_policy_v1,5.813375220441482,5.813375220441482,1.768195159274259,9.858555281608703,4.045180061167223,-0.3133752204414817,False,,,,4,,,2026-05-27T10:46:56.053157-04:00,current_workflow
2026-05-26|xgboost_champion|2026-05-26|MLB|pitcher_strikeouts|name:jack leiter|under|5.5|fanduel,2026-05-26|MLB|pitcher_strikeouts|name:jack leiter|under|5.5|fanduel,2026-05-26,jack leiter,mlbam_player:683004,mlbam_player:683004,683004,mlbam_player,jack leiter,MLB,pitcher_strikeouts,player_prop,pitcher_k,TEX,HOU,FanDuel,fanduel,d8d4e1b2c44eb56c7b6ab81de4f6b385,Under,under,5.5,-115,MLB|pitcher_strikeouts|name:jack leiter|under|5.5,MLB|pitcher_strikeouts|name:jack leiter|under|5.5|fanduel,xgboost_champion,champion,pitcher_k_model_v1,mlb_pitcher_props_policy_v1,5.447797775268555,5.447797775268555,1.4722619463887177,9.423333604148391,3.975535828879837,0.0522022247314453,False,,,,4,,,2026-05-27T10:46:56.053157-04:00,current_workflow
2026-05-26|ridge_challenger|2026-05-26|MLB|pitcher_strikeouts|name:jason alexander|over|3.5|betmgm,2026-05-26|MLB|pitcher_strikeouts|name:jason alexander|over|3.5|betmgm,2026-05-26,jason alexander,mlbam_player:669920,mlbam_player:669920,669920,mlbam_player,jason alexander,MLB,pitcher_strikeouts,player_prop,pitcher_k,HOU,TEX,BetMGM,betmgm,d8d4e1b2c44eb56c7b6ab81de4f6b385,Over,over,3.5,-135,MLB|pitcher_strikeouts|name:jason alexander|over|3.5,MLB|pitcher_strikeouts|name:jason alexander|over|3.5|betmgm,ridge_challenger,challenger,single_stage_direct_count_regression_ridge_shadow_alpha_0.01,mlb_pitcher_props_policy_v1,4.819445677645673,4.819445677645673,2.3107315013835006,7.328159853907845,2.5087141762621723,1.3194456776456729,False,,,,4,,,2026-05-27T10:46:56.053157-04:00,current_workflow
2026-05-26|xgboost_champion|2026-05-26|MLB|pitcher_strikeouts|name:jason alexander|over|3.5|betmgm,2026-05-26|MLB|pitcher_strikeouts|name:jason alexander|over|3.5|betmgm,2026-05-26,jason alexander,mlbam_player:669920,mlbam_player:669920,669920,mlbam_player,jason alexander,MLB,pitcher_strikeouts,player_prop,pitcher_k,HOU,TEX,BetMGM,betmgm,d8d4e1b2c44eb56c7b6ab81de4f6b385,Over,over,3.5,-135,MLB|pitcher_strikeouts|name:jason alexander|over|3.5,MLB|pitcher_strikeouts|name:jason alexander|over|3.5|betmgm,xgboost_champion,champion,pitcher_k_model_v1,mlb_pitcher_props_policy_v1,4.790078163146973,4.790078163146973,2.324555506221975,7.255600820071971,2.465522656924997,1.2900781631469729,False,,,,4,,,2026-05-27T10:46:56.053157-04:00,current_workflow
2026-05-26|ridge_challenger|2026-05-26|MLB|pitcher_strikeouts|name:jason alexander|over|3.5|draftkings,2026-05-26|MLB|pitcher_strikeouts|name:jason alexander|over|3.5|draftkings,2026-05-26,jason alexander,mlbam_player:669920,mlbam_player:669920,669920,mlbam_player,jason alexander,MLB,pitcher_strikeouts,player_prop,pitcher_k,HOU,TEX,DraftKings,draftkings,d8d4e1b2c44eb56c7b6ab81de4f6b385,Over,over,3.5,-106,MLB|pitcher_strikeouts|name:jason alexander|over|3.5,MLB|pitcher_strikeouts|name:jason alexander|over|3.5|draftkings,ridge_challenger,challenger,single_stage_direct_count_regression_ridge_shadow_alpha_0.01,mlb_pitcher_props_policy_v1,4.819445677645673,4.819445677645673,2.3107315013835006,7.328159853907845,2.5087141762621723,1.3194456776456729,True,4.0,official,high,4,W,0.9433962264150944,2026-05-27T10:46:56.053157-04:00,current_workflow
2026-05-26|xgboost_champion|2026-05-26|MLB|pitcher_strikeouts|name:jason alexander|over|3.5|draftkings,2026-05-26|MLB|pitcher_strikeouts|name:jason alexander|over|3.5|draftkings,2026-05-26,jason alexander,mlbam_player:669920,mlbam_player:669920,669920,mlbam_player,jason alexander,MLB,pitcher_strikeouts,player_prop,pitcher_k,HOU,TEX,DraftKings,draftkings,d8d4e1b2c44eb56c7b6ab81de4f6b385,Over,over,3.5,-106,MLB|pitcher_strikeouts|name:jason alexander|over|3.5,MLB|pitcher_strikeouts|name:jason alexander|over|3.5|draftkings,xgboost_champion,champion,pitcher_k_model_v1,mlb_pitcher_props_policy_v1,4.790078163146973,4.790078163146973,2.324555506221975,7.255600820071971,2.465522656924997,1.2900781631469729,True,4.0,official,high,4,W,0.9433962264150944,2026-05-27T10:46:56.053157-04:00,current_workflow
2026-05-26|ridge_challenger|2026-05-26|MLB|pitcher_strikeouts|name:jason alexander|over|3.5|fanduel,2026-05-26|MLB|pitcher_strikeouts|name:jason alexander|over|3.5|fanduel,2026-05-26,jason alexander,mlbam_player:669920,mlbam_player:669920,669920,mlbam_player,jason alexander,MLB,pitcher_strikeouts,player_prop,pitcher_k,HOU,TEX,FanDuel,fanduel,d8d4e1b2c44eb56c7b6ab81de4f6b385,Over,over,3.5,-120,MLB|pitcher_strikeouts|name:jason alexander|over|3.5,MLB|pitcher_strikeouts|name:jason alexander|over|3.5|fanduel,ridge_challenger,challenger,single_stage_direct_count_regression_ridge_shadow_alpha_0.01,mlb_pitcher_props_policy_v1,4.819445677645673,4.819445677645673,2.3107315013835006,7.328159853907845,2.5087141762621723,1.3194456776456729,False,,,,4,,,2026-05-27T10:46:56.053157-04:00,current_workflow
2026-05-26|xgboost_champion|2026-05-26|MLB|pitcher_strikeouts|name:jason alexander|over|3.5|fanduel,2026-05-26|MLB|pitcher_strikeouts|name:jason alexander|over|3.5|fanduel,2026-05-26,jason alexander,mlbam_player:669920,mlbam_player:669920,669920,mlbam_player,jason alexander,MLB,pitcher_strikeouts,player_prop,pitcher_k,HOU,TEX,FanDuel,fanduel,d8d4e1b2c44eb56c7b6ab81de4f6b385,Over,over,3.5,-120,MLB|pitcher_strikeouts|name:jason alexander|over|3.5,MLB|pitcher_strikeouts|name:jason alexander|over|3.5|fanduel,xgboost_champion,champion,pitcher_k_model_v1,mlb_pitcher_props_policy_v1,4.790078163146973,4.790078163146973,2.324555506221975,7.255600820071971,2.465522656924997,1.2900781631469729,False,,,,4,,,2026-05-27T10:46:56.053157-04:00,current_workflow
2026-05-26|ridge_challenger|2026-05-26|MLB|pitcher_strikeouts|name:jason alexander|under|3.5|betmgm,2026-05-26|MLB|pitcher_strikeouts|name:jason alexander|under|3.5|betmgm,2026-05-26,jason alexander,mlbam_player:669920,mlbam_player:669920,669920,mlbam_player,jason alexander,MLB,pitcher_strikeouts,player_prop,pitcher_k,HOU,TEX,BetMGM,betmgm,d8d4e1b2c44eb56c7b6ab81de4f6b385,Under,under,3.5,100,MLB|pitcher_strikeouts|name:jason alexander|under|3.5,MLB|pitcher_strikeouts|name:jason alexander|under|3.5|betmgm,ridge_challenger,challenger,single_stage_direct_count_regression_ridge_shadow_alpha_0.01,mlb_pitcher_props_policy_v1,4.819445677645673,4.819445677645673,2.3107315013835006,7.328159853907845,2.5087141762621723,-1.3194456776456729,False,,,,4,,,2026-05-27T10:46:56.053157-04:00,current_workflow
2026-05-26|xgboost_champion|2026-05-26|MLB|pitcher_strikeouts|name:jason alexander|under|3.5|betmgm,2026-05-26|MLB|pitcher_strikeouts|name:jason alexander|under|3.5|betmgm,2026-05-26,jason alexander,mlbam_player:669920,mlbam_player:669920,669920,mlbam_player,jason alexander,MLB,pitcher_strikeouts,player_prop,pitcher_k,HOU,TEX,BetMGM,betmgm,d8d4e1b2c44eb56c7b6ab81de4f6b385,Under,under,3.5,100,MLB|pitcher_strikeouts|name:jason alexander|under|3.5,MLB|pitcher_strikeouts|name:jason alexander|under|3.5|betmgm,xgboost_champion,champion,pitcher_k_model_v1,mlb_pitcher_props_policy_v1,4.790078163146973,4.790078163146973,2.324555506221975,7.255600820071971,2.465522656924997,-1.2900781631469729,False,,,,4,,,2026-05-27T10:46:56.053157-04:00,current_workflow
2026-05-26|ridge_challenger|2026-05-26|MLB|pitcher_strikeouts|name:jason alexander|under|3.5|draftkings,2026-05-26|MLB|pitcher_strikeouts|name:jason alexander|under|3.5|draftkings,2026-05-26,jason alexander,mlbam_player:669920,mlbam_player:669920,669920,mlbam_player,jason alexander,MLB,pitcher_strikeouts,player_prop,pitcher_k,HOU,TEX,DraftKings,draftkings,d8d4e1b2c44eb56c7b6ab81de4f6b385,Under,under,3.5,-120,MLB|pitcher_strikeouts|name:jason alexander|under|3.5,MLB|pitcher_strikeouts|name:jason alexander|under|3.5|draftkings,ridge_challenger,challenger,single_stage_direct_count_regression_ridge_shadow_alpha_0.01,mlb_pitcher_props_policy_v1,4.819445677645673,4.819445677645673,2.3107315013835006,7.328159853907845,2.5087141762621723,-1.3194456776456729,False,,,,4,,,2026-05-27T10:46:56.053157-04:00,current_workflow
2026-05-26|xgboost_champion|2026-05-26|MLB|pitcher_strikeouts|name:jason alexander|under|3.5|draftkings,2026-05-26|MLB|pitcher_strikeouts|name:jason alexander|under|3.5|draftkings,2026-05-26,jason alexander,mlbam_player:669920,mlbam_player:669920,669920,mlbam_player,jason alexander,MLB,pitcher_strikeouts,player_prop,pitcher_k,HOU,TEX,DraftKings,draftkings,d8d4e1b2c44eb56c7b6ab81de4f6b385,Under,under,3.5,-120,MLB|pitcher_strikeouts|name:jason alexander|under|3.5,MLB|pitcher_strikeouts|name:jason alexander|under|3.5|draftkings,xgboost_champion,champion,pitcher_k_model_v1,mlb_pitcher_props_policy_v1,4.790078163146973,4.790078163146973,2.324555506221975,7.255600820071971,2.465522656924997,-1.2900781631469729,False,,,,4,,,2026-05-27T10:46:56.053157-04:00,current_workflow
2026-05-26|ridge_challenger|2026-05-26|MLB|pitcher_strikeouts|name:jason alexander|under|3.5|fanduel,2026-05-26|MLB|pitcher_strikeouts|name:jason alexander|under|3.5|fanduel,2026-05-26,jason alexander,mlbam_player:669920,mlbam_player:669920,669920,mlbam_player,jason alexander,MLB,pitcher_strikeouts,player_prop,pitcher_k,HOU,TEX,FanDuel,fanduel,d8d4e1b2c44eb56c7b6ab81de4f6b385,Under,under,3.5,-110,MLB|pitcher_strikeouts|name:jason alexander|under|3.5,MLB|pitcher_strikeouts|name:jason alexander|under|3.5|fanduel,ridge_challenger,challenger,single_stage_direct_count_regression_ridge_shadow_alpha_0.01,mlb_pitcher_props_policy_v1,4.819445677645673,4.819445677645673,2.3107315013835006,7.328159853907845,2.5087141762621723,-1.3194456776456729,False,,,,4,,,2026-05-27T10:46:56.053157-04:00,current_workflow
2026-05-26|xgboost_champion|2026-05-26|MLB|pitcher_strikeouts|name:jason alexander|under|3.5|fanduel,2026-05-26|MLB|pitcher_strikeouts|name:jason alexander|under|3.5|fanduel,2026-05-26,jason alexander,mlbam_player:669920,mlbam_player:669920,669920,mlbam_player,jason alexander,MLB,pitcher_strikeouts,player_prop,pitcher_k,HOU,TEX,FanDuel,fanduel,d8d4e1b2c44eb56c7b6ab81de4f6b385,Under,under,3.5,-110,MLB|pitcher_strikeouts|name:jason alexander|under|3.5,MLB|pitcher_strikeouts|name:jason alexander|under|3.5|fanduel,xgboost_champion,champion,pitcher_k_model_v1,mlb_pitcher_props_policy_v1,4.790078163146973,4.790078163146973,2.324555506221975,7.255600820071971,2.465522656924997,-1.2900781631469729,False,,,,4,,,2026-05-27T10:46:56.053157-04:00,current_workflow
2026-05-26|ridge_challenger|2026-05-26|MLB|pitcher_strikeouts|name:joe ryan|over|6.5|betmgm,2026-05-26|MLB|pitcher_strikeouts|name:joe ryan|over|6.5|betmgm,2026-05-26,joe ryan,mlbam_player:657746,mlbam_player:657746,657746,mlbam_player,joe ryan,MLB,pitcher_strikeouts,player_prop,pitcher_k,MIN,CWS,BetMGM,betmgm,57c63aa916ea5b39518da155c32b24ee,Over,over,6.5,130,MLB|pitcher_strikeouts|name:joe ryan|over|6.5,MLB|pitcher_strikeouts|name:joe ryan|over|6.5|betmgm,ridge_challenger,challenger,single_stage_direct_count_regression_ridge_shadow_alpha_0.01,mlb_pitcher_props_policy_v1,5.549516044490077,5.549516044490077,2.433951906112409,8.665080182867746,3.115564138377668,-0.9504839555099228,False,,,,9,,,2026-05-27T10:46:56.053157-04:00,current_workflow
2026-05-26|xgboost_champion|2026-05-26|MLB|pitcher_strikeouts|name:joe ryan|over|6.5|betmgm,2026-05-26|MLB|pitcher_strikeouts|name:joe ryan|over|6.5|betmgm,2026-05-26,joe ryan,mlbam_player:657746,mlbam_player:657746,657746,mlbam_player,joe ryan,MLB,pitcher_strikeouts,player_prop,pitcher_k,MIN,CWS,BetMGM,betmgm,57c63aa916ea5b39518da155c32b24ee,Over,over,6.5,130,MLB|pitcher_strikeouts|name:joe ryan|over|6.5,MLB|pitcher_strikeouts|name:joe ryan|over|6.5|betmgm,xgboost_champion,champion,pitcher_k_model_v1,mlb_pitcher_props_policy_v1,5.398175239562988,5.398175239562988,2.336250511366931,8.460099967759046,3.061924728196057,-1.1018247604370115,False,,,,9,,,2026-05-27T10:46:56.053157-04:00,current_workflow
2026-05-26|ridge_challenger|2026-05-26|MLB|pitcher_strikeouts|name:joe ryan|over|6.5|draftkings,2026-05-26|MLB|pitcher_strikeouts|name:joe ryan|over|6.5|draftkings,2026-05-26,joe ryan,mlbam_player:657746,mlbam_player:657746,657746,mlbam_player,joe ryan,MLB,pitcher_strikeouts,player_prop,pitcher_k,MIN,CWS,DraftKings,draftkings,57c63aa916ea5b39518da155c32b24ee,Over,over,6.5,119,MLB|pitcher_strikeouts|name:joe ryan|over|6.5,MLB|pitcher_strikeouts|name:joe ryan|over|6.5|draftkings,ridge_challenger,challenger,single_stage_direct_count_regression_ridge_shadow_alpha_0.01,mlb_pitcher_props_policy_v1,5.549516044490077,5.549516044490077,2.433951906112409,8.665080182867746,3.115564138377668,-0.9504839555099228,False,,,,9,,,2026-05-27T10:46:56.053157-04:00,current_workflow
2026-05-26|xgboost_champion|2026-05-26|MLB|pitcher_strikeouts|name:joe ryan|over|6.5|draftkings,2026-05-26|MLB|pitcher_strikeouts|name:joe ryan|over|6.5|draftkings,2026-05-26,joe ryan,mlbam_player:657746,mlbam_player:657746,657746,mlbam_player,joe ryan,MLB,pitcher_strikeouts,player_prop,pitcher_k,MIN,CWS,DraftKings,draftkings,57c63aa916ea5b39518da155c32b24ee,Over,over,6.5,119,MLB|pitcher_strikeouts|name:joe ryan|over|6.5,MLB|pitcher_strikeouts|name:joe ryan|over|6.5|draftkings,xgboost_champion,champion,pitcher_k_model_v1,mlb_pitcher_props_policy_v1,5.398175239562988,5.398175239562988,2.336250511366931,8.460099967759046,3.061924728196057,-1.1018247604370115,False,,,,9,,,2026-05-27T10:46:56.053157-04:00,current_workflow
2026-05-26|ridge_challenger|2026-05-26|MLB|pitcher_strikeouts|name:joe ryan|over|6.5|fanduel,2026-05-26|MLB|pitcher_strikeouts|name:joe ryan|over|6.5|fanduel,2026-05-26,joe ryan,mlbam_player:657746,mlbam_player:657746,657746,mlbam_player,joe ryan,MLB,pitcher_strikeouts,player_prop,pitcher_k,MIN,CWS,FanDuel,fanduel,57c63aa916ea5b39518da155c32b24ee,Over,over,6.5,138,MLB|pitcher_strikeouts|name:joe ryan|over|6.5,MLB|pitcher_strikeouts|name:joe ryan|over|6.5|fanduel,ridge_challenger,challenger,single_stage_direct_count_regression_ridge_shadow_alpha_0.01,mlb_pitcher_props_policy_v1,5.549516044490077,5.549516044490077,2.433951906112409,8.665080182867746,3.115564138377668,-0.9504839555099228,False,,,,9,,,2026-05-27T10:46:56.053157-04:00,current_workflow
2026-05-26|xgboost_champion|2026-05-26|MLB|pitcher_strikeouts|name:joe ryan|over|6.5|fanduel,2026-05-26|MLB|pitcher_strikeouts|name:joe ryan|over|6.5|fanduel,2026-05-26,joe ryan,mlbam_player:657746,mlbam_player:657746,657746,mlbam_player,joe ryan,MLB,pitcher_strikeouts,player_prop,pitcher_k,MIN,CWS,FanDuel,fanduel,57c63aa916ea5b39518da155c32b24ee,Over,over,6.5,138,MLB|pitcher_strikeouts|name:joe ryan|over|6.5,MLB|pitcher_strikeouts|name:joe ryan|over|6.5|fanduel,xgboost_champion,champion,pitcher_k_model_v1,mlb_pitcher_props_policy_v1,5.398175239562988,5.398175239562988,2.336250511366931,8.460099967759046,3.061924728196057,-1.1018247604370115,False,,,,9,,,2026-05-27T10:46:56.053157-04:00,current_workflow
2026-05-26|ridge_challenger|2026-05-26|MLB|pitcher_strikeouts|name:joe ryan|under|6.5|betmgm,2026-05-26|MLB|pitcher_strikeouts|name:joe ryan|under|6.5|betmgm,2026-05-26,joe ryan,mlbam_player:657746,mlbam_player:657746,657746,mlbam_player,joe ryan,MLB,pitcher_strikeouts,player_prop,pitcher_k,MIN,CWS,BetMGM,betmgm,57c63aa916ea5b39518da155c32b24ee,Under,under,6.5,-175,MLB|pitcher_strikeouts|name:joe ryan|under|6.5,MLB|pitcher_strikeouts|name:joe ryan|under|6.5|betmgm,ridge_challenger,challenger,single_stage_direct_count_regression_ridge_shadow_alpha_0.01,mlb_pitcher_props_policy_v1,5.549516044490077,5.549516044490077,2.433951906112409,8.665080182867746,3.115564138377668,0.9504839555099228,False,,,,9,,,2026-05-27T10:46:56.053157-04:00,current_workflow
2026-05-26|xgboost_champion|2026-05-26|MLB|pitcher_strikeouts|name:joe ryan|under|6.5|betmgm,2026-05-26|MLB|pitcher_strikeouts|name:joe ryan|under|6.5|betmgm,2026-05-26,joe ryan,mlbam_player:657746,mlbam_player:657746,657746,mlbam_player,joe ryan,MLB,pitcher_strikeouts,player_prop,pitcher_k,MIN,CWS,BetMGM,betmgm,57c63aa916ea5b39518da155c32b24ee,Under,under,6.5,-175,MLB|pitcher_strikeouts|name:joe ryan|under|6.5,MLB|pitcher_strikeouts|name:joe ryan|under|6.5|betmgm,xgboost_champion,champion,pitcher_k_model_v1,mlb_pitcher_props_policy_v1,5.398175239562988,5.398175239562988,2.336250511366931,8.460099967759046,3.061924728196057,1.1018247604370115,False,,,,9,,,2026-05-27T10:46:56.053157-04:00,current_workflow
2026-05-26|ridge_challenger|2026-05-26|MLB|pitcher_strikeouts|name:joe ryan|under|6.5|draftkings,2026-05-26|MLB|pitcher_strikeouts|name:joe ryan|under|6.5|draftkings,2026-05-26,joe ryan,mlbam_player:657746,mlbam_player:657746,657746,mlbam_player,joe ryan,MLB,pitcher_strikeouts,player_prop,pitcher_k,MIN,CWS,DraftKings,draftkings,57c63aa916ea5b39518da155c32b24ee,Under,under,6.5,-152,MLB|pitcher_strikeouts|name:joe ryan|under|6.5,MLB|pitcher_strikeouts|name:joe ryan|under|6.5|draftkings,ridge_challenger,challenger,single_stage_direct_count_regression_ridge_shadow_alpha_0.01,mlb_pitcher_props_policy_v1,5.549516044490077,5.549516044490077,2.433951906112409,8.665080182867746,3.115564138377668,0.9504839555099228,True,9.0,official,medium,9,L,-1.0,2026-05-27T10:46:56.053157-04:00,current_workflow
2026-05-26|xgboost_champion|2026-05-26|MLB|pitcher_strikeouts|name:joe ryan|under|6.5|draftkings,2026-05-26|MLB|pitcher_strikeouts|name:joe ryan|under|6.5|draftkings,2026-05-26,joe ryan,mlbam_player:657746,mlbam_player:657746,657746,mlbam_player,joe ryan,MLB,pitcher_strikeouts,player_prop,pitcher_k,MIN,CWS,DraftKings,draftkings,57c63aa916ea5b39518da155c32b24ee,Under,under,6.5,-152,MLB|pitcher_strikeouts|name:joe ryan|under|6.5,MLB|pitcher_strikeouts|name:joe ryan|under|6.5|draftkings,xgboost_champion,champion,pitcher_k_model_v1,mlb_pitcher_props_policy_v1,5.398175239562988,5.398175239562988,2.336250511366931,8.460099967759046,3.061924728196057,1.1018247604370115,True,9.0,official,medium,9,L,-1.0,2026-05-27T10:46:56.053157-04:00,current_workflow
2026-05-26|ridge_challenger|2026-05-26|MLB|pitcher_strikeouts|name:joe ryan|under|6.5|fanduel,2026-05-26|MLB|pitcher_strikeouts|name:joe ryan|under|6.5|fanduel,2026-05-26,joe ryan,mlbam_player:657746,mlbam_player:657746,657746,mlbam_player,joe ryan,MLB,pitcher_strikeouts,player_prop,pitcher_k,MIN,CWS,FanDuel,fanduel,57c63aa916ea5b39518da155c32b24ee,Under,under,6.5,-186,MLB|pitcher_strikeouts|name:joe ryan|under|6.5,MLB|pitcher_strikeouts|name:joe ryan|under|6.5|fanduel,ridge_challenger,challenger,single_stage_direct_count_regression_ridge_shadow_alpha_0.01,mlb_pitcher_props_policy_v1,5.549516044490077,5.549516044490077,2.433951906112409,8.665080182867746,3.115564138377668,0.9504839555099228,False,,,,9,,,2026-05-27T10:46:56.053157-04:00,current_workflow
2026-05-26|xgboost_champion|2026-05-26|MLB|pitcher_strikeouts|name:joe ryan|under|6.5|fanduel,2026-05-26|MLB|pitcher_strikeouts|name:joe ryan|under|6.5|fanduel,2026-05-26,joe ryan,mlbam_player:657746,mlbam_player:657746,657746,mlbam_player,joe ryan,MLB,pitcher_strikeouts,player_prop,pitcher_k,MIN,CWS,FanDuel,fanduel,57c63aa916ea5b39518da155c32b24ee,Under,under,6.5,-186,MLB|pitcher_strikeouts|name:joe ryan|under|6.5,MLB|pitcher_strikeouts|name:joe ryan|under|6.5|fanduel,xgboost_champion,champion,pitcher_k_model_v1,mlb_pitcher_props_policy_v1,5.398175239562988,5.398175239562988,2.336250511366931,8.460099967759046,3.061924728196057,1.1018247604370115,False,,,,9,,,2026-05-27T10:46:56.053157-04:00,current_workflow
2026-05-26|ridge_challenger|2026-05-26|MLB|pitcher_strikeouts|name:joey cantillo|over|4.5|draftkings,2026-05-26|MLB|pitcher_strikeouts|name:joey cantillo|over|4.5|draftkings,2026-05-26,joey cantillo,mlbam_player:676282,mlbam_player:676282,676282,mlbam_player,joey cantillo,MLB,pitcher_strikeouts,player_prop,pitcher_k,CLE,WSH,DraftKings,draftkings,e3e38b1f0ba0517d7e95030e6f0b6a8d,Over,over,4.5,-165,MLB|pitcher_strikeouts|name:joey cantillo|over|4.5,MLB|pitcher_strikeouts|name:joey cantillo|over|4.5|draftkings,ridge_challenger,challenger,single_stage_direct_count_regression_ridge_shadow_alpha_0.01,mlb_pitcher_props_policy_v1,5.481278094738647,5.481278094738647,2.5129274507866377,8.449628738690656,2.968350643952009,0.9812780947386468,False,,,,1,,,2026-05-27T10:46:56.053157-04:00,current_workflow
2026-05-26|xgboost_champion|2026-05-26|MLB|pitcher_strikeouts|name:joey cantillo|over|4.5|draftkings,2026-05-26|MLB|pitcher_strikeouts|name:joey cantillo|over|4.5|draftkings,2026-05-26,joey cantillo,mlbam_player:676282,mlbam_player:676282,676282,mlbam_player,joey cantillo,MLB,pitcher_strikeouts,player_prop,pitcher_k,CLE,WSH,DraftKings,draftkings,e3e38b1f0ba0517d7e95030e6f0b6a8d,Over,over,4.5,-165,MLB|pitcher_strikeouts|name:joey cantillo|over|4.5,MLB|pitcher_strikeouts|name:joey cantillo|over|4.5|draftkings,xgboost_champion,champion,pitcher_k_model_v1,mlb_pitcher_props_policy_v1,5.4625678062438965,5.4625678062438965,2.545322057162291,8.379813555325502,2.917245749081605,0.9625678062438964,False,,,,1,,,2026-05-27T10:46:56.053157-04:00,current_workflow
2026-05-26|ridge_challenger|2026-05-26|MLB|pitcher_strikeouts|name:joey cantillo|over|4.5|fanduel,2026-05-26|MLB|pitcher_strikeouts|name:joey cantillo|over|4.5|fanduel,2026-05-26,joey cantillo,mlbam_player:676282,mlbam_player:676282,676282,mlbam_player,joey cantillo,MLB,pitcher_strikeouts,player_prop,pitcher_k,CLE,WSH,FanDuel,fanduel,e3e38b1f0ba0517d7e95030e6f0b6a8d,Over,over,4.5,-160,MLB|pitcher_strikeouts|name:joey cantillo|over|4.5,MLB|pitcher_strikeouts|name:joey cantillo|over|4.5|fanduel,ridge_challenger,challenger,single_stage_direct_count_regression_ridge_shadow_alpha_0.01,mlb_pitcher_props_policy_v1,5.481278094738647,5.481278094738647,2.5129274507866377,8.449628738690656,2.968350643952009,0.9812780947386468,True,10.0,official,medium,1,L,-1.0,2026-05-27T10:46:56.053157-04:00,current_workflow
2026-05-26|xgboost_champion|2026-05-26|MLB|pitcher_strikeouts|name:joey cantillo|over|4.5|fanduel,2026-05-26|MLB|pitcher_strikeouts|name:joey cantillo|over|4.5|fanduel,2026-05-26,joey cantillo,mlbam_player:676282,mlbam_player:676282,676282,mlbam_player,joey cantillo,MLB,pitcher_strikeouts,player_prop,pitcher_k,CLE,WSH,FanDuel,fanduel,e3e38b1f0ba0517d7e95030e6f0b6a8d,Over,over,4.5,-160,MLB|pitcher_strikeouts|name:joey cantillo|over|4.5,MLB|pitcher_strikeouts|name:joey cantillo|over|4.5|fanduel,xgboost_champion,champion,pitcher_k_model_v1,mlb_pitcher_props_policy_v1,5.4625678062438965,5.4625678062438965,2.545322057162291,8.379813555325502,2.917245749081605,0.9625678062438964,True,10.0,official,medium,1,L,-1.0,2026-05-27T10:46:56.053157-04:00,current_workflow
2026-05-26|ridge_challenger|2026-05-26|MLB|pitcher_strikeouts|name:joey cantillo|over|5.5|betmgm,2026-05-26|MLB|pitcher_strikeouts|name:joey cantillo|over|5.5|betmgm,2026-05-26,joey cantillo,mlbam_player:676282,mlbam_player:676282,676282,mlbam_player,joey cantillo,MLB,pitcher_strikeouts,player_prop,pitcher_k,CLE,WSH,BetMGM,betmgm,e3e38b1f0ba0517d7e95030e6f0b6a8d,Over,over,5.5,105,MLB|pitcher_strikeouts|name:joey cantillo|over|5.5,MLB|pitcher_strikeouts|name:joey cantillo|over|5.5|betmgm,ridge_challenger,challenger,single_stage_direct_count_regression_ridge_shadow_alpha_0.01,mlb_pitcher_props_policy_v1,5.481278094738647,5.481278094738647,2.5129274507866377,8.449628738690656,2.968350643952009,-0.0187219052613532,False,,,,1,,,2026-05-27T10:46:56.053157-04:00,current_workflow
2026-05-26|xgboost_champion|2026-05-26|MLB|pitcher_strikeouts|name:joey cantillo|over|5.5|betmgm,2026-05-26|MLB|pitcher_strikeouts|name:joey cantillo|over|5.5|betmgm,2026-05-26,joey cantillo,mlbam_player:676282,mlbam_player:676282,676282,mlbam_player,joey cantillo,MLB,pitcher_strikeouts,player_prop,pitcher_k,CLE,WSH,BetMGM,betmgm,e3e38b1f0ba0517d7e95030e6f0b6a8d,Over,over,5.5,105,MLB|pitcher_strikeouts|name:joey cantillo|over|5.5,MLB|pitcher_strikeouts|name:joey cantillo|over|5.5|betmgm,xgboost_champion,champion,pitcher_k_model_v1,mlb_pitcher_props_policy_v1,5.4625678062438965,5.4625678062438965,2.545322057162291,8.379813555325502,2.917245749081605,-0.0374321937561035,False,,,,1,,,2026-05-27T10:46:56.053157-04:00,current_workflow
2026-05-26|ridge_challenger|2026-05-26|MLB|pitcher_strikeouts|name:joey cantillo|under|4.5|draftkings,2026-05-26|MLB|pitcher_strikeouts|name:joey cantillo|under|4.5|draftkings,2026-05-26,joey cantillo,mlbam_player:676282,mlbam_player:676282,676282,mlbam_player,joey cantillo,MLB,pitcher_strikeouts,player_prop,pitcher_k,CLE,WSH,DraftKings,draftkings,e3e38b1f0ba0517d7e95030e6f0b6a8d,Under,under,4.5,129,MLB|pitcher_strikeouts|name:joey cantillo|under|4.5,MLB|pitcher_strikeouts|name:joey cantillo|under|4.5|draftkings,ridge_challenger,challenger,single_stage_direct_count_regression_ridge_shadow_alpha_0.01,mlb_pitcher_props_policy_v1,5.481278094738647,5.481278094738647,2.5129274507866377,8.449628738690656,2.968350643952009,-0.9812780947386468,False,,,,1,,,2026-05-27T10:46:56.053157-04:00,current_workflow
2026-05-26|xgboost_champion|2026-05-26|MLB|pitcher_strikeouts|name:joey cantillo|under|4.5|draftkings,2026-05-26|MLB|pitcher_strikeouts|name:joey cantillo|under|4.5|draftkings,2026-05-26,joey cantillo,mlbam_player:676282,mlbam_player:676282,676282,mlbam_player,joey cantillo,MLB,pitcher_strikeouts,player_prop,pitcher_k,CLE,WSH,DraftKings,draftkings,e3e38b1f0ba0517d7e95030e6f0b6a8d,Under,under,4.5,129,MLB|pitcher_strikeouts|name:joey cantillo|under|4.5,MLB|pitcher_strikeouts|name:joey cantillo|under|4.5|draftkings,xgboost_champion,champion,pitcher_k_model_v1,mlb_pitcher_props_policy_v1,5.4625678062438965,5.4625678062438965,2.545322057162291,8.379813555325502,2.917245749081605,-0.9625678062438964,False,,,,1,,,2026-05-27T10:46:56.053157-04:00,current_workflow
2026-05-26|ridge_challenger|2026-05-26|MLB|pitcher_strikeouts|name:joey cantillo|under|4.5|fanduel,2026-05-26|MLB|pitcher_strikeouts|name:joey cantillo|under|4.5|fanduel,2026-05-26,joey cantillo,mlbam_player:676282,mlbam_player:676282,676282,mlbam_player,joey cantillo,MLB,pitcher_strikeouts,player_prop,pitcher_k,CLE,WSH,FanDuel,fanduel,e3e38b1f0ba0517d7e95030e6f0b6a8d,Under,under,4.5,130,MLB|pitcher_strikeouts|name:joey cantillo|under|4.5,MLB|pitcher_strikeouts|name:joey cantillo|under|4.5|fanduel,ridge_challenger,challenger,single_stage_direct_count_regression_ridge_shadow_alpha_0.01,mlb_pitcher_props_policy_v1,5.481278094738647,5.481278094738647,2.5129274507866377,8.449628738690656,2.968350643952009,-0.9812780947386468,False,,,,1,,,2026-05-27T10:46:56.053157-04:00,current_workflow
2026-05-26|xgboost_champion|2026-05-26|MLB|pitcher_strikeouts|name:joey cantillo|under|4.5|fanduel,2026-05-26|MLB|pitcher_strikeouts|name:joey cantillo|under|4.5|fanduel,2026-05-26,joey cantillo,mlbam_player:676282,mlbam_player:676282,676282,mlbam_player,joey cantillo,MLB,pitcher_strikeouts,player_prop,pitcher_k,CLE,WSH,FanDuel,fanduel,e3e38b1f0ba0517d7e95030e6f0b6a8d,Under,under,4.5,130,MLB|pitcher_strikeouts|name:joey cantillo|under|4.5,MLB|pitcher_strikeouts|name:joey cantillo|under|4.5|fanduel,xgboost_champion,champion,pitcher_k_model_v1,mlb_pitcher_props_policy_v1,5.4625678062438965,5.4625678062438965,2.545322057162291,8.379813555325502,2.917245749081605,-0.9625678062438964,False,,,,1,,,2026-05-27T10:46:56.053157-04:00,current_workflow
2026-05-26|ridge_challenger|2026-05-26|MLB|pitcher_strikeouts|name:joey cantillo|under|5.5|betmgm,2026-05-26|MLB|pitcher_strikeouts|name:joey cantillo|under|5.5|betmgm,2026-05-26,joey cantillo,mlbam_player:676282,mlbam_player:676282,676282,mlbam_player,joey cantillo,MLB,pitcher_strikeouts,player_prop,pitcher_k,CLE,WSH,BetMGM,betmgm,e3e38b1f0ba0517d7e95030e6f0b6a8d,Under,under,5.5,-140,MLB|pitcher_strikeouts|name:joey cantillo|under|5.5,MLB|pitcher_strikeouts|name:joey cantillo|under|5.5|betmgm,ridge_challenger,challenger,single_stage_direct_count_regression_ridge_shadow_alpha_0.01,mlb_pitcher_props_policy_v1,5.481278094738647,5.481278094738647,2.5129274507866377,8.449628738690656,2.968350643952009,0.0187219052613532,False,,,,1,,,2026-05-27T10:46:56.053157-04:00,current_workflow
2026-05-26|xgboost_champion|2026-05-26|MLB|pitcher_strikeouts|name:joey cantillo|under|5.5|betmgm,2026-05-26|MLB|pitcher_strikeouts|name:joey cantillo|under|5.5|betmgm,2026-05-26,joey cantillo,mlbam_player:676282,mlbam_player:676282,676282,mlbam_player,joey cantillo,MLB,pitcher_strikeouts,player_prop,pitcher_k,CLE,WSH,BetMGM,betmgm,e3e38b1f0ba0517d7e95030e6f0b6a8d,Under,under,5.5,-140,MLB|pitcher_strikeouts|name:joey cantillo|under|5.5,MLB|pitcher_strikeouts|name:joey cantillo|under|5.5|betmgm,xgboost_champion,champion,pitcher_k_model_v1,mlb_pitcher_props_policy_v1,5.4625678062438965,5.4625678062438965,2.545322057162291,8.379813555325502,2.917245749081605,0.0374321937561035,False,,,,1,,,2026-05-27T10:46:56.053157-04:00,current_workflow
2026-05-26|ridge_challenger|2026-05-26|MLB|pitcher_strikeouts|name:jordan wicks|over|3.5|betmgm,2026-05-26|MLB|pitcher_strikeouts|name:jordan wicks|over|3.5|betmgm,2026-05-26,jordan wicks,mlbam_player:696136,mlbam_player:696136,696136,mlbam_player,jordan wicks,MLB,pitcher_strikeouts,player_prop,pitcher_k,CHC,PIT,BetMGM,betmgm,2a617b3c38b4cfff06d9866d761bb481,Over,over,3.5,-140,MLB|pitcher_strikeouts|name:jordan wicks|over|3.5,MLB|pitcher_strikeouts|name:jordan wicks|over|3.5|betmgm,ridge_challenger,challenger,single_stage_direct_count_regression_ridge_shadow_alpha_0.01,mlb_pitcher_props_policy_v1,3.6434729871107554,3.6434729871107554,1.3942233814735543,5.8927225927479565,2.249249605637201,0.1434729871107554,False,,,,5,,,2026-05-27T10:46:56.053157-04:00,current_workflow
2026-05-26|xgboost_champion|2026-05-26|MLB|pitcher_strikeouts|name:jordan wicks|over|3.5|betmgm,2026-05-26|MLB|pitcher_strikeouts|name:jordan wicks|over|3.5|betmgm,2026-05-26,jordan wicks,mlbam_player:696136,mlbam_player:696136,696136,mlbam_player,jordan wicks,MLB,pitcher_strikeouts,player_prop,pitcher_k,CHC,PIT,BetMGM,betmgm,2a617b3c38b4cfff06d9866d761bb481,Over,over,3.5,-140,MLB|pitcher_strikeouts|name:jordan wicks|over|3.5,MLB|pitcher_strikeouts|name:jordan wicks|over|3.5|betmgm,xgboost_champion,champion,pitcher_k_model_v1,mlb_pitcher_props_policy_v1,3.398805618286133,3.398805618286133,1.188280435205812,5.609330801366454,2.2105251830803208,-0.1011943817138671,False,,,,5,,,2026-05-27T10:46:56.053157-04:00,current_workflow
2026-05-26|ridge_challenger|2026-05-26|MLB|pitcher_strikeouts|name:jordan wicks|over|3.5|draftkings,2026-05-26|MLB|pitcher_strikeouts|name:jordan wicks|over|3.5|draftkings,2026-05-26,jordan wicks,mlbam_player:696136,mlbam_player:696136,696136,mlbam_player,jordan wicks,MLB,pitcher_strikeouts,player_prop,pitcher_k,CHC,PIT,DraftKings,draftkings,2a617b3c38b4cfff06d9866d761bb481,Over,over,3.5,-115,MLB|pitcher_strikeouts|name:jordan wicks|over|3.5,MLB|pitcher_strikeouts|name:jordan wicks|over|3.5|draftkings,ridge_challenger,challenger,single_stage_direct_count_regression_ridge_shadow_alpha_0.01,mlb_pitcher_props_policy_v1,3.6434729871107554,3.6434729871107554,1.3942233814735543,5.8927225927479565,2.249249605637201,0.1434729871107554,False,,,,5,,,2026-05-27T10:46:56.053157-04:00,current_workflow
2026-05-26|xgboost_champion|2026-05-26|MLB|pitcher_strikeouts|name:jordan wicks|over|3.5|draftkings,2026-05-26|MLB|pitcher_strikeouts|name:jordan wicks|over|3.5|draftkings,2026-05-26,jordan wicks,mlbam_player:696136,mlbam_player:696136,696136,mlbam_player,jordan wicks,MLB,pitcher_strikeouts,player_prop,pitcher_k,CHC,PIT,DraftKings,draftkings,2a617b3c38b4cfff06d9866d761bb481,Over,over,3.5,-115,MLB|pitcher_strikeouts|name:jordan wicks|over|3.5,MLB|pitcher_strikeouts|name:jordan wicks|over|3.5|draftkings,xgboost_champion,champion,pitcher_k_model_v1,mlb_pitcher_props_policy_v1,3.398805618286133,3.398805618286133,1.188280435205812,5.609330801366454,2.2105251830803208,-0.1011943817138671,False,,,,5,,,2026-05-27T10:46:56.053157-04:00,current_workflow
2026-05-26|ridge_challenger|2026-05-26|MLB|pitcher_strikeouts|name:jordan wicks|over|3.5|fanduel,2026-05-26|MLB|pitcher_strikeouts|name:jordan wicks|over|3.5|fanduel,2026-05-26,jordan wicks,mlbam_player:696136,mlbam_player:696136,696136,mlbam_player,jordan wicks,MLB,pitcher_strikeouts,player_prop,pitcher_k,CHC,PIT,FanDuel,fanduel,2a617b3c38b4cfff06d9866d761bb481,Over,over,3.5,-136,MLB|pitcher_strikeouts|name:jordan wicks|over|3.5,MLB|pitcher_strikeouts|name:jordan wicks|over|3.5|fanduel,ridge_challenger,challenger,single_stage_direct_count_regression_ridge_shadow_alpha_0.01,mlb_pitcher_props_policy_v1,3.6434729871107554,3.6434729871107554,1.3942233814735543,5.8927225927479565,2.249249605637201,0.1434729871107554,False,,,,5,,,2026-05-27T10:46:56.053157-04:00,current_workflow
2026-05-26|xgboost_champion|2026-05-26|MLB|pitcher_strikeouts|name:jordan wicks|over|3.5|fanduel,2026-05-26|MLB|pitcher_strikeouts|name:jordan wicks|over|3.5|fanduel,2026-05-26,jordan wicks,mlbam_player:696136,mlbam_player:696136,696136,mlbam_player,jordan wicks,MLB,pitcher_strikeouts,player_prop,pitcher_k,CHC,PIT,FanDuel,fanduel,2a617b3c38b4cfff06d9866d761bb481,Over,over,3.5,-136,MLB|pitcher_strikeouts|name:jordan wicks|over|3.5,MLB|pitcher_strikeouts|name:jordan wicks|over|3.5|fanduel,xgboost_champion,champion,pitcher_k_model_v1,mlb_pitcher_props_policy_v1,3.398805618286133,3.398805618286133,1.188280435205812,5.609330801366454,2.2105251830803208,-0.1011943817138671,False,,,,5,,,2026-05-27T10:46:56.053157-04:00,current_workflow
2026-05-26|ridge_challenger|2026-05-26|MLB|pitcher_strikeouts|name:jordan wicks|under|3.5|betmgm,2026-05-26|MLB|pitcher_strikeouts|name:jordan wicks|under|3.5|betmgm,2026-05-26,jordan wicks,mlbam_player:696136,mlbam_player:696136,696136,mlbam_player,jordan wicks,MLB,pitcher_strikeouts,player_prop,pitcher_k,CHC,PIT,BetMGM,betmgm,2a617b3c38b4cfff06d9866d761bb481,Under,under,3.5,105,MLB|pitcher_strikeouts|name:jordan wicks|under|3.5,MLB|pitcher_strikeouts|name:jordan wicks|under|3.5|betmgm,ridge_challenger,challenger,single_stage_direct_count_regression_ridge_shadow_alpha_0.01,mlb_pitcher_props_policy_v1,3.6434729871107554,3.6434729871107554,1.3942233814735543,5.8927225927479565,2.249249605637201,-0.1434729871107554,False,,,,5,,,2026-05-27T10:46:56.053157-04:00,current_workflow
2026-05-26|xgboost_champion|2026-05-26|MLB|pitcher_strikeouts|name:jordan wicks|under|3.5|betmgm,2026-05-26|MLB|pitcher_strikeouts|name:jordan wicks|under|3.5|betmgm,2026-05-26,jordan wicks,mlbam_player:696136,mlbam_player:696136,696136,mlbam_player,jordan wicks,MLB,pitcher_strikeouts,player_prop,pitcher_k,CHC,PIT,BetMGM,betmgm,2a617b3c38b4cfff06d9866d761bb481,Under,under,3.5,105,MLB|pitcher_strikeouts|name:jordan wicks|under|3.5,MLB|pitcher_strikeouts|name:jordan wicks|under|3.5|betmgm,xgboost_champion,champion,pitcher_k_model_v1,mlb_pitcher_props_policy_v1,3.398805618286133,3.398805618286133,1.188280435205812,5.609330801366454,2.2105251830803208,0.1011943817138671,False,,,,5,,,2026-05-27T10:46:56.053157-04:00,current_workflow
2026-05-26|ridge_challenger|2026-05-26|MLB|pitcher_strikeouts|name:jordan wicks|under|3.5|draftkings,2026-05-26|MLB|pitcher_strikeouts|name:jordan wicks|under|3.5|draftkings,2026-05-26,jordan wicks,mlbam_player:696136,mlbam_player:696136,696136,mlbam_player,jordan wicks,MLB,pitcher_strikeouts,player_prop,pitcher_k,CHC,PIT,DraftKings,draftkings,2a617b3c38b4cfff06d9866d761bb481,Under,under,3.5,-111,MLB|pitcher_strikeouts|name:jordan wicks|under|3.5,MLB|pitcher_strikeouts|name:jordan wicks|under|3.5|draftkings,ridge_challenger,challenger,single_stage_direct_count_regression_ridge_shadow_alpha_0.01,mlb_pitcher_props_policy_v1,3.6434729871107554,3.6434729871107554,1.3942233814735543,5.8927225927479565,2.249249605637201,-0.1434729871107554,False,,,,5,,,2026-05-27T10:46:56.053157-04:00,current_workflow
2026-05-26|xgboost_champion|2026-05-26|MLB|pitcher_strikeouts|name:jordan wicks|under|3.5|draftkings,2026-05-26|MLB|pitcher_strikeouts|name:jordan wicks|under|3.5|draftkings,2026-05-26,jordan wicks,mlbam_player:696136,mlbam_player:696136,696136,mlbam_player,jordan wicks,MLB,pitcher_strikeouts,player_prop,pitcher_k,CHC,PIT,DraftKings,draftkings,2a617b3c38b4cfff06d9866d761bb481,Under,under,3.5,-111,MLB|pitcher_strikeouts|name:jordan wicks|under|3.5,MLB|pitcher_strikeouts|name:jordan wicks|under|3.5|draftkings,xgboost_champion,champion,pitcher_k_model_v1,mlb_pitcher_props_policy_v1,3.398805618286133,3.398805618286133,1.188280435205812,5.609330801366454,2.2105251830803208,0.1011943817138671,False,,,,5,,,2026-05-27T10:46:56.053157-04:00,current_workflow
2026-05-26|ridge_challenger|2026-05-26|MLB|pitcher_strikeouts|name:jordan wicks|under|3.5|fanduel,2026-05-26|MLB|pitcher_strikeouts|name:jordan wicks|under|3.5|fanduel,2026-05-26,jordan wicks,mlbam_player:696136,mlbam_player:696136,696136,mlbam_player,jordan wicks,MLB,pitcher_strikeouts,player_prop,pitcher_k,CHC,PIT,FanDuel,fanduel,2a617b3c38b4cfff06d9866d761bb481,Under,under,3.5,102,MLB|pitcher_strikeouts|name:jordan wicks|under|3.5,MLB|pitcher_strikeouts|name:jordan wicks|under|3.5|fanduel,ridge_challenger,challenger,single_stage_direct_count_regression_ridge_shadow_alpha_0.01,mlb_pitcher_props_policy_v1,3.6434729871107554,3.6434729871107554,1.3942233814735543,5.8927225927479565,2.249249605637201,-0.1434729871107554,False,,,,5,,,2026-05-27T10:46:56.053157-04:00,current_workflow
2026-05-26|xgboost_champion|2026-05-26|MLB|pitcher_strikeouts|name:jordan wicks|under|3.5|fanduel,2026-05-26|MLB|pitcher_strikeouts|name:jordan wicks|under|3.5|fanduel,2026-05-26,jordan wicks,mlbam_player:696136,mlbam_player:696136,696136,mlbam_player,jordan wicks,MLB,pitcher_strikeouts,player_prop,pitcher_k,CHC,PIT,FanDuel,fanduel,2a617b3c38b4cfff06d9866d761bb481,Under,under,3.5,102,MLB|pitcher_strikeouts|name:jordan wicks|under|3.5,MLB|pitcher_strikeouts|name:jordan wicks|under|3.5|fanduel,xgboost_champion,champion,pitcher_k_model_v1,mlb_pitcher_props_policy_v1,3.398805618286133,3.398805618286133,1.188280435205812,5.609330801366454,2.2105251830803208,0.1011943817138671,False,,,,5,,,2026-05-27T10:46:56.053157-04:00,current_workflow
2026-05-26|ridge_challenger|2026-05-26|MLB|pitcher_strikeouts|name:keider montero|over|4.5|betmgm,2026-05-26|MLB|pitcher_strikeouts|name:keider montero|over|4.5|betmgm,2026-05-26,keider montero,mlbam_player:672456,mlbam_player:672456,672456,mlbam_player,keider montero,MLB,pitcher_strikeouts,player_prop,pitcher_k,DET,LAA,BetMGM,betmgm,6c64b931bb7cda75b570159a5a4ed328,Over,over,4.5,110,MLB|pitcher_strikeouts|name:keider montero|over|4.5,MLB|pitcher_strikeouts|name:keider montero|over|4.5|betmgm,ridge_challenger,challenger,single_stage_direct_count_regression_ridge_shadow_alpha_0.01,mlb_pitcher_props_policy_v1,4.904607099114589,4.904607099114589,2.4495353801821267,7.359678818047051,2.4550717189324622,0.4046070991145889,False,,,,7,,,2026-05-27T10:46:56.053157-04:00,current_workflow
2026-05-26|xgboost_champion|2026-05-26|MLB|pitcher_strikeouts|name:keider montero|over|4.5|betmgm,2026-05-26|MLB|pitcher_strikeouts|name:keider montero|over|4.5|betmgm,2026-05-26,keider montero,mlbam_player:672456,mlbam_player:672456,672456,mlbam_player,keider montero,MLB,pitcher_strikeouts,player_prop,pitcher_k,DET,LAA,BetMGM,betmgm,6c64b931bb7cda75b570159a5a4ed328,Over,over,4.5,110,MLB|pitcher_strikeouts|name:keider montero|over|4.5,MLB|pitcher_strikeouts|name:keider montero|over|4.5|betmgm,xgboost_champion,champion,pitcher_k_model_v1,mlb_pitcher_props_policy_v1,4.771941661834717,4.771941661834717,2.359137921704213,7.18474540196522,2.412803740130504,0.2719416618347168,False,,,,7,,,2026-05-27T10:46:56.053157-04:00,current_workflow
2026-05-26|ridge_challenger|2026-05-26|MLB|pitcher_strikeouts|name:keider montero|over|4.5|draftkings,2026-05-26|MLB|pitcher_strikeouts|name:keider montero|over|4.5|draftkings,2026-05-26,keider montero,mlbam_player:672456,mlbam_player:672456,672456,mlbam_player,keider montero,MLB,pitcher_strikeouts,player_prop,pitcher_k,DET,LAA,DraftKings,draftkings,6c64b931bb7cda75b570159a5a4ed328,Over,over,4.5,117,MLB|pitcher_strikeouts|name:keider montero|over|4.5,MLB|pitcher_strikeouts|name:keider montero|over|4.5|draftkings,ridge_challenger,challenger,single_stage_direct_count_regression_ridge_shadow_alpha_0.01,mlb_pitcher_props_policy_v1,4.904607099114589,4.904607099114589,2.4495353801821267,7.359678818047051,2.4550717189324622,0.4046070991145889,False,,,,7,,,2026-05-27T10:46:56.053157-04:00,current_workflow
2026-05-26|xgboost_champion|2026-05-26|MLB|pitcher_strikeouts|name:keider montero|over|4.5|draftkings,2026-05-26|MLB|pitcher_strikeouts|name:keider montero|over|4.5|draftkings,2026-05-26,keider montero,mlbam_player:672456,mlbam_player:672456,672456,mlbam_player,keider montero,MLB,pitcher_strikeouts,player_prop,pitcher_k,DET,LAA,DraftKings,draftkings,6c64b931bb7cda75b570159a5a4ed328,Over,over,4.5,117,MLB|pitcher_strikeouts|name:keider montero|over|4.5,MLB|pitcher_strikeouts|name:keider montero|over|4.5|draftkings,xgboost_champion,champion,pitcher_k_model_v1,mlb_pitcher_props_policy_v1,4.771941661834717,4.771941661834717,2.359137921704213,7.18474540196522,2.412803740130504,0.2719416618347168,False,,,,7,,,2026-05-27T10:46:56.053157-04:00,current_workflow
2026-05-26|ridge_challenger|2026-05-26|MLB|pitcher_strikeouts|name:keider montero|over|4.5|fanduel,2026-05-26|MLB|pitcher_strikeouts|name:keider montero|over|4.5|fanduel,2026-05-26,keider montero,mlbam_player:672456,mlbam_player:672456,672456,mlbam_player,keider montero,MLB,pitcher_strikeouts,player_prop,pitcher_k,DET,LAA,FanDuel,fanduel,6c64b931bb7cda75b570159a5a4ed328,Over,over,4.5,124,MLB|pitcher_strikeouts|name:keider montero|over|4.5,MLB|pitcher_strikeouts|name:keider montero|over|4.5|fanduel,ridge_challenger,challenger,single_stage_direct_count_regression_ridge_shadow_alpha_0.01,mlb_pitcher_props_policy_v1,4.904607099114589,4.904607099114589,2.4495353801821267,7.359678818047051,2.4550717189324622,0.4046070991145889,True,17.0,lean,low,7,W,1.24,2026-05-27T10:46:56.053157-04:00,current_workflow
2026-05-26|xgboost_champion|2026-05-26|MLB|pitcher_strikeouts|name:keider montero|over|4.5|fanduel,2026-05-26|MLB|pitcher_strikeouts|name:keider montero|over|4.5|fanduel,2026-05-26,keider montero,mlbam_player:672456,mlbam_player:672456,672456,mlbam_player,keider montero,MLB,pitcher_strikeouts,player_prop,pitcher_k,DET,LAA,FanDuel,fanduel,6c64b931bb7cda75b570159a5a4ed328,Over,over,4.5,124,MLB|pitcher_strikeouts|name:keider montero|over|4.5,MLB|pitcher_strikeouts|name:keider montero|over|4.5|fanduel,xgboost_champion,champion,pitcher_k_model_v1,mlb_pitcher_props_policy_v1,4.771941661834717,4.771941661834717,2.359137921704213,7.18474540196522,2.412803740130504,0.2719416618347168,False,,,,7,,,2026-05-27T10:46:56.053157-04:00,current_workflow
2026-05-26|ridge_challenger|2026-05-26|MLB|pitcher_strikeouts|name:keider montero|under|4.5|betmgm,2026-05-26|MLB|pitcher_strikeouts|name:keider montero|under|4.5|betmgm,2026-05-26,keider montero,mlbam_player:672456,mlbam_player:672456,672456,mlbam_player,keider montero,MLB,pitcher_strikeouts,player_prop,pitcher_k,DET,LAA,BetMGM,betmgm,6c64b931bb7cda75b570159a5a4ed328,Under,under,4.5,-150,MLB|pitcher_strikeouts|name:keider montero|under|4.5,MLB|pitcher_strikeouts|name:keider montero|under|4.5|betmgm,ridge_challenger,challenger,single_stage_direct_count_regression_ridge_shadow_alpha_0.01,mlb_pitcher_props_policy_v1,4.904607099114589,4.904607099114589,2.4495353801821267,7.359678818047051,2.4550717189324622,-0.4046070991145889,False,,,,7,,,2026-05-27T10:46:56.053157-04:00,current_workflow
2026-05-26|xgboost_champion|2026-05-26|MLB|pitcher_strikeouts|name:keider montero|under|4.5|betmgm,2026-05-26|MLB|pitcher_strikeouts|name:keider montero|under|4.5|betmgm,2026-05-26,keider montero,mlbam_player:672456,mlbam_player:672456,672456,mlbam_player,keider montero,MLB,pitcher_strikeouts,player_prop,pitcher_k,DET,LAA,BetMGM,betmgm,6c64b931bb7cda75b570159a5a4ed328,Under,under,4.5,-150,MLB|pitcher_strikeouts|name:keider montero|under|4.5,MLB|pitcher_strikeouts|name:keider montero|under|4.5|betmgm,xgboost_champion,champion,pitcher_k_model_v1,mlb_pitcher_props_policy_v1,4.771941661834717,4.771941661834717,2.359137921704213,7.18474540196522,2.412803740130504,-0.2719416618347168,False,,,,7,,,2026-05-27T10:46:56.053157-04:00,current_workflow
2026-05-26|ridge_challenger|2026-05-26|MLB|pitcher_strikeouts|name:keider montero|under|4.5|draftkings,2026-05-26|MLB|pitcher_strikeouts|name:keider montero|under|4.5|draftkings,2026-05-26,keider montero,mlbam_player:672456,mlbam_player:672456,672456,mlbam_player,keider montero,MLB,pitcher_strikeouts,player_prop,pitcher_k,DET,LAA,DraftKings,draftkings,6c64b931bb7cda75b570159a5a4ed328,Under,under,4.5,-149,MLB|pitcher_strikeouts|name:keider montero|under|4.5,MLB|pitcher_strikeouts|name:keider montero|under|4.5|draftkings,ridge_challenger,challenger,single_stage_direct_count_regression_ridge_shadow_alpha_0.01,mlb_pitcher_props_policy_v1,4.904607099114589,4.904607099114589,2.4495353801821267,7.359678818047051,2.4550717189324622,-0.4046070991145889,False,,,,7,,,2026-05-27T10:46:56.053157-04:00,current_workflow
2026-05-26|xgboost_champion|2026-05-26|MLB|pitcher_strikeouts|name:keider montero|under|4.5|draftkings,2026-05-26|MLB|pitcher_strikeouts|name:keider montero|under|4.5|draftkings,2026-05-26,keider montero,mlbam_player:672456,mlbam_player:672456,672456,mlbam_player,keider montero,MLB,pitcher_strikeouts,player_prop,pitcher_k,DET,LAA,DraftKings,draftkings,6c64b931bb7cda75b570159a5a4ed328,Under,under,4.5,-149,MLB|pitcher_strikeouts|name:keider montero|under|4.5,MLB|pitcher_strikeouts|name:keider montero|under|4.5|draftkings,xgboost_champion,champion,pitcher_k_model_v1,mlb_pitcher_props_policy_v1,4.771941661834717,4.771941661834717,2.359137921704213,7.18474540196522,2.412803740130504,-0.2719416618347168,False,,,,7,,,2026-05-27T10:46:56.053157-04:00,current_workflow
2026-05-26|ridge_challenger|2026-05-26|MLB|pitcher_strikeouts|name:keider montero|under|4.5|fanduel,2026-05-26|MLB|pitcher_strikeouts|name:keider montero|under|4.5|fanduel,2026-05-26,keider montero,mlbam_player:672456,mlbam_player:672456,672456,mlbam_player,keider montero,MLB,pitcher_strikeouts,player_prop,pitcher_k,DET,LAA,FanDuel,fanduel,6c64b931bb7cda75b570159a5a4ed328,Under,under,4.5,-152,MLB|pitcher_strikeouts|name:keider montero|under|4.5,MLB|pitcher_strikeouts|name:keider montero|under|4.5|fanduel,ridge_challenger,challenger,single_stage_direct_count_regression_ridge_shadow_alpha_0.01,mlb_pitcher_props_policy_v1,4.904607099114589,4.904607099114589,2.4495353801821267,7.359678818047051,2.4550717189324622,-0.4046070991145889,False,,,,7,,,2026-05-27T10:46:56.053157-04:00,current_workflow
2026-05-26|xgboost_champion|2026-05-26|MLB|pitcher_strikeouts|name:keider montero|under|4.5|fanduel,2026-05-26|MLB|pitcher_strikeouts|name:keider montero|under|4.5|fanduel,2026-05-26,keider montero,mlbam_player:672456,mlbam_player:672456,672456,mlbam_player,keider montero,MLB,pitcher_strikeouts,player_prop,pitcher_k,DET,LAA,FanDuel,fanduel,6c64b931bb7cda75b570159a5a4ed328,Under,under,4.5,-152,MLB|pitcher_strikeouts|name:keider montero|under|4.5,MLB|pitcher_strikeouts|name:keider montero|under|4.5|fanduel,xgboost_champion,champion,pitcher_k_model_v1,mlb_pitcher_props_policy_v1,4.771941661834717,4.771941661834717,2.359137921704213,7.18474540196522,2.412803740130504,-0.2719416618347168,False,,,,7,,,2026-05-27T10:46:56.053157-04:00,current_workflow
2026-05-26|ridge_challenger|2026-05-26|MLB|pitcher_strikeouts|name:kyle freeland|over|3.5|betmgm,2026-05-26|MLB|pitcher_strikeouts|name:kyle freeland|over|3.5|betmgm,2026-05-26,kyle freeland,mlbam_player:607536,mlbam_player:607536,607536,mlbam_player,kyle freeland,MLB,pitcher_strikeouts,player_prop,pitcher_k,COL,LAD,BetMGM,betmgm,acd23c21d644ac44611a206f197cdd6b,Over,over,3.5,-135,MLB|pitcher_strikeouts|name:kyle freeland|over|3.5,MLB|pitcher_strikeouts|name:kyle freeland|over|3.5|betmgm,ridge_challenger,challenger,single_stage_direct_count_regression_ridge_shadow_alpha_0.01,mlb_pitcher_props_policy_v1,4.820738553407689,4.820738553407689,1.0737832999623107,8.567693806853068,3.7469552534453774,1.320738553407689,False,,,,4,,,2026-05-27T10:46:56.053157-04:00,current_workflow
2026-05-26|xgboost_champion|2026-05-26|MLB|pitcher_strikeouts|name:kyle freeland|over|3.5|betmgm,2026-05-26|MLB|pitcher_strikeouts|name:kyle freeland|over|3.5|betmgm,2026-05-26,kyle freeland,mlbam_player:607536,mlbam_player:607536,607536,mlbam_player,kyle freeland,MLB,pitcher_strikeouts,player_prop,pitcher_k,COL,LAD,BetMGM,betmgm,acd23c21d644ac44611a206f197cdd6b,Over,over,3.5,-135,MLB|pitcher_strikeouts|name:kyle freeland|over|3.5,MLB|pitcher_strikeouts|name:kyle freeland|over|3.5|betmgm,xgboost_champion,champion,pitcher_k_model_v1,mlb_pitcher_props_policy_v1,4.732542037963867,4.732542037963867,1.0500966006689452,8.414987475258789,3.682445437294922,1.2325420379638672,False,,,,4,,,2026-05-27T10:46:56.053157-04:00,current_workflow
2026-05-26|ridge_challenger|2026-05-26|MLB|pitcher_strikeouts|name:kyle freeland|over|3.5|draftkings,2026-05-26|MLB|pitcher_strikeouts|name:kyle freeland|over|3.5|draftkings,2026-05-26,kyle freeland,mlbam_player:607536,mlbam_player:607536,607536,mlbam_player,kyle freeland,MLB,pitcher_strikeouts,player_prop,pitcher_k,COL,LAD,DraftKings,draftkings,acd23c21d644ac44611a206f197cdd6b,Over,over,3.5,-133,MLB|pitcher_strikeouts|name:kyle freeland|over|3.5,MLB|pitcher_strikeouts|name:kyle freeland|over|3.5|draftkings,ridge_challenger,challenger,single_stage_direct_count_regression_ridge_shadow_alpha_0.01,mlb_pitcher_props_policy_v1,4.820738553407689,4.820738553407689,1.0737832999623107,8.567693806853068,3.7469552534453774,1.320738553407689,True,5.0,official,high,4,W,0.7518796992481203,2026-05-27T10:46:56.053157-04:00,current_workflow
2026-05-26|xgboost_champion|2026-05-26|MLB|pitcher_strikeouts|name:kyle freeland|over|3.5|draftkings,2026-05-26|MLB|pitcher_strikeouts|name:kyle freeland|over|3.5|draftkings,2026-05-26,kyle freeland,mlbam_player:607536,mlbam_player:607536,607536,mlbam_player,kyle freeland,MLB,pitcher_strikeouts,player_prop,pitcher_k,COL,LAD,DraftKings,draftkings,acd23c21d644ac44611a206f197cdd6b,Over,over,3.5,-133,MLB|pitcher_strikeouts|name:kyle freeland|over|3.5,MLB|pitcher_strikeouts|name:kyle freeland|over|3.5|draftkings,xgboost_champion,champion,pitcher_k_model_v1,mlb_pitcher_props_policy_v1,4.732542037963867,4.732542037963867,1.0500966006689452,8.414987475258789,3.682445437294922,1.2325420379638672,True,6.0,official,high,4,W,0.7518796992481203,2026-05-27T10:46:56.053157-04:00,current_workflow
2026-05-26|ridge_challenger|2026-05-26|MLB|pitcher_strikeouts|name:kyle freeland|over|3.5|fanduel,2026-05-26|MLB|pitcher_strikeouts|name:kyle freeland|over|3.5|fanduel,2026-05-26,kyle freeland,mlbam_player:607536,mlbam_player:607536,607536,mlbam_player,kyle freeland,MLB,pitcher_strikeouts,player_prop,pitcher_k,COL,LAD,FanDuel,fanduel,acd23c21d644ac44611a206f197cdd6b,Over,over,3.5,-140,MLB|pitcher_strikeouts|name:kyle freeland|over|3.5,MLB|pitcher_strikeouts|name:kyle freeland|over|3.5|fanduel,ridge_challenger,challenger,single_stage_direct_count_regression_ridge_shadow_alpha_0.01,mlb_pitcher_props_policy_v1,4.820738553407689,4.820738553407689,1.0737832999623107,8.567693806853068,3.7469552534453774,1.320738553407689,False,,,,4,,,2026-05-27T10:46:56.053157-04:00,current_workflow
2026-05-26|xgboost_champion|2026-05-26|MLB|pitcher_strikeouts|name:kyle freeland|over|3.5|fanduel,2026-05-26|MLB|pitcher_strikeouts|name:kyle freeland|over|3.5|fanduel,2026-05-26,kyle freeland,mlbam_player:607536,mlbam_player:607536,607536,mlbam_player,kyle freeland,MLB,pitcher_strikeouts,player_prop,pitcher_k,COL,LAD,FanDuel,fanduel,acd23c21d644ac44611a206f197cdd6b,Over,over,3.5,-140,MLB|pitcher_strikeouts|name:kyle freeland|over|3.5,MLB|pitcher_strikeouts|name:kyle freeland|over|3.5|fanduel,xgboost_champion,champion,pitcher_k_model_v1,mlb_pitcher_props_policy_v1,4.732542037963867,4.732542037963867,1.0500966006689452,8.414987475258789,3.682445437294922,1.2325420379638672,False,,,,4,,,2026-05-27T10:46:56.053157-04:00,current_workflow
2026-05-26|ridge_challenger|2026-05-26|MLB|pitcher_strikeouts|name:kyle freeland|under|3.5|betmgm,2026-05-26|MLB|pitcher_strikeouts|name:kyle freeland|under|3.5|betmgm,2026-05-26,kyle freeland,mlbam_player:607536,mlbam_player:607536,607536,mlbam_player,kyle freeland,MLB,pitcher_strikeouts,player_prop,pitcher_k,COL,LAD,BetMGM,betmgm,acd23c21d644ac44611a206f197cdd6b,Under,under,3.5,100,MLB|pitcher_strikeouts|name:kyle freeland|under|3.5,MLB|pitcher_strikeouts|name:kyle freeland|under|3.5|betmgm,ridge_challenger,challenger,single_stage_direct_count_regression_ridge_shadow_alpha_0.01,mlb_pitcher_props_policy_v1,4.820738553407689,4.820738553407689,1.0737832999623107,8.567693806853068,3.7469552534453774,-1.320738553407689,False,,,,4,,,2026-05-27T10:46:56.053157-04:00,current_workflow
2026-05-26|xgboost_champion|2026-05-26|MLB|pitcher_strikeouts|name:kyle freeland|under|3.5|betmgm,2026-05-26|MLB|pitcher_strikeouts|name:kyle freeland|under|3.5|betmgm,2026-05-26,kyle freeland,mlbam_player:607536,mlbam_player:607536,607536,mlbam_player,kyle freeland,MLB,pitcher_strikeouts,player_prop,pitcher_k,COL,LAD,BetMGM,betmgm,acd23c21d644ac44611a206f197cdd6b,Under,under,3.5,100,MLB|pitcher_strikeouts|name:kyle freeland|under|3.5,MLB|pitcher_strikeouts|name:kyle freeland|under|3.5|betmgm,xgboost_champion,champion,pitcher_k_model_v1,mlb_pitcher_props_policy_v1,4.732542037963867,4.732542037963867,1.0500966006689452,8.414987475258789,3.682445437294922,-1.2325420379638672,False,,,,4,,,2026-05-27T10:46:56.053157-04:00,current_workflow
2026-05-26|ridge_challenger|2026-05-26|MLB|pitcher_strikeouts|name:kyle freeland|under|3.5|draftkings,2026-05-26|MLB|pitcher_strikeouts|name:kyle freeland|under|3.5|draftkings,2026-05-26,kyle freeland,mlbam_player:607536,mlbam_player:607536,607536,mlbam_player,kyle freeland,MLB,pitcher_strikeouts,player_prop,pitcher_k,COL,LAD,DraftKings,draftkings,acd23c21d644ac44611a206f197cdd6b,Under,under,3.5,104,MLB|pitcher_strikeouts|name:kyle freeland|under|3.5,MLB|pitcher_strikeouts|name:kyle freeland|under|3.5|draftkings,ridge_challenger,challenger,single_stage_direct_count_regression_ridge_shadow_alpha_0.01,mlb_pitcher_props_policy_v1,4.820738553407689,4.820738553407689,1.0737832999623107,8.567693806853068,3.7469552534453774,-1.320738553407689,False,,,,4,,,2026-05-27T10:46:56.053157-04:00,current_workflow
2026-05-26|xgboost_champion|2026-05-26|MLB|pitcher_strikeouts|name:kyle freeland|under|3.5|draftkings,2026-05-26|MLB|pitcher_strikeouts|name:kyle freeland|under|3.5|draftkings,2026-05-26,kyle freeland,mlbam_player:607536,mlbam_player:607536,607536,mlbam_player,kyle freeland,MLB,pitcher_strikeouts,player_prop,pitcher_k,COL,LAD,DraftKings,draftkings,acd23c21d644ac44611a206f197cdd6b,Under,under,3.5,104,MLB|pitcher_strikeouts|name:kyle freeland|under|3.5,MLB|pitcher_strikeouts|name:kyle freeland|under|3.5|draftkings,xgboost_champion,champion,pitcher_k_model_v1,mlb_pitcher_props_policy_v1,4.732542037963867,4.732542037963867,1.0500966006689452,8.414987475258789,3.682445437294922,-1.2325420379638672,False,,,,4,,,2026-05-27T10:46:56.053157-04:00,current_workflow
2026-05-26|ridge_challenger|2026-05-26|MLB|pitcher_strikeouts|name:kyle freeland|under|3.5|fanduel,2026-05-26|MLB|pitcher_strikeouts|name:kyle freeland|under|3.5|fanduel,2026-05-26,kyle freeland,mlbam_player:607536,mlbam_player:607536,607536,mlbam_player,kyle freeland,MLB,pitcher_strikeouts,player_prop,pitcher_k,COL,LAD,FanDuel,fanduel,acd23c21d644ac44611a206f197cdd6b,Under,under,3.5,106,MLB|pitcher_strikeouts|name:kyle freeland|under|3.5,MLB|pitcher_strikeouts|name:kyle freeland|under|3.5|fanduel,ridge_challenger,challenger,single_stage_direct_count_regression_ridge_shadow_alpha_0.01,mlb_pitcher_props_policy_v1,4.820738553407689,4.820738553407689,1.0737832999623107,8.567693806853068,3.7469552534453774,-1.320738553407689,False,,,,4,,,2026-05-27T10:46:56.053157-04:00,current_workflow
2026-05-26|xgboost_champion|2026-05-26|MLB|pitcher_strikeouts|name:kyle freeland|under|3.5|fanduel,2026-05-26|MLB|pitcher_strikeouts|name:kyle freeland|under|3.5|fanduel,2026-05-26,kyle freeland,mlbam_player:607536,mlbam_player:607536,607536,mlbam_player,kyle freeland,MLB,pitcher_strikeouts,player_prop,pitcher_k,COL,LAD,FanDuel,fanduel,acd23c21d644ac44611a206f197cdd6b,Under,under,3.5,106,MLB|pitcher_strikeouts|name:kyle freeland|under|3.5,MLB|pitcher_strikeouts|name:kyle freeland|under|3.5|fanduel,xgboost_champion,champion,pitcher_k_model_v1,mlb_pitcher_props_policy_v1,4.732542037963867,4.732542037963867,1.0500966006689452,8.414987475258789,3.682445437294922,-1.2325420379638672,False,,,,4,,,2026-05-27T10:46:56.053157-04:00,current_workflow
2026-05-26|ridge_challenger|2026-05-26|MLB|pitcher_strikeouts|name:kyle harrison|over|6.5|betmgm,2026-05-26|MLB|pitcher_strikeouts|name:kyle harrison|over|6.5|betmgm,2026-05-26,kyle harrison,mlbam_player:690986,mlbam_player:690986,690986,mlbam_player,kyle harrison,MLB,pitcher_strikeouts,player_prop,pitcher_k,MIL,STL,BetMGM,betmgm,99d8354792f828bd962e089d4ab8c5bf,Over,over,6.5,-105,MLB|pitcher_strikeouts|name:kyle harrison|over|6.5,MLB|pitcher_strikeouts|name:kyle harrison|over|6.5|betmgm,ridge_challenger,challenger,single_stage_direct_count_regression_ridge_shadow_alpha_0.01,mlb_pitcher_props_policy_v1,4.591712746306901,4.591712746306901,2.2631469221996703,6.920278570414132,2.3285658241072307,-1.908287253693099,False,,,,2,,,2026-05-27T10:46:56.053157-04:00,current_workflow
2026-05-26|xgboost_champion|2026-05-26|MLB|pitcher_strikeouts|name:kyle harrison|over|6.5|betmgm,2026-05-26|MLB|pitcher_strikeouts|name:kyle harrison|over|6.5|betmgm,2026-05-26,kyle harrison,mlbam_player:690986,mlbam_player:690986,690986,mlbam_player,kyle harrison,MLB,pitcher_strikeouts,player_prop,pitcher_k,MIL,STL,BetMGM,betmgm,99d8354792f828bd962e089d4ab8c5bf,Over,over,6.5,-105,MLB|pitcher_strikeouts|name:kyle harrison|over|6.5,MLB|pitcher_strikeouts|name:kyle harrison|over|6.5|betmgm,xgboost_champion,champion,pitcher_k_model_v1,mlb_pitcher_props_policy_v1,4.484465599060059,4.484465599060059,2.1959897528273347,6.772941445292783,2.288475846232724,-2.0155344009399414,False,,,,2,,,2026-05-27T10:46:56.053157-04:00,current_workflow
2026-05-26|ridge_challenger|2026-05-26|MLB|pitcher_strikeouts|name:kyle harrison|over|6.5|draftkings,2026-05-26|MLB|pitcher_strikeouts|name:kyle harrison|over|6.5|draftkings,2026-05-26,kyle harrison,mlbam_player:690986,mlbam_player:690986,690986,mlbam_player,kyle harrison,MLB,pitcher_strikeouts,player_prop,pitcher_k,MIL,STL,DraftKings,draftkings,99d8354792f828bd962e089d4ab8c5bf,Over,over,6.5,110,MLB|pitcher_strikeouts|name:kyle harrison|over|6.5,MLB|pitcher_strikeouts|name:kyle harrison|over|6.5|draftkings,ridge_challenger,challenger,single_stage_direct_count_regression_ridge_shadow_alpha_0.01,mlb_pitcher_props_policy_v1,4.591712746306901,4.591712746306901,2.2631469221996703,6.920278570414132,2.3285658241072307,-1.908287253693099,False,,,,2,,,2026-05-27T10:46:56.053157-04:00,current_workflow
2026-05-26|xgboost_champion|2026-05-26|MLB|pitcher_strikeouts|name:kyle harrison|over|6.5|draftkings,2026-05-26|MLB|pitcher_strikeouts|name:kyle harrison|over|6.5|draftkings,2026-05-26,kyle harrison,mlbam_player:690986,mlbam_player:690986,690986,mlbam_player,kyle harrison,MLB,pitcher_strikeouts,player_prop,pitcher_k,MIL,STL,DraftKings,draftkings,99d8354792f828bd962e089d4ab8c5bf,Over,over,6.5,110,MLB|pitcher_strikeouts|name:kyle harrison|over|6.5,MLB|pitcher_strikeouts|name:kyle harrison|over|6.5|draftkings,xgboost_champion,champion,pitcher_k_model_v1,mlb_pitcher_props_policy_v1,4.484465599060059,4.484465599060059,2.1959897528273347,6.772941445292783,2.288475846232724,-2.0155344009399414,False,,,,2,,,2026-05-27T10:46:56.053157-04:00,current_workflow
2026-05-26|ridge_challenger|2026-05-26|MLB|pitcher_strikeouts|name:kyle harrison|over|6.5|fanduel,2026-05-26|MLB|pitcher_strikeouts|name:kyle harrison|over|6.5|fanduel,2026-05-26,kyle harrison,mlbam_player:690986,mlbam_player:690986,690986,mlbam_player,kyle harrison,MLB,pitcher_strikeouts,player_prop,pitcher_k,MIL,STL,FanDuel,fanduel,99d8354792f828bd962e089d4ab8c5bf,Over,over,6.5,114,MLB|pitcher_strikeouts|name:kyle harrison|over|6.5,MLB|pitcher_strikeouts|name:kyle harrison|over|6.5|fanduel,ridge_challenger,challenger,single_stage_direct_count_regression_ridge_shadow_alpha_0.01,mlb_pitcher_props_policy_v1,4.591712746306901,4.591712746306901,2.2631469221996703,6.920278570414132,2.3285658241072307,-1.908287253693099,False,,,,2,,,2026-05-27T10:46:56.053157-04:00,current_workflow
2026-05-26|xgboost_champion|2026-05-26|MLB|pitcher_strikeouts|name:kyle harrison|over|6.5|fanduel,2026-05-26|MLB|pitcher_strikeouts|name:kyle harrison|over|6.5|fanduel,2026-05-26,kyle harrison,mlbam_player:690986,mlbam_player:690986,690986,mlbam_player,kyle harrison,MLB,pitcher_strikeouts,player_prop,pitcher_k,MIL,STL,FanDuel,fanduel,99d8354792f828bd962e089d4ab8c5bf,Over,over,6.5,114,MLB|pitcher_strikeouts|name:kyle harrison|over|6.5,MLB|pitcher_strikeouts|name:kyle harrison|over|6.5|fanduel,xgboost_champion,champion,pitcher_k_model_v1,mlb_pitcher_props_policy_v1,4.484465599060059,4.484465599060059,2.1959897528273347,6.772941445292783,2.288475846232724,-2.0155344009399414,False,,,,2,,,2026-05-27T10:46:56.053157-04:00,current_workflow
2026-05-26|ridge_challenger|2026-05-26|MLB|pitcher_strikeouts|name:kyle harrison|under|6.5|betmgm,2026-05-26|MLB|pitcher_strikeouts|name:kyle harrison|under|6.5|betmgm,2026-05-26,kyle harrison,mlbam_player:690986,mlbam_player:690986,690986,mlbam_player,kyle harrison,MLB,pitcher_strikeouts,player_prop,pitcher_k,MIL,STL,BetMGM,betmgm,99d8354792f828bd962e089d4ab8c5bf,Under,under,6.5,-125,MLB|pitcher_strikeouts|name:kyle harrison|under|6.5,MLB|pitcher_strikeouts|name:kyle harrison|under|6.5|betmgm,ridge_challenger,challenger,single_stage_direct_count_regression_ridge_shadow_alpha_0.01,mlb_pitcher_props_policy_v1,4.591712746306901,4.591712746306901,2.2631469221996703,6.920278570414132,2.3285658241072307,1.908287253693099,True,1.0,official,high,2,W,0.8,2026-05-27T10:46:56.053157-04:00,current_workflow
2026-05-26|xgboost_champion|2026-05-26|MLB|pitcher_strikeouts|name:kyle harrison|under|6.5|betmgm,2026-05-26|MLB|pitcher_strikeouts|name:kyle harrison|under|6.5|betmgm,2026-05-26,kyle harrison,mlbam_player:690986,mlbam_player:690986,690986,mlbam_player,kyle harrison,MLB,pitcher_strikeouts,player_prop,pitcher_k,MIL,STL,BetMGM,betmgm,99d8354792f828bd962e089d4ab8c5bf,Under,under,6.5,-125,MLB|pitcher_strikeouts|name:kyle harrison|under|6.5,MLB|pitcher_strikeouts|name:kyle harrison|under|6.5|betmgm,xgboost_champion,champion,pitcher_k_model_v1,mlb_pitcher_props_policy_v1,4.484465599060059,4.484465599060059,2.1959897528273347,6.772941445292783,2.288475846232724,2.0155344009399414,True,1.0,official,high,2,W,0.8,2026-05-27T10:46:56.053157-04:00,current_workflow
2026-05-26|ridge_challenger|2026-05-26|MLB|pitcher_strikeouts|name:kyle harrison|under|6.5|draftkings,2026-05-26|MLB|pitcher_strikeouts|name:kyle harrison|under|6.5|draftkings,2026-05-26,kyle harrison,mlbam_player:690986,mlbam_player:690986,690986,mlbam_player,kyle harrison,MLB,pitcher_strikeouts,player_prop,pitcher_k,MIL,STL,DraftKings,draftkings,99d8354792f828bd962e089d4ab8c5bf,Under,under,6.5,-140,MLB|pitcher_strikeouts|name:kyle harrison|under|6.5,MLB|pitcher_strikeouts|name:kyle harrison|under|6.5|draftkings,ridge_challenger,challenger,single_stage_direct_count_regression_ridge_shadow_alpha_0.01,mlb_pitcher_props_policy_v1,4.591712746306901,4.591712746306901,2.2631469221996703,6.920278570414132,2.3285658241072307,1.908287253693099,False,,,,2,,,2026-05-27T10:46:56.053157-04:00,current_workflow
2026-05-26|xgboost_champion|2026-05-26|MLB|pitcher_strikeouts|name:kyle harrison|under|6.5|draftkings,2026-05-26|MLB|pitcher_strikeouts|name:kyle harrison|under|6.5|draftkings,2026-05-26,kyle harrison,mlbam_player:690986,mlbam_player:690986,690986,mlbam_player,kyle harrison,MLB,pitcher_strikeouts,player_prop,pitcher_k,MIL,STL,DraftKings,draftkings,99d8354792f828bd962e089d4ab8c5bf,Under,under,6.5,-140,MLB|pitcher_strikeouts|name:kyle harrison|under|6.5,MLB|pitcher_strikeouts|name:kyle harrison|under|6.5|draftkings,xgboost_champion,champion,pitcher_k_model_v1,mlb_pitcher_props_policy_v1,4.484465599060059,4.484465599060059,2.1959897528273347,6.772941445292783,2.288475846232724,2.0155344009399414,False,,,,2,,,2026-05-27T10:46:56.053157-04:00,current_workflow
2026-05-26|ridge_challenger|2026-05-26|MLB|pitcher_strikeouts|name:kyle harrison|under|6.5|fanduel,2026-05-26|MLB|pitcher_strikeouts|name:kyle harrison|under|6.5|fanduel,2026-05-26,kyle harrison,mlbam_player:690986,mlbam_player:690986,690986,mlbam_player,kyle harrison,MLB,pitcher_strikeouts,player_prop,pitcher_k,MIL,STL,FanDuel,fanduel,99d8354792f828bd962e089d4ab8c5bf,Under,under,6.5,-140,MLB|pitcher_strikeouts|name:kyle harrison|under|6.5,MLB|pitcher_strikeouts|name:kyle harrison|under|6.5|fanduel,ridge_challenger,challenger,single_stage_direct_count_regression_ridge_shadow_alpha_0.01,mlb_pitcher_props_policy_v1,4.591712746306901,4.591712746306901,2.2631469221996703,6.920278570414132,2.3285658241072307,1.908287253693099,False,,,,2,,,2026-05-27T10:46:56.053157-04:00,current_workflow
2026-05-26|xgboost_champion|2026-05-26|MLB|pitcher_strikeouts|name:kyle harrison|under|6.5|fanduel,2026-05-26|MLB|pitcher_strikeouts|name:kyle harrison|under|6.5|fanduel,2026-05-26,kyle harrison,mlbam_player:690986,mlbam_player:690986,690986,mlbam_player,kyle harrison,MLB,pitcher_strikeouts,player_prop,pitcher_k,MIL,STL,FanDuel,fanduel,99d8354792f828bd962e089d4ab8c5bf,Under,under,6.5,-140,MLB|pitcher_strikeouts|name:kyle harrison|under|6.5,MLB|pitcher_strikeouts|name:kyle harrison|under|6.5|fanduel,xgboost_champion,champion,pitcher_k_model_v1,mlb_pitcher_props_policy_v1,4.484465599060059,4.484465599060059,2.1959897528273347,6.772941445292783,2.288475846232724,2.0155344009399414,False,,,,2,,,2026-05-27T10:46:56.053157-04:00,current_workflow
2026-05-26|ridge_challenger|2026-05-26|MLB|pitcher_strikeouts|name:michael mcgreevy|over|3.5|betmgm,2026-05-26|MLB|pitcher_strikeouts|name:michael mcgreevy|over|3.5|betmgm,2026-05-26,michael mcgreevy,mlbam_player:700241,mlbam_player:700241,700241,mlbam_player,michael mcgreevy,MLB,pitcher_strikeouts,player_prop,pitcher_k,STL,MIL,BetMGM,betmgm,99d8354792f828bd962e089d4ab8c5bf,Over,over,3.5,-110,MLB|pitcher_strikeouts|name:michael mcgreevy|over|3.5,MLB|pitcher_strikeouts|name:michael mcgreevy|over|3.5|betmgm,ridge_challenger,challenger,single_stage_direct_count_regression_ridge_shadow_alpha_0.01,mlb_pitcher_props_policy_v1,3.996746449294711,3.996746449294711,0.943970899456855,7.049521999132567,3.052775549837856,0.4967464492947111,True,16.0,lean,low,6,W,0.9090909090909092,2026-05-27T10:46:56.053157-04:00,current_workflow
2026-05-26|xgboost_champion|2026-05-26|MLB|pitcher_strikeouts|name:michael mcgreevy|over|3.5|betmgm,2026-05-26|MLB|pitcher_strikeouts|name:michael mcgreevy|over|3.5|betmgm,2026-05-26,michael mcgreevy,mlbam_player:700241,mlbam_player:700241,700241,mlbam_player,michael mcgreevy,MLB,pitcher_strikeouts,player_prop,pitcher_k,STL,MIL,BetMGM,betmgm,99d8354792f828bd962e089d4ab8c5bf,Over,over,3.5,-110,MLB|pitcher_strikeouts|name:michael mcgreevy|over|3.5,MLB|pitcher_strikeouts|name:michael mcgreevy|over|3.5|betmgm,xgboost_champion,champion,pitcher_k_model_v1,mlb_pitcher_props_policy_v1,3.76612401008606,3.76612401008606,0.7659068646453644,6.766341155526755,3.000217145440695,0.2661240100860595,False,,,,6,,,2026-05-27T10:46:56.053157-04:00,current_workflow
2026-05-26|ridge_challenger|2026-05-26|MLB|pitcher_strikeouts|name:michael mcgreevy|over|3.5|draftkings,2026-05-26|MLB|pitcher_strikeouts|name:michael mcgreevy|over|3.5|draftkings,2026-05-26,michael mcgreevy,mlbam_player:700241,mlbam_player:700241,700241,mlbam_player,michael mcgreevy,MLB,pitcher_strikeouts,player_prop,pitcher_k,STL,MIL,DraftKings,draftkings,99d8354792f828bd962e089d4ab8c5bf,Over,over,3.5,-115,MLB|pitcher_strikeouts|name:michael mcgreevy|over|3.5,MLB|pitcher_strikeouts|name:michael mcgreevy|over|3.5|draftkings,ridge_challenger,challenger,single_stage_direct_count_regression_ridge_shadow_alpha_0.01,mlb_pitcher_props_policy_v1,3.996746449294711,3.996746449294711,0.943970899456855,7.049521999132567,3.052775549837856,0.4967464492947111,False,,,,6,,,2026-05-27T10:46:56.053157-04:00,current_workflow
2026-05-26|xgboost_champion|2026-05-26|MLB|pitcher_strikeouts|name:michael mcgreevy|over|3.5|draftkings,2026-05-26|MLB|pitcher_strikeouts|name:michael mcgreevy|over|3.5|draftkings,2026-05-26,michael mcgreevy,mlbam_player:700241,mlbam_player:700241,700241,mlbam_player,michael mcgreevy,MLB,pitcher_strikeouts,player_prop,pitcher_k,STL,MIL,DraftKings,draftkings,99d8354792f828bd962e089d4ab8c5bf,Over,over,3.5,-115,MLB|pitcher_strikeouts|name:michael mcgreevy|over|3.5,MLB|pitcher_strikeouts|name:michael mcgreevy|over|3.5|draftkings,xgboost_champion,champion,pitcher_k_model_v1,mlb_pitcher_props_policy_v1,3.76612401008606,3.76612401008606,0.7659068646453644,6.766341155526755,3.000217145440695,0.2661240100860595,False,,,,6,,,2026-05-27T10:46:56.053157-04:00,current_workflow
2026-05-26|ridge_challenger|2026-05-26|MLB|pitcher_strikeouts|name:michael mcgreevy|over|3.5|fanduel,2026-05-26|MLB|pitcher_strikeouts|name:michael mcgreevy|over|3.5|fanduel,2026-05-26,michael mcgreevy,mlbam_player:700241,mlbam_player:700241,700241,mlbam_player,michael mcgreevy,MLB,pitcher_strikeouts,player_prop,pitcher_k,STL,MIL,FanDuel,fanduel,99d8354792f828bd962e089d4ab8c5bf,Over,over,3.5,-122,MLB|pitcher_strikeouts|name:michael mcgreevy|over|3.5,MLB|pitcher_strikeouts|name:michael mcgreevy|over|3.5|fanduel,ridge_challenger,challenger,single_stage_direct_count_regression_ridge_shadow_alpha_0.01,mlb_pitcher_props_policy_v1,3.996746449294711,3.996746449294711,0.943970899456855,7.049521999132567,3.052775549837856,0.4967464492947111,False,,,,6,,,2026-05-27T10:46:56.053157-04:00,current_workflow
2026-05-26|xgboost_champion|2026-05-26|MLB|pitcher_strikeouts|name:michael mcgreevy|over|3.5|fanduel,2026-05-26|MLB|pitcher_strikeouts|name:michael mcgreevy|over|3.5|fanduel,2026-05-26,michael mcgreevy,mlbam_player:700241,mlbam_player:700241,700241,mlbam_player,michael mcgreevy,MLB,pitcher_strikeouts,player_prop,pitcher_k,STL,MIL,FanDuel,fanduel,99d8354792f828bd962e089d4ab8c5bf,Over,over,3.5,-122,MLB|pitcher_strikeouts|name:michael mcgreevy|over|3.5,MLB|pitcher_strikeouts|name:michael mcgreevy|over|3.5|fanduel,xgboost_champion,champion,pitcher_k_model_v1,mlb_pitcher_props_policy_v1,3.76612401008606,3.76612401008606,0.7659068646453644,6.766341155526755,3.000217145440695,0.2661240100860595,False,,,,6,,,2026-05-27T10:46:56.053157-04:00,current_workflow
2026-05-26|ridge_challenger|2026-05-26|MLB|pitcher_strikeouts|name:michael mcgreevy|under|3.5|betmgm,2026-05-26|MLB|pitcher_strikeouts|name:michael mcgreevy|under|3.5|betmgm,2026-05-26,michael mcgreevy,mlbam_player:700241,mlbam_player:700241,700241,mlbam_player,michael mcgreevy,MLB,pitcher_strikeouts,player_prop,pitcher_k,STL,MIL,BetMGM,betmgm,99d8354792f828bd962e089d4ab8c5bf,Under,under,3.5,-118,MLB|pitcher_strikeouts|name:michael mcgreevy|under|3.5,MLB|pitcher_strikeouts|name:michael mcgreevy|under|3.5|betmgm,ridge_challenger,challenger,single_stage_direct_count_regression_ridge_shadow_alpha_0.01,mlb_pitcher_props_policy_v1,3.996746449294711,3.996746449294711,0.943970899456855,7.049521999132567,3.052775549837856,-0.4967464492947111,False,,,,6,,,2026-05-27T10:46:56.053157-04:00,current_workflow
2026-05-26|xgboost_champion|2026-05-26|MLB|pitcher_strikeouts|name:michael mcgreevy|under|3.5|betmgm,2026-05-26|MLB|pitcher_strikeouts|name:michael mcgreevy|under|3.5|betmgm,2026-05-26,michael mcgreevy,mlbam_player:700241,mlbam_player:700241,700241,mlbam_player,michael mcgreevy,MLB,pitcher_strikeouts,player_prop,pitcher_k,STL,MIL,BetMGM,betmgm,99d8354792f828bd962e089d4ab8c5bf,Under,under,3.5,-118,MLB|pitcher_strikeouts|name:michael mcgreevy|under|3.5,MLB|pitcher_strikeouts|name:michael mcgreevy|under|3.5|betmgm,xgboost_champion,champion,pitcher_k_model_v1,mlb_pitcher_props_policy_v1,3.76612401008606,3.76612401008606,0.7659068646453644,6.766341155526755,3.000217145440695,-0.2661240100860595,False,,,,6,,,2026-05-27T10:46:56.053157-04:00,current_workflow
2026-05-26|ridge_challenger|2026-05-26|MLB|pitcher_strikeouts|name:michael mcgreevy|under|3.5|draftkings,2026-05-26|MLB|pitcher_strikeouts|name:michael mcgreevy|under|3.5|draftkings,2026-05-26,michael mcgreevy,mlbam_player:700241,mlbam_player:700241,700241,mlbam_player,michael mcgreevy,MLB,pitcher_strikeouts,player_prop,pitcher_k,STL,MIL,DraftKings,draftkings,99d8354792f828bd962e089d4ab8c5bf,Under,under,3.5,-111,MLB|pitcher_strikeouts|name:michael mcgreevy|under|3.5,MLB|pitcher_strikeouts|name:michael mcgreevy|under|3.5|draftkings,ridge_challenger,challenger,single_stage_direct_count_regression_ridge_shadow_alpha_0.01,mlb_pitcher_props_policy_v1,3.996746449294711,3.996746449294711,0.943970899456855,7.049521999132567,3.052775549837856,-0.4967464492947111,False,,,,6,,,2026-05-27T10:46:56.053157-04:00,current_workflow
2026-05-26|xgboost_champion|2026-05-26|MLB|pitcher_strikeouts|name:michael mcgreevy|under|3.5|draftkings,2026-05-26|MLB|pitcher_strikeouts|name:michael mcgreevy|under|3.5|draftkings,2026-05-26,michael mcgreevy,mlbam_player:700241,mlbam_player:700241,700241,mlbam_player,michael mcgreevy,MLB,pitcher_strikeouts,player_prop,pitcher_k,STL,MIL,DraftKings,draftkings,99d8354792f828bd962e089d4ab8c5bf,Under,under,3.5,-111,MLB|pitcher_strikeouts|name:michael mcgreevy|under|3.5,MLB|pitcher_strikeouts|name:michael mcgreevy|under|3.5|draftkings,xgboost_champion,champion,pitcher_k_model_v1,mlb_pitcher_props_policy_v1,3.76612401008606,3.76612401008606,0.7659068646453644,6.766341155526755,3.000217145440695,-0.2661240100860595,False,,,,6,,,2026-05-27T10:46:56.053157-04:00,current_workflow
2026-05-26|ridge_challenger|2026-05-26|MLB|pitcher_strikeouts|name:michael mcgreevy|under|3.5|fanduel,2026-05-26|MLB|pitcher_strikeouts|name:michael mcgreevy|under|3.5|fanduel,2026-05-26,michael mcgreevy,mlbam_player:700241,mlbam_player:700241,700241,mlbam_player,michael mcgreevy,MLB,pitcher_strikeouts,player_prop,pitcher_k,STL,MIL,FanDuel,fanduel,99d8354792f828bd962e089d4ab8c5bf,Under,under,3.5,-108,MLB|pitcher_strikeouts|name:michael mcgreevy|under|3.5,MLB|pitcher_strikeouts|name:michael mcgreevy|under|3.5|fanduel,ridge_challenger,challenger,single_stage_direct_count_regression_ridge_shadow_alpha_0.01,mlb_pitcher_props_policy_v1,3.996746449294711,3.996746449294711,0.943970899456855,7.049521999132567,3.052775549837856,-0.4967464492947111,False,,,,6,,,2026-05-27T10:46:56.053157-04:00,current_workflow
2026-05-26|xgboost_champion|2026-05-26|MLB|pitcher_strikeouts|name:michael mcgreevy|under|3.5|fanduel,2026-05-26|MLB|pitcher_strikeouts|name:michael mcgreevy|under|3.5|fanduel,2026-05-26,michael mcgreevy,mlbam_player:700241,mlbam_player:700241,700241,mlbam_player,michael mcgreevy,MLB,pitcher_strikeouts,player_prop,pitcher_k,STL,MIL,FanDuel,fanduel,99d8354792f828bd962e089d4ab8c5bf,Under,under,3.5,-108,MLB|pitcher_strikeouts|name:michael mcgreevy|under|3.5,MLB|pitcher_strikeouts|name:michael mcgreevy|under|3.5|fanduel,xgboost_champion,champion,pitcher_k_model_v1,mlb_pitcher_props_policy_v1,3.76612401008606,3.76612401008606,0.7659068646453644,6.766341155526755,3.000217145440695,-0.2661240100860595,False,,,,6,,,2026-05-27T10:46:56.053157-04:00,current_workflow
2026-05-26|ridge_challenger|2026-05-26|MLB|pitcher_strikeouts|name:randy vasquez|over|3.5|draftkings,2026-05-26|MLB|pitcher_strikeouts|name:randy vasquez|over|3.5|draftkings,2026-05-26,randy vasquez,mlbam_player:681190,mlbam_player:681190,681190,mlbam_player,randy vasquez,MLB,pitcher_strikeouts,player_prop,pitcher_k,SD,PHI,DraftKings,draftkings,82e37a8a126f9724f8872ec1669446da,Over,over,3.5,-143,MLB|pitcher_strikeouts|name:randy vasquez|over|3.5,MLB|pitcher_strikeouts|name:randy vasquez|over|3.5|draftkings,ridge_challenger,challenger,single_stage_direct_count_regression_ridge_shadow_alpha_0.01,mlb_pitcher_props_policy_v1,4.322849329769257,4.322849329769257,0.677403222648254,7.96829543689026,3.645446107121003,0.822849329769257,True,12.0,official,medium,2,L,-1.0,2026-05-27T10:46:56.053157-04:00,current_workflow
2026-05-26|xgboost_champion|2026-05-26|MLB|pitcher_strikeouts|name:randy vasquez|over|3.5|draftkings,2026-05-26|MLB|pitcher_strikeouts|name:randy vasquez|over|3.5|draftkings,2026-05-26,randy vasquez,mlbam_player:681190,mlbam_player:681190,681190,mlbam_player,randy vasquez,MLB,pitcher_strikeouts,player_prop,pitcher_k,SD,PHI,DraftKings,draftkings,82e37a8a126f9724f8872ec1669446da,Over,over,3.5,-143,MLB|pitcher_strikeouts|name:randy vasquez|over|3.5,MLB|pitcher_strikeouts|name:randy vasquez|over|3.5|draftkings,xgboost_champion,champion,pitcher_k_model_v1,mlb_pitcher_props_policy_v1,4.243382930755615,4.243382930755615,0.6606989977866875,7.826066863724543,3.582683932968928,0.7433829307556152,True,12.0,lean,medium,2,L,-1.0,2026-05-27T10:46:56.053157-04:00,current_workflow
2026-05-26|ridge_challenger|2026-05-26|MLB|pitcher_strikeouts|name:randy vasquez|over|3.5|fanduel,2026-05-26|MLB|pitcher_strikeouts|name:randy vasquez|over|3.5|fanduel,2026-05-26,randy vasquez,mlbam_player:681190,mlbam_player:681190,681190,mlbam_player,randy vasquez,MLB,pitcher_strikeouts,player_prop,pitcher_k,SD,PHI,FanDuel,fanduel,82e37a8a126f9724f8872ec1669446da,Over,over,3.5,-158,MLB|pitcher_strikeouts|name:randy vasquez|over|3.5,MLB|pitcher_strikeouts|name:randy vasquez|over|3.5|fanduel,ridge_challenger,challenger,single_stage_direct_count_regression_ridge_shadow_alpha_0.01,mlb_pitcher_props_policy_v1,4.322849329769257,4.322849329769257,0.677403222648254,7.96829543689026,3.645446107121003,0.822849329769257,False,,,,2,,,2026-05-27T10:46:56.053157-04:00,current_workflow
2026-05-26|xgboost_champion|2026-05-26|MLB|pitcher_strikeouts|name:randy vasquez|over|3.5|fanduel,2026-05-26|MLB|pitcher_strikeouts|name:randy vasquez|over|3.5|fanduel,2026-05-26,randy vasquez,mlbam_player:681190,mlbam_player:681190,681190,mlbam_player,randy vasquez,MLB,pitcher_strikeouts,player_prop,pitcher_k,SD,PHI,FanDuel,fanduel,82e37a8a126f9724f8872ec1669446da,Over,over,3.5,-158,MLB|pitcher_strikeouts|name:randy vasquez|over|3.5,MLB|pitcher_strikeouts|name:randy vasquez|over|3.5|fanduel,xgboost_champion,champion,pitcher_k_model_v1,mlb_pitcher_props_policy_v1,4.243382930755615,4.243382930755615,0.6606989977866875,7.826066863724543,3.582683932968928,0.7433829307556152,False,,,,2,,,2026-05-27T10:46:56.053157-04:00,current_workflow
2026-05-26|ridge_challenger|2026-05-26|MLB|pitcher_strikeouts|name:randy vasquez|over|4.5|betmgm,2026-05-26|MLB|pitcher_strikeouts|name:randy vasquez|over|4.5|betmgm,2026-05-26,randy vasquez,mlbam_player:681190,mlbam_player:681190,681190,mlbam_player,randy vasquez,MLB,pitcher_strikeouts,player_prop,pitcher_k,SD,PHI,BetMGM,betmgm,82e37a8a126f9724f8872ec1669446da,Over,over,4.5,125,MLB|pitcher_strikeouts|name:randy vasquez|over|4.5,MLB|pitcher_strikeouts|name:randy vasquez|over|4.5|betmgm,ridge_challenger,challenger,single_stage_direct_count_regression_ridge_shadow_alpha_0.01,mlb_pitcher_props_policy_v1,4.322849329769257,4.322849329769257,0.677403222648254,7.96829543689026,3.645446107121003,-0.177150670230743,False,,,,2,,,2026-05-27T10:46:56.053157-04:00,current_workflow
2026-05-26|xgboost_champion|2026-05-26|MLB|pitcher_strikeouts|name:randy vasquez|over|4.5|betmgm,2026-05-26|MLB|pitcher_strikeouts|name:randy vasquez|over|4.5|betmgm,2026-05-26,randy vasquez,mlbam_player:681190,mlbam_player:681190,681190,mlbam_player,randy vasquez,MLB,pitcher_strikeouts,player_prop,pitcher_k,SD,PHI,BetMGM,betmgm,82e37a8a126f9724f8872ec1669446da,Over,over,4.5,125,MLB|pitcher_strikeouts|name:randy vasquez|over|4.5,MLB|pitcher_strikeouts|name:randy vasquez|over|4.5|betmgm,xgboost_champion,champion,pitcher_k_model_v1,mlb_pitcher_props_policy_v1,4.243382930755615,4.243382930755615,0.6606989977866875,7.826066863724543,3.582683932968928,-0.2566170692443847,False,,,,2,,,2026-05-27T10:46:56.053157-04:00,current_workflow
2026-05-26|ridge_challenger|2026-05-26|MLB|pitcher_strikeouts|name:randy vasquez|under|3.5|draftkings,2026-05-26|MLB|pitcher_strikeouts|name:randy vasquez|under|3.5|draftkings,2026-05-26,randy vasquez,mlbam_player:681190,mlbam_player:681190,681190,mlbam_player,randy vasquez,MLB,pitcher_strikeouts,player_prop,pitcher_k,SD,PHI,DraftKings,draftkings,82e37a8a126f9724f8872ec1669446da,Under,under,3.5,112,MLB|pitcher_strikeouts|name:randy vasquez|under|3.5,MLB|pitcher_strikeouts|name:randy vasquez|under|3.5|draftkings,ridge_challenger,challenger,single_stage_direct_count_regression_ridge_shadow_alpha_0.01,mlb_pitcher_props_policy_v1,4.322849329769257,4.322849329769257,0.677403222648254,7.96829543689026,3.645446107121003,-0.822849329769257,False,,,,2,,,2026-05-27T10:46:56.053157-04:00,current_workflow
2026-05-26|xgboost_champion|2026-05-26|MLB|pitcher_strikeouts|name:randy vasquez|under|3.5|draftkings,2026-05-26|MLB|pitcher_strikeouts|name:randy vasquez|under|3.5|draftkings,2026-05-26,randy vasquez,mlbam_player:681190,mlbam_player:681190,681190,mlbam_player,randy vasquez,MLB,pitcher_strikeouts,player_prop,pitcher_k,SD,PHI,DraftKings,draftkings,82e37a8a126f9724f8872ec1669446da,Under,under,3.5,112,MLB|pitcher_strikeouts|name:randy vasquez|under|3.5,MLB|pitcher_strikeouts|name:randy vasquez|under|3.5|draftkings,xgboost_champion,champion,pitcher_k_model_v1,mlb_pitcher_props_policy_v1,4.243382930755615,4.243382930755615,0.6606989977866875,7.826066863724543,3.582683932968928,-0.7433829307556152,False,,,,2,,,2026-05-27T10:46:56.053157-04:00,current_workflow
2026-05-26|ridge_challenger|2026-05-26|MLB|pitcher_strikeouts|name:randy vasquez|under|3.5|fanduel,2026-05-26|MLB|pitcher_strikeouts|name:randy vasquez|under|3.5|fanduel,2026-05-26,randy vasquez,mlbam_player:681190,mlbam_player:681190,681190,mlbam_player,randy vasquez,MLB,pitcher_strikeouts,player_prop,pitcher_k,SD,PHI,FanDuel,fanduel,82e37a8a126f9724f8872ec1669446da,Under,under,3.5,128,MLB|pitcher_strikeouts|name:randy vasquez|under|3.5,MLB|pitcher_strikeouts|name:randy vasquez|under|3.5|fanduel,ridge_challenger,challenger,single_stage_direct_count_regression_ridge_shadow_alpha_0.01,mlb_pitcher_props_policy_v1,4.322849329769257,4.322849329769257,0.677403222648254,7.96829543689026,3.645446107121003,-0.822849329769257,False,,,,2,,,2026-05-27T10:46:56.053157-04:00,current_workflow
2026-05-26|xgboost_champion|2026-05-26|MLB|pitcher_strikeouts|name:randy vasquez|under|3.5|fanduel,2026-05-26|MLB|pitcher_strikeouts|name:randy vasquez|under|3.5|fanduel,2026-05-26,randy vasquez,mlbam_player:681190,mlbam_player:681190,681190,mlbam_player,randy vasquez,MLB,pitcher_strikeouts,player_prop,pitcher_k,SD,PHI,FanDuel,fanduel,82e37a8a126f9724f8872ec1669446da,Under,under,3.5,128,MLB|pitcher_strikeouts|name:randy vasquez|under|3.5,MLB|pitcher_strikeouts|name:randy vasquez|under|3.5|fanduel,xgboost_champion,champion,pitcher_k_model_v1,mlb_pitcher_props_policy_v1,4.243382930755615,4.243382930755615,0.6606989977866875,7.826066863724543,3.582683932968928,-0.7433829307556152,False,,,,2,,,2026-05-27T10:46:56.053157-04:00,current_workflow
2026-05-26|ridge_challenger|2026-05-26|MLB|pitcher_strikeouts|name:randy vasquez|under|4.5|betmgm,2026-05-26|MLB|pitcher_strikeouts|name:randy vasquez|under|4.5|betmgm,2026-05-26,randy vasquez,mlbam_player:681190,mlbam_player:681190,681190,mlbam_player,randy vasquez,MLB,pitcher_strikeouts,player_prop,pitcher_k,SD,PHI,BetMGM,betmgm,82e37a8a126f9724f8872ec1669446da,Under,under,4.5,-165,MLB|pitcher_strikeouts|name:randy vasquez|under|4.5,MLB|pitcher_strikeouts|name:randy vasquez|under|4.5|betmgm,ridge_challenger,challenger,single_stage_direct_count_regression_ridge_shadow_alpha_0.01,mlb_pitcher_props_policy_v1,4.322849329769257,4.322849329769257,0.677403222648254,7.96829543689026,3.645446107121003,0.177150670230743,False,,,,2,,,2026-05-27T10:46:56.053157-04:00,current_workflow
2026-05-26|xgboost_champion|2026-05-26|MLB|pitcher_strikeouts|name:randy vasquez|under|4.5|betmgm,2026-05-26|MLB|pitcher_strikeouts|name:randy vasquez|under|4.5|betmgm,2026-05-26,randy vasquez,mlbam_player:681190,mlbam_player:681190,681190,mlbam_player,randy vasquez,MLB,pitcher_strikeouts,player_prop,pitcher_k,SD,PHI,BetMGM,betmgm,82e37a8a126f9724f8872ec1669446da,Under,under,4.5,-165,MLB|pitcher_strikeouts|name:randy vasquez|under|4.5,MLB|pitcher_strikeouts|name:randy vasquez|under|4.5|betmgm,xgboost_champion,champion,pitcher_k_model_v1,mlb_pitcher_props_policy_v1,4.243382930755615,4.243382930755615,0.6606989977866875,7.826066863724543,3.582683932968928,0.2566170692443847,False,,,,2,,,2026-05-27T10:46:56.053157-04:00,current_workflow
2026-05-26|ridge_challenger|2026-05-26|MLB|pitcher_strikeouts|name:ranger suarez|over|4.5|betmgm,2026-05-26|MLB|pitcher_strikeouts|name:ranger suarez|over|4.5|betmgm,2026-05-26,ranger suarez,mlbam_player:624133,mlbam_player:624133,624133,mlbam_player,ranger suarez,MLB,pitcher_strikeouts,player_prop,pitcher_k,BOS,ATL,BetMGM,betmgm,990789f1b2f666667f7dad0fe7d8b8b8,Over,over,4.5,-105,MLB|pitcher_strikeouts|name:ranger suarez|over|4.5,MLB|pitcher_strikeouts|name:ranger suarez|over|4.5|betmgm,ridge_challenger,challenger,single_stage_direct_count_regression_ridge_shadow_alpha_0.01,mlb_pitcher_props_policy_v1,4.773939510941369,4.773939510941369,0.0,10.47773761248749,5.703798101546121,0.2739395109413687,False,,,,4,,,2026-05-27T10:46:56.053157-04:00,current_workflow
2026-05-26|xgboost_champion|2026-05-26|MLB|pitcher_strikeouts|name:ranger suarez|over|4.5|betmgm,2026-05-26|MLB|pitcher_strikeouts|name:ranger suarez|over|4.5|betmgm,2026-05-26,ranger suarez,mlbam_player:624133,mlbam_player:624133,624133,mlbam_player,ranger suarez,MLB,pitcher_strikeouts,player_prop,pitcher_k,BOS,ATL,BetMGM,betmgm,990789f1b2f666667f7dad0fe7d8b8b8,Over,over,4.5,-105,MLB|pitcher_strikeouts|name:ranger suarez|over|4.5,MLB|pitcher_strikeouts|name:ranger suarez|over|4.5|betmgm,xgboost_champion,champion,pitcher_k_model_v1,mlb_pitcher_props_policy_v1,4.732670783996582,4.732670783996582,0.0,10.338268895950694,5.605598111954111,0.232670783996582,False,,,,4,,,2026-05-27T10:46:56.053157-04:00,current_workflow
2026-05-26|ridge_challenger|2026-05-26|MLB|pitcher_strikeouts|name:ranger suarez|over|4.5|draftkings,2026-05-26|MLB|pitcher_strikeouts|name:ranger suarez|over|4.5|draftkings,2026-05-26,ranger suarez,mlbam_player:624133,mlbam_player:624133,624133,mlbam_player,ranger suarez,MLB,pitcher_strikeouts,player_prop,pitcher_k,BOS,ATL,DraftKings,draftkings,990789f1b2f666667f7dad0fe7d8b8b8,Over,over,4.5,-118,MLB|pitcher_strikeouts|name:ranger suarez|over|4.5,MLB|pitcher_strikeouts|name:ranger suarez|over|4.5|draftkings,ridge_challenger,challenger,single_stage_direct_count_regression_ridge_shadow_alpha_0.01,mlb_pitcher_props_policy_v1,4.773939510941369,4.773939510941369,0.0,10.47773761248749,5.703798101546121,0.2739395109413687,False,,,,4,,,2026-05-27T10:46:56.053157-04:00,current_workflow
2026-05-26|xgboost_champion|2026-05-26|MLB|pitcher_strikeouts|name:ranger suarez|over|4.5|draftkings,2026-05-26|MLB|pitcher_strikeouts|name:ranger suarez|over|4.5|draftkings,2026-05-26,ranger suarez,mlbam_player:624133,mlbam_player:624133,624133,mlbam_player,ranger suarez,MLB,pitcher_strikeouts,player_prop,pitcher_k,BOS,ATL,DraftKings,draftkings,990789f1b2f666667f7dad0fe7d8b8b8,Over,over,4.5,-118,MLB|pitcher_strikeouts|name:ranger suarez|over|4.5,MLB|pitcher_strikeouts|name:ranger suarez|over|4.5|draftkings,xgboost_champion,champion,pitcher_k_model_v1,mlb_pitcher_props_policy_v1,4.732670783996582,4.732670783996582,0.0,10.338268895950694,5.605598111954111,0.232670783996582,False,,,,4,,,2026-05-27T10:46:56.053157-04:00,current_workflow
2026-05-26|ridge_challenger|2026-05-26|MLB|pitcher_strikeouts|name:ranger suarez|over|4.5|fanduel,2026-05-26|MLB|pitcher_strikeouts|name:ranger suarez|over|4.5|fanduel,2026-05-26,ranger suarez,mlbam_player:624133,mlbam_player:624133,624133,mlbam_player,ranger suarez,MLB,pitcher_strikeouts,player_prop,pitcher_k,BOS,ATL,FanDuel,fanduel,990789f1b2f666667f7dad0fe7d8b8b8,Over,over,4.5,-108,MLB|pitcher_strikeouts|name:ranger suarez|over|4.5,MLB|pitcher_strikeouts|name:ranger suarez|over|4.5|fanduel,ridge_challenger,challenger,single_stage_direct_count_regression_ridge_shadow_alpha_0.01,mlb_pitcher_props_policy_v1,4.773939510941369,4.773939510941369,0.0,10.47773761248749,5.703798101546121,0.2739395109413687,False,,,,4,,,2026-05-27T10:46:56.053157-04:00,current_workflow
2026-05-26|xgboost_champion|2026-05-26|MLB|pitcher_strikeouts|name:ranger suarez|over|4.5|fanduel,2026-05-26|MLB|pitcher_strikeouts|name:ranger suarez|over|4.5|fanduel,2026-05-26,ranger suarez,mlbam_player:624133,mlbam_player:624133,624133,mlbam_player,ranger suarez,MLB,pitcher_strikeouts,player_prop,pitcher_k,BOS,ATL,FanDuel,fanduel,990789f1b2f666667f7dad0fe7d8b8b8,Over,over,4.5,-108,MLB|pitcher_strikeouts|name:ranger suarez|over|4.5,MLB|pitcher_strikeouts|name:ranger suarez|over|4.5|fanduel,xgboost_champion,champion,pitcher_k_model_v1,mlb_pitcher_props_policy_v1,4.732670783996582,4.732670783996582,0.0,10.338268895950694,5.605598111954111,0.232670783996582,False,,,,4,,,2026-05-27T10:46:56.053157-04:00,current_workflow
2026-05-26|ridge_challenger|2026-05-26|MLB|pitcher_strikeouts|name:ranger suarez|under|4.5|betmgm,2026-05-26|MLB|pitcher_strikeouts|name:ranger suarez|under|4.5|betmgm,2026-05-26,ranger suarez,mlbam_player:624133,mlbam_player:624133,624133,mlbam_player,ranger suarez,MLB,pitcher_strikeouts,player_prop,pitcher_k,BOS,ATL,BetMGM,betmgm,990789f1b2f666667f7dad0fe7d8b8b8,Under,under,4.5,-125,MLB|pitcher_strikeouts|name:ranger suarez|under|4.5,MLB|pitcher_strikeouts|name:ranger suarez|under|4.5|betmgm,ridge_challenger,challenger,single_stage_direct_count_regression_ridge_shadow_alpha_0.01,mlb_pitcher_props_policy_v1,4.773939510941369,4.773939510941369,0.0,10.47773761248749,5.703798101546121,-0.2739395109413687,False,,,,4,,,2026-05-27T10:46:56.053157-04:00,current_workflow
2026-05-26|xgboost_champion|2026-05-26|MLB|pitcher_strikeouts|name:ranger suarez|under|4.5|betmgm,2026-05-26|MLB|pitcher_strikeouts|name:ranger suarez|under|4.5|betmgm,2026-05-26,ranger suarez,mlbam_player:624133,mlbam_player:624133,624133,mlbam_player,ranger suarez,MLB,pitcher_strikeouts,player_prop,pitcher_k,BOS,ATL,BetMGM,betmgm,990789f1b2f666667f7dad0fe7d8b8b8,Under,under,4.5,-125,MLB|pitcher_strikeouts|name:ranger suarez|under|4.5,MLB|pitcher_strikeouts|name:ranger suarez|under|4.5|betmgm,xgboost_champion,champion,pitcher_k_model_v1,mlb_pitcher_props_policy_v1,4.732670783996582,4.732670783996582,0.0,10.338268895950694,5.605598111954111,-0.232670783996582,False,,,,4,,,2026-05-27T10:46:56.053157-04:00,current_workflow
2026-05-26|ridge_challenger|2026-05-26|MLB|pitcher_strikeouts|name:ranger suarez|under|4.5|draftkings,2026-05-26|MLB|pitcher_strikeouts|name:ranger suarez|under|4.5|draftkings,2026-05-26,ranger suarez,mlbam_player:624133,mlbam_player:624133,624133,mlbam_player,ranger suarez,MLB,pitcher_strikeouts,player_prop,pitcher_k,BOS,ATL,DraftKings,draftkings,990789f1b2f666667f7dad0fe7d8b8b8,Under,under,4.5,-108,MLB|pitcher_strikeouts|name:ranger suarez|under|4.5,MLB|pitcher_strikeouts|name:ranger suarez|under|4.5|draftkings,ridge_challenger,challenger,single_stage_direct_count_regression_ridge_shadow_alpha_0.01,mlb_pitcher_props_policy_v1,4.773939510941369,4.773939510941369,0.0,10.47773761248749,5.703798101546121,-0.2739395109413687,False,,,,4,,,2026-05-27T10:46:56.053157-04:00,current_workflow
2026-05-26|xgboost_champion|2026-05-26|MLB|pitcher_strikeouts|name:ranger suarez|under|4.5|draftkings,2026-05-26|MLB|pitcher_strikeouts|name:ranger suarez|under|4.5|draftkings,2026-05-26,ranger suarez,mlbam_player:624133,mlbam_player:624133,624133,mlbam_player,ranger suarez,MLB,pitcher_strikeouts,player_prop,pitcher_k,BOS,ATL,DraftKings,draftkings,990789f1b2f666667f7dad0fe7d8b8b8,Under,under,4.5,-108,MLB|pitcher_strikeouts|name:ranger suarez|under|4.5,MLB|pitcher_strikeouts|name:ranger suarez|under|4.5|draftkings,xgboost_champion,champion,pitcher_k_model_v1,mlb_pitcher_props_policy_v1,4.732670783996582,4.732670783996582,0.0,10.338268895950694,5.605598111954111,-0.232670783996582,False,,,,4,,,2026-05-27T10:46:56.053157-04:00,current_workflow
2026-05-26|ridge_challenger|2026-05-26|MLB|pitcher_strikeouts|name:ranger suarez|under|4.5|fanduel,2026-05-26|MLB|pitcher_strikeouts|name:ranger suarez|under|4.5|fanduel,2026-05-26,ranger suarez,mlbam_player:624133,mlbam_player:624133,624133,mlbam_player,ranger suarez,MLB,pitcher_strikeouts,player_prop,pitcher_k,BOS,ATL,FanDuel,fanduel,990789f1b2f666667f7dad0fe7d8b8b8,Under,under,4.5,-114,MLB|pitcher_strikeouts|name:ranger suarez|under|4.5,MLB|pitcher_strikeouts|name:ranger suarez|under|4.5|fanduel,ridge_challenger,challenger,single_stage_direct_count_regression_ridge_shadow_alpha_0.01,mlb_pitcher_props_policy_v1,4.773939510941369,4.773939510941369,0.0,10.47773761248749,5.703798101546121,-0.2739395109413687,False,,,,4,,,2026-05-27T10:46:56.053157-04:00,current_workflow
2026-05-26|xgboost_champion|2026-05-26|MLB|pitcher_strikeouts|name:ranger suarez|under|4.5|fanduel,2026-05-26|MLB|pitcher_strikeouts|name:ranger suarez|under|4.5|fanduel,2026-05-26,ranger suarez,mlbam_player:624133,mlbam_player:624133,624133,mlbam_player,ranger suarez,MLB,pitcher_strikeouts,player_prop,pitcher_k,BOS,ATL,FanDuel,fanduel,990789f1b2f666667f7dad0fe7d8b8b8,Under,under,4.5,-114,MLB|pitcher_strikeouts|name:ranger suarez|under|4.5,MLB|pitcher_strikeouts|name:ranger suarez|under|4.5|fanduel,xgboost_champion,champion,pitcher_k_model_v1,mlb_pitcher_props_policy_v1,4.732670783996582,4.732670783996582,0.0,10.338268895950694,5.605598111954111,-0.232670783996582,False,,,,4,,,2026-05-27T10:46:56.053157-04:00,current_workflow
2026-05-26|ridge_challenger|2026-05-26|MLB|pitcher_strikeouts|name:sandy alcantara|over|4.5|betmgm,2026-05-26|MLB|pitcher_strikeouts|name:sandy alcantara|over|4.5|betmgm,2026-05-26,sandy alcantara,mlbam_player:645261,mlbam_player:645261,645261,mlbam_player,sandy alcantara,MLB,pitcher_strikeouts,player_prop,pitcher_k,MIA,TOR,BetMGM,betmgm,b50993453829a9cf93015ffb4cce5262,Over,over,4.5,110,MLB|pitcher_strikeouts|name:sandy alcantara|over|4.5,MLB|pitcher_strikeouts|name:sandy alcantara|over|4.5|betmgm,ridge_challenger,challenger,single_stage_direct_count_regression_ridge_shadow_alpha_0.01,mlb_pitcher_props_policy_v1,5.271755034171019,5.271755034171019,2.28308690019718,8.260423168144857,2.988668133973839,0.7717550341710187,False,,,,4,,,2026-05-27T10:46:56.053157-04:00,current_workflow
2026-05-26|xgboost_champion|2026-05-26|MLB|pitcher_strikeouts|name:sandy alcantara|over|4.5|betmgm,2026-05-26|MLB|pitcher_strikeouts|name:sandy alcantara|over|4.5|betmgm,2026-05-26,sandy alcantara,mlbam_player:645261,mlbam_player:645261,645261,mlbam_player,sandy alcantara,MLB,pitcher_strikeouts,player_prop,pitcher_k,MIA,TOR,BetMGM,betmgm,b50993453829a9cf93015ffb4cce5262,Over,over,4.5,110,MLB|pitcher_strikeouts|name:sandy alcantara|over|4.5,MLB|pitcher_strikeouts|name:sandy alcantara|over|4.5|betmgm,xgboost_champion,champion,pitcher_k_model_v1,mlb_pitcher_props_policy_v1,5.634634494781494,5.634634494781494,2.697421053702666,8.571847935860323,2.937213441078828,1.134634494781494,False,,,,4,,,2026-05-27T10:46:56.053157-04:00,current_workflow
2026-05-26|ridge_challenger|2026-05-26|MLB|pitcher_strikeouts|name:sandy alcantara|over|4.5|draftkings,2026-05-26|MLB|pitcher_strikeouts|name:sandy alcantara|over|4.5|draftkings,2026-05-26,sandy alcantara,mlbam_player:645261,mlbam_player:645261,645261,mlbam_player,sandy alcantara,MLB,pitcher_strikeouts,player_prop,pitcher_k,MIA,TOR,DraftKings,draftkings,b50993453829a9cf93015ffb4cce5262,Over,over,4.5,127,MLB|pitcher_strikeouts|name:sandy alcantara|over|4.5,MLB|pitcher_strikeouts|name:sandy alcantara|over|4.5|draftkings,ridge_challenger,challenger,single_stage_direct_count_regression_ridge_shadow_alpha_0.01,mlb_pitcher_props_policy_v1,5.271755034171019,5.271755034171019,2.28308690019718,8.260423168144857,2.988668133973839,0.7717550341710187,False,,,,4,,,2026-05-27T10:46:56.053157-04:00,current_workflow
2026-05-26|xgboost_champion|2026-05-26|MLB|pitcher_strikeouts|name:sandy alcantara|over|4.5|draftkings,2026-05-26|MLB|pitcher_strikeouts|name:sandy alcantara|over|4.5|draftkings,2026-05-26,sandy alcantara,mlbam_player:645261,mlbam_player:645261,645261,mlbam_player,sandy alcantara,MLB,pitcher_strikeouts,player_prop,pitcher_k,MIA,TOR,DraftKings,draftkings,b50993453829a9cf93015ffb4cce5262,Over,over,4.5,127,MLB|pitcher_strikeouts|name:sandy alcantara|over|4.5,MLB|pitcher_strikeouts|name:sandy alcantara|over|4.5|draftkings,xgboost_champion,champion,pitcher_k_model_v1,mlb_pitcher_props_policy_v1,5.634634494781494,5.634634494781494,2.697421053702666,8.571847935860323,2.937213441078828,1.134634494781494,False,,,,4,,,2026-05-27T10:46:56.053157-04:00,current_workflow
2026-05-26|ridge_challenger|2026-05-26|MLB|pitcher_strikeouts|name:sandy alcantara|over|4.5|fanduel,2026-05-26|MLB|pitcher_strikeouts|name:sandy alcantara|over|4.5|fanduel,2026-05-26,sandy alcantara,mlbam_player:645261,mlbam_player:645261,645261,mlbam_player,sandy alcantara,MLB,pitcher_strikeouts,player_prop,pitcher_k,MIA,TOR,FanDuel,fanduel,b50993453829a9cf93015ffb4cce5262,Over,over,4.5,128,MLB|pitcher_strikeouts|name:sandy alcantara|over|4.5,MLB|pitcher_strikeouts|name:sandy alcantara|over|4.5|fanduel,ridge_challenger,challenger,single_stage_direct_count_regression_ridge_shadow_alpha_0.01,mlb_pitcher_props_policy_v1,5.271755034171019,5.271755034171019,2.28308690019718,8.260423168144857,2.988668133973839,0.7717550341710187,True,7.0,official,medium,4,L,-1.0,2026-05-27T10:46:56.053157-04:00,current_workflow
2026-05-26|xgboost_champion|2026-05-26|MLB|pitcher_strikeouts|name:sandy alcantara|over|4.5|fanduel,2026-05-26|MLB|pitcher_strikeouts|name:sandy alcantara|over|4.5|fanduel,2026-05-26,sandy alcantara,mlbam_player:645261,mlbam_player:645261,645261,mlbam_player,sandy alcantara,MLB,pitcher_strikeouts,player_prop,pitcher_k,MIA,TOR,FanDuel,fanduel,b50993453829a9cf93015ffb4cce5262,Over,over,4.5,128,MLB|pitcher_strikeouts|name:sandy alcantara|over|4.5,MLB|pitcher_strikeouts|name:sandy alcantara|over|4.5|fanduel,xgboost_champion,champion,pitcher_k_model_v1,mlb_pitcher_props_policy_v1,5.634634494781494,5.634634494781494,2.697421053702666,8.571847935860323,2.937213441078828,1.134634494781494,True,3.0,official,high,4,L,-1.0,2026-05-27T10:46:56.053157-04:00,current_workflow
2026-05-26|ridge_challenger|2026-05-26|MLB|pitcher_strikeouts|name:sandy alcantara|under|4.5|betmgm,2026-05-26|MLB|pitcher_strikeouts|name:sandy alcantara|under|4.5|betmgm,2026-05-26,sandy alcantara,mlbam_player:645261,mlbam_player:645261,645261,mlbam_player,sandy alcantara,MLB,pitcher_strikeouts,player_prop,pitcher_k,MIA,TOR,BetMGM,betmgm,b50993453829a9cf93015ffb4cce5262,Under,under,4.5,-150,MLB|pitcher_strikeouts|name:sandy alcantara|under|4.5,MLB|pitcher_strikeouts|name:sandy alcantara|under|4.5|betmgm,ridge_challenger,challenger,single_stage_direct_count_regression_ridge_shadow_alpha_0.01,mlb_pitcher_props_policy_v1,5.271755034171019,5.271755034171019,2.28308690019718,8.260423168144857,2.988668133973839,-0.7717550341710187,False,,,,4,,,2026-05-27T10:46:56.053157-04:00,current_workflow
2026-05-26|xgboost_champion|2026-05-26|MLB|pitcher_strikeouts|name:sandy alcantara|under|4.5|betmgm,2026-05-26|MLB|pitcher_strikeouts|name:sandy alcantara|under|4.5|betmgm,2026-05-26,sandy alcantara,mlbam_player:645261,mlbam_player:645261,645261,mlbam_player,sandy alcantara,MLB,pitcher_strikeouts,player_prop,pitcher_k,MIA,TOR,BetMGM,betmgm,b50993453829a9cf93015ffb4cce5262,Under,under,4.5,-150,MLB|pitcher_strikeouts|name:sandy alcantara|under|4.5,MLB|pitcher_strikeouts|name:sandy alcantara|under|4.5|betmgm,xgboost_champion,champion,pitcher_k_model_v1,mlb_pitcher_props_policy_v1,5.634634494781494,5.634634494781494,2.697421053702666,8.571847935860323,2.937213441078828,-1.134634494781494,False,,,,4,,,2026-05-27T10:46:56.053157-04:00,current_workflow
2026-05-26|ridge_challenger|2026-05-26|MLB|pitcher_strikeouts|name:sandy alcantara|under|4.5|draftkings,2026-05-26|MLB|pitcher_strikeouts|name:sandy alcantara|under|4.5|draftkings,2026-05-26,sandy alcantara,mlbam_player:645261,mlbam_player:645261,645261,mlbam_player,sandy alcantara,MLB,pitcher_strikeouts,player_prop,pitcher_k,MIA,TOR,DraftKings,draftkings,b50993453829a9cf93015ffb4cce5262,Under,under,4.5,-162,MLB|pitcher_strikeouts|name:sandy alcantara|under|4.5,MLB|pitcher_strikeouts|name:sandy alcantara|under|4.5|draftkings,ridge_challenger,challenger,single_stage_direct_count_regression_ridge_shadow_alpha_0.01,mlb_pitcher_props_policy_v1,5.271755034171019,5.271755034171019,2.28308690019718,8.260423168144857,2.988668133973839,-0.7717550341710187,False,,,,4,,,2026-05-27T10:46:56.053157-04:00,current_workflow
2026-05-26|xgboost_champion|2026-05-26|MLB|pitcher_strikeouts|name:sandy alcantara|under|4.5|draftkings,2026-05-26|MLB|pitcher_strikeouts|name:sandy alcantara|under|4.5|draftkings,2026-05-26,sandy alcantara,mlbam_player:645261,mlbam_player:645261,645261,mlbam_player,sandy alcantara,MLB,pitcher_strikeouts,player_prop,pitcher_k,MIA,TOR,DraftKings,draftkings,b50993453829a9cf93015ffb4cce5262,Under,under,4.5,-162,MLB|pitcher_strikeouts|name:sandy alcantara|under|4.5,MLB|pitcher_strikeouts|name:sandy alcantara|under|4.5|draftkings,xgboost_champion,champion,pitcher_k_model_v1,mlb_pitcher_props_policy_v1,5.634634494781494,5.634634494781494,2.697421053702666,8.571847935860323,2.937213441078828,-1.134634494781494,False,,,,4,,,2026-05-27T10:46:56.053157-04:00,current_workflow
2026-05-26|ridge_challenger|2026-05-26|MLB|pitcher_strikeouts|name:sandy alcantara|under|4.5|fanduel,2026-05-26|MLB|pitcher_strikeouts|name:sandy alcantara|under|4.5|fanduel,2026-05-26,sandy alcantara,mlbam_player:645261,mlbam_player:645261,645261,mlbam_player,sandy alcantara,MLB,pitcher_strikeouts,player_prop,pitcher_k,MIA,TOR,FanDuel,fanduel,b50993453829a9cf93015ffb4cce5262,Under,under,4.5,-172,MLB|pitcher_strikeouts|name:sandy alcantara|under|4.5,MLB|pitcher_strikeouts|name:sandy alcantara|under|4.5|fanduel,ridge_challenger,challenger,single_stage_direct_count_regression_ridge_shadow_alpha_0.01,mlb_pitcher_props_policy_v1,5.271755034171019,5.271755034171019,2.28308690019718,8.260423168144857,2.988668133973839,-0.7717550341710187,False,,,,4,,,2026-05-27T10:46:56.053157-04:00,current_workflow
2026-05-26|xgboost_champion|2026-05-26|MLB|pitcher_strikeouts|name:sandy alcantara|under|4.5|fanduel,2026-05-26|MLB|pitcher_strikeouts|name:sandy alcantara|under|4.5|fanduel,2026-05-26,sandy alcantara,mlbam_player:645261,mlbam_player:645261,645261,mlbam_player,sandy alcantara,MLB,pitcher_strikeouts,player_prop,pitcher_k,MIA,TOR,FanDuel,fanduel,b50993453829a9cf93015ffb4cce5262,Under,under,4.5,-172,MLB|pitcher_strikeouts|name:sandy alcantara|under|4.5,MLB|pitcher_strikeouts|name:sandy alcantara|under|4.5|fanduel,xgboost_champion,champion,pitcher_k_model_v1,mlb_pitcher_props_policy_v1,5.634634494781494,5.634634494781494,2.697421053702666,8.571847935860323,2.937213441078828,-1.134634494781494,False,,,,4,,,2026-05-27T10:46:56.053157-04:00,current_workflow
2026-05-26|ridge_challenger|2026-05-26|MLB|pitcher_strikeouts|name:sean burke|over|4.5|betmgm,2026-05-26|MLB|pitcher_strikeouts|name:sean burke|over|4.5|betmgm,2026-05-26,sean burke,mlbam_player:680732,mlbam_player:680732,680732,mlbam_player,sean burke,MLB,pitcher_strikeouts,player_prop,pitcher_k,CWS,MIN,BetMGM,betmgm,57c63aa916ea5b39518da155c32b24ee,Over,over,4.5,-145,MLB|pitcher_strikeouts|name:sean burke|over|4.5,MLB|pitcher_strikeouts|name:sean burke|over|4.5|betmgm,ridge_challenger,challenger,single_stage_direct_count_regression_ridge_shadow_alpha_0.01,mlb_pitcher_props_policy_v1,5.848413877654853,5.848413877654853,2.675113559518219,9.021714195791484,3.1733003181366337,1.3484138776548529,True,6.0,official,high,8,W,0.6896551724137931,2026-05-27T10:46:56.053157-04:00,current_workflow
2026-05-26|xgboost_champion|2026-05-26|MLB|pitcher_strikeouts|name:sean burke|over|4.5|betmgm,2026-05-26|MLB|pitcher_strikeouts|name:sean burke|over|4.5|betmgm,2026-05-26,sean burke,mlbam_player:680732,mlbam_player:680732,680732,mlbam_player,sean burke,MLB,pitcher_strikeouts,player_prop,pitcher_k,CWS,MIN,BetMGM,betmgm,57c63aa916ea5b39518da155c32b24ee,Over,over,4.5,-145,MLB|pitcher_strikeouts|name:sean burke|over|4.5,MLB|pitcher_strikeouts|name:sean burke|over|4.5|betmgm,xgboost_champion,champion,pitcher_k_model_v1,mlb_pitcher_props_policy_v1,5.803435325622559,5.803435325622559,2.684768438169397,8.922102213075721,3.118666887453162,1.3034353256225586,True,5.0,official,high,8,W,0.6896551724137931,2026-05-27T10:46:56.053157-04:00,current_workflow
2026-05-26|ridge_challenger|2026-05-26|MLB|pitcher_strikeouts|name:sean burke|over|4.5|draftkings,2026-05-26|MLB|pitcher_strikeouts|name:sean burke|over|4.5|draftkings,2026-05-26,sean burke,mlbam_player:680732,mlbam_player:680732,680732,mlbam_player,sean burke,MLB,pitcher_strikeouts,player_prop,pitcher_k,CWS,MIN,DraftKings,draftkings,57c63aa916ea5b39518da155c32b24ee,Over,over,4.5,-149,MLB|pitcher_strikeouts|name:sean burke|over|4.5,MLB|pitcher_strikeouts|name:sean burke|over|4.5|draftkings,ridge_challenger,challenger,single_stage_direct_count_regression_ridge_shadow_alpha_0.01,mlb_pitcher_props_policy_v1,5.848413877654853,5.848413877654853,2.675113559518219,9.021714195791484,3.1733003181366337,1.3484138776548529,False,,,,8,,,2026-05-27T10:46:56.053157-04:00,current_workflow
2026-05-26|xgboost_champion|2026-05-26|MLB|pitcher_strikeouts|name:sean burke|over|4.5|draftkings,2026-05-26|MLB|pitcher_strikeouts|name:sean burke|over|4.5|draftkings,2026-05-26,sean burke,mlbam_player:680732,mlbam_player:680732,680732,mlbam_player,sean burke,MLB,pitcher_strikeouts,player_prop,pitcher_k,CWS,MIN,DraftKings,draftkings,57c63aa916ea5b39518da155c32b24ee,Over,over,4.5,-149,MLB|pitcher_strikeouts|name:sean burke|over|4.5,MLB|pitcher_strikeouts|name:sean burke|over|4.5|draftkings,xgboost_champion,champion,pitcher_k_model_v1,mlb_pitcher_props_policy_v1,5.803435325622559,5.803435325622559,2.684768438169397,8.922102213075721,3.118666887453162,1.3034353256225586,False,,,,8,,,2026-05-27T10:46:56.053157-04:00,current_workflow
2026-05-26|ridge_challenger|2026-05-26|MLB|pitcher_strikeouts|name:sean burke|over|4.5|fanduel,2026-05-26|MLB|pitcher_strikeouts|name:sean burke|over|4.5|fanduel,2026-05-26,sean burke,mlbam_player:680732,mlbam_player:680732,680732,mlbam_player,sean burke,MLB,pitcher_strikeouts,player_prop,pitcher_k,CWS,MIN,FanDuel,fanduel,57c63aa916ea5b39518da155c32b24ee,Over,over,4.5,-152,MLB|pitcher_strikeouts|name:sean burke|over|4.5,MLB|pitcher_strikeouts|name:sean burke|over|4.5|fanduel,ridge_challenger,challenger,single_stage_direct_count_regression_ridge_shadow_alpha_0.01,mlb_pitcher_props_policy_v1,5.848413877654853,5.848413877654853,2.675113559518219,9.021714195791484,3.1733003181366337,1.3484138776548529,False,,,,8,,,2026-05-27T10:46:56.053157-04:00,current_workflow
2026-05-26|xgboost_champion|2026-05-26|MLB|pitcher_strikeouts|name:sean burke|over|4.5|fanduel,2026-05-26|MLB|pitcher_strikeouts|name:sean burke|over|4.5|fanduel,2026-05-26,sean burke,mlbam_player:680732,mlbam_player:680732,680732,mlbam_player,sean burke,MLB,pitcher_strikeouts,player_prop,pitcher_k,CWS,MIN,FanDuel,fanduel,57c63aa916ea5b39518da155c32b24ee,Over,over,4.5,-152,MLB|pitcher_strikeouts|name:sean burke|over|4.5,MLB|pitcher_strikeouts|name:sean burke|over|4.5|fanduel,xgboost_champion,champion,pitcher_k_model_v1,mlb_pitcher_props_policy_v1,5.803435325622559,5.803435325622559,2.684768438169397,8.922102213075721,3.118666887453162,1.3034353256225586,False,,,,8,,,2026-05-27T10:46:56.053157-04:00,current_workflow
2026-05-26|ridge_challenger|2026-05-26|MLB|pitcher_strikeouts|name:sean burke|under|4.5|betmgm,2026-05-26|MLB|pitcher_strikeouts|name:sean burke|under|4.5|betmgm,2026-05-26,sean burke,mlbam_player:680732,mlbam_player:680732,680732,mlbam_player,sean burke,MLB,pitcher_strikeouts,player_prop,pitcher_k,CWS,MIN,BetMGM,betmgm,57c63aa916ea5b39518da155c32b24ee,Under,under,4.5,105,MLB|pitcher_strikeouts|name:sean burke|under|4.5,MLB|pitcher_strikeouts|name:sean burke|under|4.5|betmgm,ridge_challenger,challenger,single_stage_direct_count_regression_ridge_shadow_alpha_0.01,mlb_pitcher_props_policy_v1,5.848413877654853,5.848413877654853,2.675113559518219,9.021714195791484,3.1733003181366337,-1.3484138776548529,False,,,,8,,,2026-05-27T10:46:56.053157-04:00,current_workflow
2026-05-26|xgboost_champion|2026-05-26|MLB|pitcher_strikeouts|name:sean burke|under|4.5|betmgm,2026-05-26|MLB|pitcher_strikeouts|name:sean burke|under|4.5|betmgm,2026-05-26,sean burke,mlbam_player:680732,mlbam_player:680732,680732,mlbam_player,sean burke,MLB,pitcher_strikeouts,player_prop,pitcher_k,CWS,MIN,BetMGM,betmgm,57c63aa916ea5b39518da155c32b24ee,Under,under,4.5,105,MLB|pitcher_strikeouts|name:sean burke|under|4.5,MLB|pitcher_strikeouts|name:sean burke|under|4.5|betmgm,xgboost_champion,champion,pitcher_k_model_v1,mlb_pitcher_props_policy_v1,5.803435325622559,5.803435325622559,2.684768438169397,8.922102213075721,3.118666887453162,-1.3034353256225586,False,,,,8,,,2026-05-27T10:46:56.053157-04:00,current_workflow
2026-05-26|ridge_challenger|2026-05-26|MLB|pitcher_strikeouts|name:sean burke|under|4.5|draftkings,2026-05-26|MLB|pitcher_strikeouts|name:sean burke|under|4.5|draftkings,2026-05-26,sean burke,mlbam_player:680732,mlbam_player:680732,680732,mlbam_player,sean burke,MLB,pitcher_strikeouts,player_prop,pitcher_k,CWS,MIN,DraftKings,draftkings,57c63aa916ea5b39518da155c32b24ee,Under,under,4.5,117,MLB|pitcher_strikeouts|name:sean burke|under|4.5,MLB|pitcher_strikeouts|name:sean burke|under|4.5|draftkings,ridge_challenger,challenger,single_stage_direct_count_regression_ridge_shadow_alpha_0.01,mlb_pitcher_props_policy_v1,5.848413877654853,5.848413877654853,2.675113559518219,9.021714195791484,3.1733003181366337,-1.3484138776548529,False,,,,8,,,2026-05-27T10:46:56.053157-04:00,current_workflow
2026-05-26|xgboost_champion|2026-05-26|MLB|pitcher_strikeouts|name:sean burke|under|4.5|draftkings,2026-05-26|MLB|pitcher_strikeouts|name:sean burke|under|4.5|draftkings,2026-05-26,sean burke,mlbam_player:680732,mlbam_player:680732,680732,mlbam_player,sean burke,MLB,pitcher_strikeouts,player_prop,pitcher_k,CWS,MIN,DraftKings,draftkings,57c63aa916ea5b39518da155c32b24ee,Under,under,4.5,117,MLB|pitcher_strikeouts|name:sean burke|under|4.5,MLB|pitcher_strikeouts|name:sean burke|under|4.5|draftkings,xgboost_champion,champion,pitcher_k_model_v1,mlb_pitcher_props_policy_v1,5.803435325622559,5.803435325622559,2.684768438169397,8.922102213075721,3.118666887453162,-1.3034353256225586,False,,,,8,,,2026-05-27T10:46:56.053157-04:00,current_workflow
2026-05-26|ridge_challenger|2026-05-26|MLB|pitcher_strikeouts|name:sean burke|under|4.5|fanduel,2026-05-26|MLB|pitcher_strikeouts|name:sean burke|under|4.5|fanduel,2026-05-26,sean burke,mlbam_player:680732,mlbam_player:680732,680732,mlbam_player,sean burke,MLB,pitcher_strikeouts,player_prop,pitcher_k,CWS,MIN,FanDuel,fanduel,57c63aa916ea5b39518da155c32b24ee,Under,under,4.5,124,MLB|pitcher_strikeouts|name:sean burke|under|4.5,MLB|pitcher_strikeouts|name:sean burke|under|4.5|fanduel,ridge_challenger,challenger,single_stage_direct_count_regression_ridge_shadow_alpha_0.01,mlb_pitcher_props_policy_v1,5.848413877654853,5.848413877654853,2.675113559518219,9.021714195791484,3.1733003181366337,-1.3484138776548529,False,,,,8,,,2026-05-27T10:46:56.053157-04:00,current_workflow
2026-05-26|xgboost_champion|2026-05-26|MLB|pitcher_strikeouts|name:sean burke|under|4.5|fanduel,2026-05-26|MLB|pitcher_strikeouts|name:sean burke|under|4.5|fanduel,2026-05-26,sean burke,mlbam_player:680732,mlbam_player:680732,680732,mlbam_player,sean burke,MLB,pitcher_strikeouts,player_prop,pitcher_k,CWS,MIN,FanDuel,fanduel,57c63aa916ea5b39518da155c32b24ee,Under,under,4.5,124,MLB|pitcher_strikeouts|name:sean burke|under|4.5,MLB|pitcher_strikeouts|name:sean burke|under|4.5|fanduel,xgboost_champion,champion,pitcher_k_model_v1,mlb_pitcher_props_policy_v1,5.803435325622559,5.803435325622559,2.684768438169397,8.922102213075721,3.118666887453162,-1.3034353256225586,False,,,,8,,,2026-05-27T10:46:56.053157-04:00,current_workflow
2026-05-26|ridge_challenger|2026-05-26|MLB|pitcher_strikeouts|name:shane baz|over|4.5|betmgm,2026-05-26|MLB|pitcher_strikeouts|name:shane baz|over|4.5|betmgm,2026-05-26,shane baz,mlbam_player:669358,mlbam_player:669358,669358,mlbam_player,shane baz,MLB,pitcher_strikeouts,player_prop,pitcher_k,BAL,TB,BetMGM,betmgm,3612f76561632387afb3c6779ef370b1,Over,over,4.5,-135,MLB|pitcher_strikeouts|name:shane baz|over|4.5,MLB|pitcher_strikeouts|name:shane baz|over|4.5|betmgm,ridge_challenger,challenger,single_stage_direct_count_regression_ridge_shadow_alpha_0.01,mlb_pitcher_props_policy_v1,5.433655222460977,5.433655222460977,2.245135151213133,8.622175293708821,3.188520071247844,0.9336552224609768,False,,,,9,,,2026-05-27T10:46:56.053157-04:00,current_workflow
2026-05-26|xgboost_champion|2026-05-26|MLB|pitcher_strikeouts|name:shane baz|over|4.5|betmgm,2026-05-26|MLB|pitcher_strikeouts|name:shane baz|over|4.5|betmgm,2026-05-26,shane baz,mlbam_player:669358,mlbam_player:669358,669358,mlbam_player,shane baz,MLB,pitcher_strikeouts,player_prop,pitcher_k,BAL,TB,BetMGM,betmgm,3612f76561632387afb3c6779ef370b1,Over,over,4.5,-135,MLB|pitcher_strikeouts|name:shane baz|over|4.5,MLB|pitcher_strikeouts|name:shane baz|over|4.5|betmgm,xgboost_champion,champion,pitcher_k_model_v1,mlb_pitcher_props_policy_v1,5.302863597869873,5.302863597869873,2.1692389896514057,8.43648820608834,3.133624608218468,0.802863597869873,False,,,,9,,,2026-05-27T10:46:56.053157-04:00,current_workflow
2026-05-26|ridge_challenger|2026-05-26|MLB|pitcher_strikeouts|name:shane baz|over|4.5|draftkings,2026-05-26|MLB|pitcher_strikeouts|name:shane baz|over|4.5|draftkings,2026-05-26,shane baz,mlbam_player:669358,mlbam_player:669358,669358,mlbam_player,shane baz,MLB,pitcher_strikeouts,player_prop,pitcher_k,BAL,TB,DraftKings,draftkings,3612f76561632387afb3c6779ef370b1,Over,over,4.5,-131,MLB|pitcher_strikeouts|name:shane baz|over|4.5,MLB|pitcher_strikeouts|name:shane baz|over|4.5|draftkings,ridge_challenger,challenger,single_stage_direct_count_regression_ridge_shadow_alpha_0.01,mlb_pitcher_props_policy_v1,5.433655222460977,5.433655222460977,2.245135151213133,8.622175293708821,3.188520071247844,0.9336552224609768,False,,,,9,,,2026-05-27T10:46:56.053157-04:00,current_workflow
2026-05-26|xgboost_champion|2026-05-26|MLB|pitcher_strikeouts|name:shane baz|over|4.5|draftkings,2026-05-26|MLB|pitcher_strikeouts|name:shane baz|over|4.5|draftkings,2026-05-26,shane baz,mlbam_player:669358,mlbam_player:669358,669358,mlbam_player,shane baz,MLB,pitcher_strikeouts,player_prop,pitcher_k,BAL,TB,DraftKings,draftkings,3612f76561632387afb3c6779ef370b1,Over,over,4.5,-131,MLB|pitcher_strikeouts|name:shane baz|over|4.5,MLB|pitcher_strikeouts|name:shane baz|over|4.5|draftkings,xgboost_champion,champion,pitcher_k_model_v1,mlb_pitcher_props_policy_v1,5.302863597869873,5.302863597869873,2.1692389896514057,8.43648820608834,3.133624608218468,0.802863597869873,False,,,,9,,,2026-05-27T10:46:56.053157-04:00,current_workflow
2026-05-26|ridge_challenger|2026-05-26|MLB|pitcher_strikeouts|name:shane baz|over|4.5|fanduel,2026-05-26|MLB|pitcher_strikeouts|name:shane baz|over|4.5|fanduel,2026-05-26,shane baz,mlbam_player:669358,mlbam_player:669358,669358,mlbam_player,shane baz,MLB,pitcher_strikeouts,player_prop,pitcher_k,BAL,TB,FanDuel,fanduel,3612f76561632387afb3c6779ef370b1,Over,over,4.5,-118,MLB|pitcher_strikeouts|name:shane baz|over|4.5,MLB|pitcher_strikeouts|name:shane baz|over|4.5|fanduel,ridge_challenger,challenger,single_stage_direct_count_regression_ridge_shadow_alpha_0.01,mlb_pitcher_props_policy_v1,5.433655222460977,5.433655222460977,2.245135151213133,8.622175293708821,3.188520071247844,0.9336552224609768,True,8.0,official,medium,9,W,0.847457627118644,2026-05-27T10:46:56.053157-04:00,current_workflow
2026-05-26|xgboost_champion|2026-05-26|MLB|pitcher_strikeouts|name:shane baz|over|4.5|fanduel,2026-05-26|MLB|pitcher_strikeouts|name:shane baz|over|4.5|fanduel,2026-05-26,shane baz,mlbam_player:669358,mlbam_player:669358,669358,mlbam_player,shane baz,MLB,pitcher_strikeouts,player_prop,pitcher_k,BAL,TB,FanDuel,fanduel,3612f76561632387afb3c6779ef370b1,Over,over,4.5,-118,MLB|pitcher_strikeouts|name:shane baz|over|4.5,MLB|pitcher_strikeouts|name:shane baz|over|4.5|fanduel,xgboost_champion,champion,pitcher_k_model_v1,mlb_pitcher_props_policy_v1,5.302863597869873,5.302863597869873,2.1692389896514057,8.43648820608834,3.133624608218468,0.802863597869873,True,11.0,official,medium,9,W,0.847457627118644,2026-05-27T10:46:56.053157-04:00,current_workflow
2026-05-26|ridge_challenger|2026-05-26|MLB|pitcher_strikeouts|name:shane baz|under|4.5|betmgm,2026-05-26|MLB|pitcher_strikeouts|name:shane baz|under|4.5|betmgm,2026-05-26,shane baz,mlbam_player:669358,mlbam_player:669358,669358,mlbam_player,shane baz,MLB,pitcher_strikeouts,player_prop,pitcher_k,BAL,TB,BetMGM,betmgm,3612f76561632387afb3c6779ef370b1,Under,under,4.5,100,MLB|pitcher_strikeouts|name:shane baz|under|4.5,MLB|pitcher_strikeouts|name:shane baz|under|4.5|betmgm,ridge_challenger,challenger,single_stage_direct_count_regression_ridge_shadow_alpha_0.01,mlb_pitcher_props_policy_v1,5.433655222460977,5.433655222460977,2.245135151213133,8.622175293708821,3.188520071247844,-0.9336552224609768,False,,,,9,,,2026-05-27T10:46:56.053157-04:00,current_workflow
2026-05-26|xgboost_champion|2026-05-26|MLB|pitcher_strikeouts|name:shane baz|under|4.5|betmgm,2026-05-26|MLB|pitcher_strikeouts|name:shane baz|under|4.5|betmgm,2026-05-26,shane baz,mlbam_player:669358,mlbam_player:669358,669358,mlbam_player,shane baz,MLB,pitcher_strikeouts,player_prop,pitcher_k,BAL,TB,BetMGM,betmgm,3612f76561632387afb3c6779ef370b1,Under,under,4.5,100,MLB|pitcher_strikeouts|name:shane baz|under|4.5,MLB|pitcher_strikeouts|name:shane baz|under|4.5|betmgm,xgboost_champion,champion,pitcher_k_model_v1,mlb_pitcher_props_policy_v1,5.302863597869873,5.302863597869873,2.1692389896514057,8.43648820608834,3.133624608218468,-0.802863597869873,False,,,,9,,,2026-05-27T10:46:56.053157-04:00,current_workflow
2026-05-26|ridge_challenger|2026-05-26|MLB|pitcher_strikeouts|name:shane baz|under|4.5|draftkings,2026-05-26|MLB|pitcher_strikeouts|name:shane baz|under|4.5|draftkings,2026-05-26,shane baz,mlbam_player:669358,mlbam_player:669358,669358,mlbam_player,shane baz,MLB,pitcher_strikeouts,player_prop,pitcher_k,BAL,TB,DraftKings,draftkings,3612f76561632387afb3c6779ef370b1,Under,under,4.5,102,MLB|pitcher_strikeouts|name:shane baz|under|4.5,MLB|pitcher_strikeouts|name:shane baz|under|4.5|draftkings,ridge_challenger,challenger,single_stage_direct_count_regression_ridge_shadow_alpha_0.01,mlb_pitcher_props_policy_v1,5.433655222460977,5.433655222460977,2.245135151213133,8.622175293708821,3.188520071247844,-0.9336552224609768,False,,,,9,,,2026-05-27T10:46:56.053157-04:00,current_workflow
2026-05-26|xgboost_champion|2026-05-26|MLB|pitcher_strikeouts|name:shane baz|under|4.5|draftkings,2026-05-26|MLB|pitcher_strikeouts|name:shane baz|under|4.5|draftkings,2026-05-26,shane baz,mlbam_player:669358,mlbam_player:669358,669358,mlbam_player,shane baz,MLB,pitcher_strikeouts,player_prop,pitcher_k,BAL,TB,DraftKings,draftkings,3612f76561632387afb3c6779ef370b1,Under,under,4.5,102,MLB|pitcher_strikeouts|name:shane baz|under|4.5,MLB|pitcher_strikeouts|name:shane baz|under|4.5|draftkings,xgboost_champion,champion,pitcher_k_model_v1,mlb_pitcher_props_policy_v1,5.302863597869873,5.302863597869873,2.1692389896514057,8.43648820608834,3.133624608218468,-0.802863597869873,False,,,,9,,,2026-05-27T10:46:56.053157-04:00,current_workflow
2026-05-26|ridge_challenger|2026-05-26|MLB|pitcher_strikeouts|name:shane baz|under|4.5|fanduel,2026-05-26|MLB|pitcher_strikeouts|name:shane baz|under|4.5|fanduel,2026-05-26,shane baz,mlbam_player:669358,mlbam_player:669358,669358,mlbam_player,shane baz,MLB,pitcher_strikeouts,player_prop,pitcher_k,BAL,TB,FanDuel,fanduel,3612f76561632387afb3c6779ef370b1,Under,under,4.5,-104,MLB|pitcher_strikeouts|name:shane baz|under|4.5,MLB|pitcher_strikeouts|name:shane baz|under|4.5|fanduel,ridge_challenger,challenger,single_stage_direct_count_regression_ridge_shadow_alpha_0.01,mlb_pitcher_props_policy_v1,5.433655222460977,5.433655222460977,2.245135151213133,8.622175293708821,3.188520071247844,-0.9336552224609768,False,,,,9,,,2026-05-27T10:46:56.053157-04:00,current_workflow
2026-05-26|xgboost_champion|2026-05-26|MLB|pitcher_strikeouts|name:shane baz|under|4.5|fanduel,2026-05-26|MLB|pitcher_strikeouts|name:shane baz|under|4.5|fanduel,2026-05-26,shane baz,mlbam_player:669358,mlbam_player:669358,669358,mlbam_player,shane baz,MLB,pitcher_strikeouts,player_prop,pitcher_k,BAL,TB,FanDuel,fanduel,3612f76561632387afb3c6779ef370b1,Under,under,4.5,-104,MLB|pitcher_strikeouts|name:shane baz|under|4.5,MLB|pitcher_strikeouts|name:shane baz|under|4.5|fanduel,xgboost_champion,champion,pitcher_k_model_v1,mlb_pitcher_props_policy_v1,5.302863597869873,5.302863597869873,2.1692389896514057,8.43648820608834,3.133624608218468,-0.802863597869873,False,,,,9,,,2026-05-27T10:46:56.053157-04:00,current_workflow
2026-05-26|ridge_challenger|2026-05-26|MLB|pitcher_strikeouts|name:spencer strider|over|6.5|betmgm,2026-05-26|MLB|pitcher_strikeouts|name:spencer strider|over|6.5|betmgm,2026-05-26,spencer strider,mlbam_player:675911,mlbam_player:675911,675911,mlbam_player,spencer strider,MLB,pitcher_strikeouts,player_prop,pitcher_k,ATL,BOS,BetMGM,betmgm,990789f1b2f666667f7dad0fe7d8b8b8,Over,over,6.5,110,MLB|pitcher_strikeouts|name:spencer strider|over|6.5,MLB|pitcher_strikeouts|name:spencer strider|over|6.5|betmgm,ridge_challenger,challenger,single_stage_direct_count_regression_ridge_shadow_alpha_0.01,mlb_pitcher_props_policy_v1,4.814432364050645,4.814432364050645,1.4199935379631277,8.208871190138161,3.394438826087517,-1.6855676359493552,False,,,,5,,,2026-05-27T10:46:56.053157-04:00,current_workflow
2026-05-26|xgboost_champion|2026-05-26|MLB|pitcher_strikeouts|name:spencer strider|over|6.5|betmgm,2026-05-26|MLB|pitcher_strikeouts|name:spencer strider|over|6.5|betmgm,2026-05-26,spencer strider,mlbam_player:675911,mlbam_player:675911,675911,mlbam_player,spencer strider,MLB,pitcher_strikeouts,player_prop,pitcher_k,ATL,BOS,BetMGM,betmgm,990789f1b2f666667f7dad0fe7d8b8b8,Over,over,6.5,110,MLB|pitcher_strikeouts|name:spencer strider|over|6.5,MLB|pitcher_strikeouts|name:spencer strider|over|6.5|betmgm,xgboost_champion,champion,pitcher_k_model_v1,mlb_pitcher_props_policy_v1,4.860576152801514,4.860576152801514,1.5245780098269126,8.196574295776115,3.335998142974601,-1.6394238471984863,False,,,,5,,,2026-05-27T10:46:56.053157-04:00,current_workflow
2026-05-26|ridge_challenger|2026-05-26|MLB|pitcher_strikeouts|name:spencer strider|over|6.5|draftkings,2026-05-26|MLB|pitcher_strikeouts|name:spencer strider|over|6.5|draftkings,2026-05-26,spencer strider,mlbam_player:675911,mlbam_player:675911,675911,mlbam_player,spencer strider,MLB,pitcher_strikeouts,player_prop,pitcher_k,ATL,BOS,DraftKings,draftkings,990789f1b2f666667f7dad0fe7d8b8b8,Over,over,6.5,119,MLB|pitcher_strikeouts|name:spencer strider|over|6.5,MLB|pitcher_strikeouts|name:spencer strider|over|6.5|draftkings,ridge_challenger,challenger,single_stage_direct_count_regression_ridge_shadow_alpha_0.01,mlb_pitcher_props_policy_v1,4.814432364050645,4.814432364050645,1.4199935379631277,8.208871190138161,3.394438826087517,-1.6855676359493552,False,,,,5,,,2026-05-27T10:46:56.053157-04:00,current_workflow
2026-05-26|xgboost_champion|2026-05-26|MLB|pitcher_strikeouts|name:spencer strider|over|6.5|draftkings,2026-05-26|MLB|pitcher_strikeouts|name:spencer strider|over|6.5|draftkings,2026-05-26,spencer strider,mlbam_player:675911,mlbam_player:675911,675911,mlbam_player,spencer strider,MLB,pitcher_strikeouts,player_prop,pitcher_k,ATL,BOS,DraftKings,draftkings,990789f1b2f666667f7dad0fe7d8b8b8,Over,over,6.5,119,MLB|pitcher_strikeouts|name:spencer strider|over|6.5,MLB|pitcher_strikeouts|name:spencer strider|over|6.5|draftkings,xgboost_champion,champion,pitcher_k_model_v1,mlb_pitcher_props_policy_v1,4.860576152801514,4.860576152801514,1.5245780098269126,8.196574295776115,3.335998142974601,-1.6394238471984863,False,,,,5,,,2026-05-27T10:46:56.053157-04:00,current_workflow
2026-05-26|ridge_challenger|2026-05-26|MLB|pitcher_strikeouts|name:spencer strider|over|6.5|fanduel,2026-05-26|MLB|pitcher_strikeouts|name:spencer strider|over|6.5|fanduel,2026-05-26,spencer strider,mlbam_player:675911,mlbam_player:675911,675911,mlbam_player,spencer strider,MLB,pitcher_strikeouts,player_prop,pitcher_k,ATL,BOS,FanDuel,fanduel,990789f1b2f666667f7dad0fe7d8b8b8,Over,over,6.5,114,MLB|pitcher_strikeouts|name:spencer strider|over|6.5,MLB|pitcher_strikeouts|name:spencer strider|over|6.5|fanduel,ridge_challenger,challenger,single_stage_direct_count_regression_ridge_shadow_alpha_0.01,mlb_pitcher_props_policy_v1,4.814432364050645,4.814432364050645,1.4199935379631277,8.208871190138161,3.394438826087517,-1.6855676359493552,False,,,,5,,,2026-05-27T10:46:56.053157-04:00,current_workflow
2026-05-26|xgboost_champion|2026-05-26|MLB|pitcher_strikeouts|name:spencer strider|over|6.5|fanduel,2026-05-26|MLB|pitcher_strikeouts|name:spencer strider|over|6.5|fanduel,2026-05-26,spencer strider,mlbam_player:675911,mlbam_player:675911,675911,mlbam_player,spencer strider,MLB,pitcher_strikeouts,player_prop,pitcher_k,ATL,BOS,FanDuel,fanduel,990789f1b2f666667f7dad0fe7d8b8b8,Over,over,6.5,114,MLB|pitcher_strikeouts|name:spencer strider|over|6.5,MLB|pitcher_strikeouts|name:spencer strider|over|6.5|fanduel,xgboost_champion,champion,pitcher_k_model_v1,mlb_pitcher_props_policy_v1,4.860576152801514,4.860576152801514,1.5245780098269126,8.196574295776115,3.335998142974601,-1.6394238471984863,False,,,,5,,,2026-05-27T10:46:56.053157-04:00,current_workflow
2026-05-26|ridge_challenger|2026-05-26|MLB|pitcher_strikeouts|name:spencer strider|under|6.5|betmgm,2026-05-26|MLB|pitcher_strikeouts|name:spencer strider|under|6.5|betmgm,2026-05-26,spencer strider,mlbam_player:675911,mlbam_player:675911,675911,mlbam_player,spencer strider,MLB,pitcher_strikeouts,player_prop,pitcher_k,ATL,BOS,BetMGM,betmgm,990789f1b2f666667f7dad0fe7d8b8b8,Under,under,6.5,-150,MLB|pitcher_strikeouts|name:spencer strider|under|6.5,MLB|pitcher_strikeouts|name:spencer strider|under|6.5|betmgm,ridge_challenger,challenger,single_stage_direct_count_regression_ridge_shadow_alpha_0.01,mlb_pitcher_props_policy_v1,4.814432364050645,4.814432364050645,1.4199935379631277,8.208871190138161,3.394438826087517,1.6855676359493552,True,3.0,official,high,5,W,0.6666666666666666,2026-05-27T10:46:56.053157-04:00,current_workflow
2026-05-26|xgboost_champion|2026-05-26|MLB|pitcher_strikeouts|name:spencer strider|under|6.5|betmgm,2026-05-26|MLB|pitcher_strikeouts|name:spencer strider|under|6.5|betmgm,2026-05-26,spencer strider,mlbam_player:675911,mlbam_player:675911,675911,mlbam_player,spencer strider,MLB,pitcher_strikeouts,player_prop,pitcher_k,ATL,BOS,BetMGM,betmgm,990789f1b2f666667f7dad0fe7d8b8b8,Under,under,6.5,-150,MLB|pitcher_strikeouts|name:spencer strider|under|6.5,MLB|pitcher_strikeouts|name:spencer strider|under|6.5|betmgm,xgboost_champion,champion,pitcher_k_model_v1,mlb_pitcher_props_policy_v1,4.860576152801514,4.860576152801514,1.5245780098269126,8.196574295776115,3.335998142974601,1.6394238471984863,True,2.0,official,high,5,W,0.6666666666666666,2026-05-27T10:46:56.053157-04:00,current_workflow
2026-05-26|ridge_challenger|2026-05-26|MLB|pitcher_strikeouts|name:spencer strider|under|6.5|draftkings,2026-05-26|MLB|pitcher_strikeouts|name:spencer strider|under|6.5|draftkings,2026-05-26,spencer strider,mlbam_player:675911,mlbam_player:675911,675911,mlbam_player,spencer strider,MLB,pitcher_strikeouts,player_prop,pitcher_k,ATL,BOS,DraftKings,draftkings,990789f1b2f666667f7dad0fe7d8b8b8,Under,under,6.5,-152,MLB|pitcher_strikeouts|name:spencer strider|under|6.5,MLB|pitcher_strikeouts|name:spencer strider|under|6.5|draftkings,ridge_challenger,challenger,single_stage_direct_count_regression_ridge_shadow_alpha_0.01,mlb_pitcher_props_policy_v1,4.814432364050645,4.814432364050645,1.4199935379631277,8.208871190138161,3.394438826087517,1.6855676359493552,False,,,,5,,,2026-05-27T10:46:56.053157-04:00,current_workflow
2026-05-26|xgboost_champion|2026-05-26|MLB|pitcher_strikeouts|name:spencer strider|under|6.5|draftkings,2026-05-26|MLB|pitcher_strikeouts|name:spencer strider|under|6.5|draftkings,2026-05-26,spencer strider,mlbam_player:675911,mlbam_player:675911,675911,mlbam_player,spencer strider,MLB,pitcher_strikeouts,player_prop,pitcher_k,ATL,BOS,DraftKings,draftkings,990789f1b2f666667f7dad0fe7d8b8b8,Under,under,6.5,-152,MLB|pitcher_strikeouts|name:spencer strider|under|6.5,MLB|pitcher_strikeouts|name:spencer strider|under|6.5|draftkings,xgboost_champion,champion,pitcher_k_model_v1,mlb_pitcher_props_policy_v1,4.860576152801514,4.860576152801514,1.5245780098269126,8.196574295776115,3.335998142974601,1.6394238471984863,False,,,,5,,,2026-05-27T10:46:56.053157-04:00,current_workflow
2026-05-26|ridge_challenger|2026-05-26|MLB|pitcher_strikeouts|name:spencer strider|under|6.5|fanduel,2026-05-26|MLB|pitcher_strikeouts|name:spencer strider|under|6.5|fanduel,2026-05-26,spencer strider,mlbam_player:675911,mlbam_player:675911,675911,mlbam_player,spencer strider,MLB,pitcher_strikeouts,player_prop,pitcher_k,ATL,BOS,FanDuel,fanduel,990789f1b2f666667f7dad0fe7d8b8b8,Under,under,6.5,-152,MLB|pitcher_strikeouts|name:spencer strider|under|6.5,MLB|pitcher_strikeouts|name:spencer strider|under|6.5|fanduel,ridge_challenger,challenger,single_stage_direct_count_regression_ridge_shadow_alpha_0.01,mlb_pitcher_props_policy_v1,4.814432364050645,4.814432364050645,1.4199935379631277,8.208871190138161,3.394438826087517,1.6855676359493552,False,,,,5,,,2026-05-27T10:46:56.053157-04:00,current_workflow
2026-05-26|xgboost_champion|2026-05-26|MLB|pitcher_strikeouts|name:spencer strider|under|6.5|fanduel,2026-05-26|MLB|pitcher_strikeouts|name:spencer strider|under|6.5|fanduel,2026-05-26,spencer strider,mlbam_player:675911,mlbam_player:675911,675911,mlbam_player,spencer strider,MLB,pitcher_strikeouts,player_prop,pitcher_k,ATL,BOS,FanDuel,fanduel,990789f1b2f666667f7dad0fe7d8b8b8,Under,under,6.5,-152,MLB|pitcher_strikeouts|name:spencer strider|under|6.5,MLB|pitcher_strikeouts|name:spencer strider|under|6.5|fanduel,xgboost_champion,champion,pitcher_k_model_v1,mlb_pitcher_props_policy_v1,4.860576152801514,4.860576152801514,1.5245780098269126,8.196574295776115,3.335998142974601,1.6394238471984863,False,,,,5,,,2026-05-27T10:46:56.053157-04:00,current_workflow
2026-05-26|ridge_challenger|2026-05-26|MLB|pitcher_strikeouts|name:tyler mahle|over|4.5|betmgm,2026-05-26|MLB|pitcher_strikeouts|name:tyler mahle|over|4.5|betmgm,2026-05-26,tyler mahle,mlbam_player:641816,mlbam_player:641816,641816,mlbam_player,tyler mahle,MLB,pitcher_strikeouts,player_prop,pitcher_k,SF,AZ,BetMGM,betmgm,178bf0e15a0e6812cdf47d0523e51ac7,Over,over,4.5,-105,MLB|pitcher_strikeouts|name:tyler mahle|over|4.5,MLB|pitcher_strikeouts|name:tyler mahle|over|4.5|betmgm,ridge_challenger,challenger,single_stage_direct_count_regression_ridge_shadow_alpha_0.01,mlb_pitcher_props_policy_v1,4.18383798263759,4.18383798263759,1.4890466781352028,6.878629287139978,2.694791304502388,-0.3161620173624095,False,,,,3,,,2026-05-27T10:46:56.053157-04:00,current_workflow
2026-05-26|xgboost_champion|2026-05-26|MLB|pitcher_strikeouts|name:tyler mahle|over|4.5|betmgm,2026-05-26|MLB|pitcher_strikeouts|name:tyler mahle|over|4.5|betmgm,2026-05-26,tyler mahle,mlbam_player:641816,mlbam_player:641816,641816,mlbam_player,tyler mahle,MLB,pitcher_strikeouts,player_prop,pitcher_k,SF,AZ,BetMGM,betmgm,178bf0e15a0e6812cdf47d0523e51ac7,Over,over,4.5,-105,MLB|pitcher_strikeouts|name:tyler mahle|over|4.5,MLB|pitcher_strikeouts|name:tyler mahle|over|4.5|betmgm,xgboost_champion,champion,pitcher_k_model_v1,mlb_pitcher_props_policy_v1,4.014060974121094,4.014060974121094,1.3656648037632757,6.662457144478912,2.648396170357818,-0.4859390258789062,False,,,,3,,,2026-05-27T10:46:56.053157-04:00,current_workflow
2026-05-26|ridge_challenger|2026-05-26|MLB|pitcher_strikeouts|name:tyler mahle|over|4.5|draftkings,2026-05-26|MLB|pitcher_strikeouts|name:tyler mahle|over|4.5|draftkings,2026-05-26,tyler mahle,mlbam_player:641816,mlbam_player:641816,641816,mlbam_player,tyler mahle,MLB,pitcher_strikeouts,player_prop,pitcher_k,SF,AZ,DraftKings,draftkings,178bf0e15a0e6812cdf47d0523e51ac7,Over,over,4.5,-102,MLB|pitcher_strikeouts|name:tyler mahle|over|4.5,MLB|pitcher_strikeouts|name:tyler mahle|over|4.5|draftkings,ridge_challenger,challenger,single_stage_direct_count_regression_ridge_shadow_alpha_0.01,mlb_pitcher_props_policy_v1,4.18383798263759,4.18383798263759,1.4890466781352028,6.878629287139978,2.694791304502388,-0.3161620173624095,False,,,,3,,,2026-05-27T10:46:56.053157-04:00,current_workflow
2026-05-26|xgboost_champion|2026-05-26|MLB|pitcher_strikeouts|name:tyler mahle|over|4.5|draftkings,2026-05-26|MLB|pitcher_strikeouts|name:tyler mahle|over|4.5|draftkings,2026-05-26,tyler mahle,mlbam_player:641816,mlbam_player:641816,641816,mlbam_player,tyler mahle,MLB,pitcher_strikeouts,player_prop,pitcher_k,SF,AZ,DraftKings,draftkings,178bf0e15a0e6812cdf47d0523e51ac7,Over,over,4.5,-102,MLB|pitcher_strikeouts|name:tyler mahle|over|4.5,MLB|pitcher_strikeouts|name:tyler mahle|over|4.5|draftkings,xgboost_champion,champion,pitcher_k_model_v1,mlb_pitcher_props_policy_v1,4.014060974121094,4.014060974121094,1.3656648037632757,6.662457144478912,2.648396170357818,-0.4859390258789062,False,,,,3,,,2026-05-27T10:46:56.053157-04:00,current_workflow
2026-05-26|ridge_challenger|2026-05-26|MLB|pitcher_strikeouts|name:tyler mahle|over|4.5|fanduel,2026-05-26|MLB|pitcher_strikeouts|name:tyler mahle|over|4.5|fanduel,2026-05-26,tyler mahle,mlbam_player:641816,mlbam_player:641816,641816,mlbam_player,tyler mahle,MLB,pitcher_strikeouts,player_prop,pitcher_k,SF,AZ,FanDuel,fanduel,178bf0e15a0e6812cdf47d0523e51ac7,Over,over,4.5,110,MLB|pitcher_strikeouts|name:tyler mahle|over|4.5,MLB|pitcher_strikeouts|name:tyler mahle|over|4.5|fanduel,ridge_challenger,challenger,single_stage_direct_count_regression_ridge_shadow_alpha_0.01,mlb_pitcher_props_policy_v1,4.18383798263759,4.18383798263759,1.4890466781352028,6.878629287139978,2.694791304502388,-0.3161620173624095,False,,,,3,,,2026-05-27T10:46:56.053157-04:00,current_workflow
2026-05-26|xgboost_champion|2026-05-26|MLB|pitcher_strikeouts|name:tyler mahle|over|4.5|fanduel,2026-05-26|MLB|pitcher_strikeouts|name:tyler mahle|over|4.5|fanduel,2026-05-26,tyler mahle,mlbam_player:641816,mlbam_player:641816,641816,mlbam_player,tyler mahle,MLB,pitcher_strikeouts,player_prop,pitcher_k,SF,AZ,FanDuel,fanduel,178bf0e15a0e6812cdf47d0523e51ac7,Over,over,4.5,110,MLB|pitcher_strikeouts|name:tyler mahle|over|4.5,MLB|pitcher_strikeouts|name:tyler mahle|over|4.5|fanduel,xgboost_champion,champion,pitcher_k_model_v1,mlb_pitcher_props_policy_v1,4.014060974121094,4.014060974121094,1.3656648037632757,6.662457144478912,2.648396170357818,-0.4859390258789062,False,,,,3,,,2026-05-27T10:46:56.053157-04:00,current_workflow
2026-05-26|ridge_challenger|2026-05-26|MLB|pitcher_strikeouts|name:tyler mahle|under|4.5|betmgm,2026-05-26|MLB|pitcher_strikeouts|name:tyler mahle|under|4.5|betmgm,2026-05-26,tyler mahle,mlbam_player:641816,mlbam_player:641816,641816,mlbam_player,tyler mahle,MLB,pitcher_strikeouts,player_prop,pitcher_k,SF,AZ,BetMGM,betmgm,178bf0e15a0e6812cdf47d0523e51ac7,Under,under,4.5,-130,MLB|pitcher_strikeouts|name:tyler mahle|under|4.5,MLB|pitcher_strikeouts|name:tyler mahle|under|4.5|betmgm,ridge_challenger,challenger,single_stage_direct_count_regression_ridge_shadow_alpha_0.01,mlb_pitcher_props_policy_v1,4.18383798263759,4.18383798263759,1.4890466781352028,6.878629287139978,2.694791304502388,0.3161620173624095,False,,,,3,,,2026-05-27T10:46:56.053157-04:00,current_workflow
2026-05-26|xgboost_champion|2026-05-26|MLB|pitcher_strikeouts|name:tyler mahle|under|4.5|betmgm,2026-05-26|MLB|pitcher_strikeouts|name:tyler mahle|under|4.5|betmgm,2026-05-26,tyler mahle,mlbam_player:641816,mlbam_player:641816,641816,mlbam_player,tyler mahle,MLB,pitcher_strikeouts,player_prop,pitcher_k,SF,AZ,BetMGM,betmgm,178bf0e15a0e6812cdf47d0523e51ac7,Under,under,4.5,-130,MLB|pitcher_strikeouts|name:tyler mahle|under|4.5,MLB|pitcher_strikeouts|name:tyler mahle|under|4.5|betmgm,xgboost_champion,champion,pitcher_k_model_v1,mlb_pitcher_props_policy_v1,4.014060974121094,4.014060974121094,1.3656648037632757,6.662457144478912,2.648396170357818,0.4859390258789062,False,,,,3,,,2026-05-27T10:46:56.053157-04:00,current_workflow
2026-05-26|ridge_challenger|2026-05-26|MLB|pitcher_strikeouts|name:tyler mahle|under|4.5|draftkings,2026-05-26|MLB|pitcher_strikeouts|name:tyler mahle|under|4.5|draftkings,2026-05-26,tyler mahle,mlbam_player:641816,mlbam_player:641816,641816,mlbam_player,tyler mahle,MLB,pitcher_strikeouts,player_prop,pitcher_k,SF,AZ,DraftKings,draftkings,178bf0e15a0e6812cdf47d0523e51ac7,Under,under,4.5,-125,MLB|pitcher_strikeouts|name:tyler mahle|under|4.5,MLB|pitcher_strikeouts|name:tyler mahle|under|4.5|draftkings,ridge_challenger,challenger,single_stage_direct_count_regression_ridge_shadow_alpha_0.01,mlb_pitcher_props_policy_v1,4.18383798263759,4.18383798263759,1.4890466781352028,6.878629287139978,2.694791304502388,0.3161620173624095,False,,,,3,,,2026-05-27T10:46:56.053157-04:00,current_workflow
2026-05-26|xgboost_champion|2026-05-26|MLB|pitcher_strikeouts|name:tyler mahle|under|4.5|draftkings,2026-05-26|MLB|pitcher_strikeouts|name:tyler mahle|under|4.5|draftkings,2026-05-26,tyler mahle,mlbam_player:641816,mlbam_player:641816,641816,mlbam_player,tyler mahle,MLB,pitcher_strikeouts,player_prop,pitcher_k,SF,AZ,DraftKings,draftkings,178bf0e15a0e6812cdf47d0523e51ac7,Under,under,4.5,-125,MLB|pitcher_strikeouts|name:tyler mahle|under|4.5,MLB|pitcher_strikeouts|name:tyler mahle|under|4.5|draftkings,xgboost_champion,champion,pitcher_k_model_v1,mlb_pitcher_props_policy_v1,4.014060974121094,4.014060974121094,1.3656648037632757,6.662457144478912,2.648396170357818,0.4859390258789062,True,14.0,lean,low,3,W,0.8,2026-05-27T10:46:56.053157-04:00,current_workflow
2026-05-26|ridge_challenger|2026-05-26|MLB|pitcher_strikeouts|name:tyler mahle|under|4.5|fanduel,2026-05-26|MLB|pitcher_strikeouts|name:tyler mahle|under|4.5|fanduel,2026-05-26,tyler mahle,mlbam_player:641816,mlbam_player:641816,641816,mlbam_player,tyler mahle,MLB,pitcher_strikeouts,player_prop,pitcher_k,SF,AZ,FanDuel,fanduel,178bf0e15a0e6812cdf47d0523e51ac7,Under,under,4.5,-134,MLB|pitcher_strikeouts|name:tyler mahle|under|4.5,MLB|pitcher_strikeouts|name:tyler mahle|under|4.5|fanduel,ridge_challenger,challenger,single_stage_direct_count_regression_ridge_shadow_alpha_0.01,mlb_pitcher_props_policy_v1,4.18383798263759,4.18383798263759,1.4890466781352028,6.878629287139978,2.694791304502388,0.3161620173624095,False,,,,3,,,2026-05-27T10:46:56.053157-04:00,current_workflow
2026-05-26|xgboost_champion|2026-05-26|MLB|pitcher_strikeouts|name:tyler mahle|under|4.5|fanduel,2026-05-26|MLB|pitcher_strikeouts|name:tyler mahle|under|4.5|fanduel,2026-05-26,tyler mahle,mlbam_player:641816,mlbam_player:641816,641816,mlbam_player,tyler mahle,MLB,pitcher_strikeouts,player_prop,pitcher_k,SF,AZ,FanDuel,fanduel,178bf0e15a0e6812cdf47d0523e51ac7,Under,under,4.5,-134,MLB|pitcher_strikeouts|name:tyler mahle|under|4.5,MLB|pitcher_strikeouts|name:tyler mahle|under|4.5|fanduel,xgboost_champion,champion,pitcher_k_model_v1,mlb_pitcher_props_policy_v1,4.014060974121094,4.014060974121094,1.3656648037632757,6.662457144478912,2.648396170357818,0.4859390258789062,False,,,,3,,,2026-05-27T10:46:56.053157-04:00,current_workflow
